Title,Author,Primary_Author,Author_Count,Genre,All_Genres,Genre_Detail,Publish_Year,Decade,Era,Book_Age,Edition_Count,Popularity_Tier,Ebook_Available,Average_Rating,Rating_Count,Page_Count,Page_Count_Imputed,Length_Category,Want_To_Read_Count,Currently_Reading_Count,Already_Read_Count,Total_Readers,Completion_Rate,Author_Birth_Date,Author_Birth_Year,Author_Death_Date,Author_Death_Year,Author_Status,Author_Age_At_Publish,Author_Bio,Is_Enriched,Open_Library_Key
A Hat Full of Sky,Terry Pratchett,Terry Pratchett,1,Fantasy,Fantasy,"Discworld (Imaginary place), Fairies, Fairies in fiction",2004,2000,2000+,22,48,Popular,True,,,,False,,,,,,,,,,,Unknown,,Not available,False,/works/OL453737W
A Midsummer Night's Dream,William Shakespeare,William Shakespeare,1,Fantasy,Fantasy,"Drama, Courtship, Plays",1600,1600,Pre-1900,426,1505,Classic/Bestseller,True,,,,False,,,,,,,,,,,Unknown,,Not available,False,/works/OL259010W
A Prisoner in Fairyland,Algernon Blackwood,Algernon Blackwood,1,Fantasy,Fantasy,"Fantasy, Fiction, Classic Literature",1913,1910,1900–1949,113,76,Popular,True,,,,False,,,,,,,,,,,Unknown,,Not available,False,/works/OL2700648W
A Storm of Swords,George R. R. Martin,George R. R. Martin,1,Fantasy,Fantasy,"New York Times bestseller, Nyt:mass_market_paperback=2011-06-04, Seven Kingdoms (Imaginary place)",2000,2000,2000+,26,57,Popular,True,,,,False,,,,,,,,,,,Unknown,,Not available,False,/works/OL257914W
A thin ghost and others,Montague Rhodes James,Montague Rhodes James,1,Fantasy,Fantasy,"Classic Literature, English Ghost stories, Fantasy",1919,1910,1900–1949,107,59,Popular,True,,,,False,,,,,,,,,,,Unknown,,Not available,False,/works/OL707922W
Adela Cathcart,George MacDonald,George MacDonald,1,Fantasy,Fantasy,"Fantasy, General & Literary Fiction, Fiction - Fantasy",1864,1860,Pre-1900,162,61,Popular,True,,,,False,,,,,,,,,,,Unknown,,Not available,False,/works/OL15413W
Alice's Adventures in Wonderland / Through the Looking Glass,Lewis Carroll,Lewis Carroll,1,Fantasy,Fantasy,"Adventure and adventurers, Fiction, Adventure stories",1889,1880,Pre-1900,137,545,Classic/Bestseller,True,,,,False,,,,,,,,,,,Unknown,,Not available,False,/works/OL151411W
Anansi Boys,Neil Gaiman,Neil Gaiman,1,Fantasy,Fantasy,"Action and adventure fiction, Adventure fiction, Adventure stories",2005,2000,2000+,21,43,Popular,True,,,,False,,,,,,,1960-11-10,1960,,,Living,45,"Neil Richard MacKinnon Gaiman born Neil Richard Gaiman, 10 November 1960) is an English author of short fiction, novels, comic books, graphic novels, audio theatre, and films. His notable works include the comic book series The Sandman and novels Stardust, American Gods, Coraline, and The Graveyard ",False,/works/OL679266W
Artemis Fowl,Eoin Colfer,Eoin Colfer,1,Fantasy,Fantasy,"Artemis Fowl, Eoin Colfer, Fairies",1999,1990,1950–1999,27,93,Popular,True,,,,False,,,,,,,,,,,Unknown,,Not available,False,/works/OL5725956W
Assassin of Gor,John Norman,John Norman,1,Fantasy,Fantasy,"CollectionID:Sleazy_pulp, Fiction, Fantasy, Epic, Science fiction, Action & adventure",1970,1970,1950–1999,56,41,Popular,False,,,,False,,,,,,,,,,,Unknown,,Not available,False,/works/OL172993W
Baum's American Fairy Tales,L. Frank Baum,L. Frank Baum,1,Fantasy,Fantasy,"Children's stories, American, Juvenile Fiction, Fiction",1901,1900,1900–1949,125,514,Classic/Bestseller,True,,,,False,,,,,,,,,,,Unknown,,Not available,False,/works/OL262341W
Bridge to Terabithia,Katherine Paterson,Katherine Paterson,1,Fantasy,Fantasy,"Amistad, Children's stories, Death",1972,1970,1950–1999,54,103,Classic/Bestseller,True,,,,False,,,,,,,,,,,Unknown,,Not available,False,/works/OL27079W
Brisingr,Christopher Paolini,Christopher Paolini,1,Fantasy,Fantasy,"Fiction, Juvenile Fiction, New York Times bestseller",2004,2000,2000+,22,53,Popular,True,,,,False,,,,,,,,,,,Unknown,,Not available,False,/works/OL5819884W
Brood of the Witch-Queen,Sax Rohmer,Sax Rohmer,1,Fantasy,Fantasy,"Fantasy, Fiction, Horror",1924,1920,1900–1949,102,194,Classic/Bestseller,True,,,,False,,,,,,,,,,,Unknown,,Not available,False,/works/OL2288676W
Charlie and the Chocolate Factory,Roald Dahl,Roald Dahl,1,Fantasy,Fantasy,"Childrens Media Tie-In Books, Children's Middle Grade Action & Adventure Books, Children's Picture Books",1964,1960,1950–1999,62,244,Classic/Bestseller,True,,,,False,,,,,,,,,,,Unknown,,Not available,False,/works/OL45790W
Charlotte's Web,E. B. White,E. B. White,1,Fantasy,Fantasy,"Farm life, Animals, Juvenile fiction",1952,1950,1950–1999,74,211,Classic/Bestseller,True,,,,False,,,,,,,,,,,Unknown,,Not available,False,/works/OL483391W
Charmed Life,Diana Wynne Jones,Diana Wynne Jones,1,Fantasy,Fantasy,"Children's fiction, Fantasy fiction, Brothers and sisters",1977,1970,1950–1999,49,45,Popular,True,,,,False,,,,,,,,,,,Unknown,,Not available,False,/works/OL60091W
"Chitty-Chitty-Bang-Bang, the magical car",Ian Fleming,Ian Fleming,1,Fantasy,Fantasy,"Automobiles, Children's stories, Juvenile fiction",1964,1960,1950–1999,62,83,Popular,True,,,,False,,,,,,,1935,1935,,,Living,29,"Ian Fleming is an English organic chemist, and an emeritus professor of the University of Cambridge, and an emeritus fellow of Pembroke College, Cambridge. He was the first to determine the full structure of chlorophyll (in 1967) and was involved in the development of the synthesis of cyanocobalamin",False,/works/OL85731W
Cien años de soledad,Gabriel García Márquez,Gabriel García Márquez,1,Fantasy,Fantasy,"Spanish language books, Fiction, Social conditions",1967,1960,1950–1999,59,208,Classic/Bestseller,True,,,,False,,,,,,,1927-03-06,1927,2014-04-17,2014,Deceased,40,"Gabriel García Márquez is a Colombian novelist, short-story writer, screenwriter and journalist. García Márquez, affectionately known as ""Gabo"" throughout Latin America, is considered one of the most significant authors of the 20th century. In 1982, he was awarded the Nobel Prize in Literature. He p",False,/works/OL274505W
Coraline,Neil Gaiman,Neil Gaiman,1,Fantasy,Fantasy,"Fantasy, Paranormal fiction, Juvenile fiction",2001,2000,2000+,25,94,Popular,True,,,,False,,,,,,,1960-11-10,1960,,,Living,41,"Neil Richard MacKinnon Gaiman born Neil Richard Gaiman, 10 November 1960) is an English author of short fiction, novels, comic books, graphic novels, audio theatre, and films. His notable works include the comic book series The Sandman and novels Stardust, American Gods, Coraline, and The Graveyard ",False,/works/OL679358W
Corduroy,Don Freeman,Don Freeman,1,Fantasy,Fantasy,"Chinese language materials, Corduroy (Fictitions character), Day",1968,1960,1950–1999,58,57,Popular,True,,,,False,,,,,,,,,,,Unknown,,Not available,False,/works/OL4114525W
Danny and the Dinosaur,Syd Hoff,Syd Hoff,1,Fantasy,Fantasy,"Dinosaurios, Juvenile fiction, Fiction",1958,1950,1950–1999,68,43,Popular,True,,,,False,,,,,,,,,,,Unknown,,Not available,False,/works/OL106091W
"Dead Until Dark (Sookie Stackhouse, #1)",Charlaine Harris,Charlaine Harris,1,Fantasy,Fantasy,"Vampires, Cocktail servers, Telepathy",2001,2000,2000+,25,38,Popular,True,,,336.0,False,Medium (200–350),202.0,1.0,57.0,260.0,0.983,1951-11-25,1951,,,Living,50,American writer,True,/works/OL82374W
Die unendliche Geschichte,Michael Ende,Michael Ende,1,Fantasy,Fantasy,"Imaginary Voyages, Bien y mal, Adventure and adventurers",1979,1970,1950–1999,47,57,Popular,True,,,,False,,,,,,,,,,,Unknown,,Not available,False,/works/OL2271589W
Dinosaurs Before Dark,Mary Pope Osborne,Mary Pope Osborne,1,Fantasy,Fantasy,"Fiction, Juvenile fiction, Magic",1992,1990,1950–1999,34,58,Popular,True,,,,False,,,,,,,,,,,Unknown,,Not available,False,/works/OL81773W
Doctor Dolittle in the moon,Hugh Lofting,Hugh Lofting,1,Fantasy,Fantasy,"Animals, Children's stories, English, Juvenile fiction",1928,1920,1900–1949,98,66,Popular,True,,,,False,,,,,,,,,,,Unknown,,Not available,False,/works/OL1449084W
Doctor Dolittle's garden,Hugh Lofting,Hugh Lofting,1,Fantasy,Fantasy,"Juvenile fiction, Animals, Veterinarians",1927,1920,1900–1949,99,55,Popular,True,,,,False,,,,,,,,,,,Unknown,,Not available,False,/works/OL1449080W
Doctor Dolittle's post office,Hugh Lofting,Hugh Lofting,1,Fantasy,Fantasy,"Children's stories, Juvenile fiction, Animals",1923,1920,1900–1949,103,66,Popular,True,,,,False,,,,,,,,,,,Unknown,,Not available,False,/works/OL1449087W
Doctor Doolittle's circus,Hugh Lofting,Hugh Lofting,1,Fantasy,Fantasy,"Juvenile fiction, Circus, Animals",1924,1920,1900–1949,102,71,Popular,True,,,,False,,,,,,,,,,,Unknown,,Not available,False,/works/OL1449027W
Don Rodriguez,Lord Dunsany,Lord Dunsany,1,Fantasy,Fantasy,"Fantasy, Fiction, Science Fiction & Fantasy",1922,1920,1900–1949,104,67,Popular,True,,,,False,,,,,,,,,,,Unknown,,Not available,False,/works/OL8199785W
Dorothy and the Wizard in Oz,L. Frank Baum,L. Frank Baum,1,Fantasy,Fantasy,"Fairy tales, Fiction, Oz (Imaginary place)",1908,1900,1900–1949,118,622,Classic/Bestseller,True,,,,False,,,,,,,,,,,Unknown,,Not available,False,/works/OL18412W
Drachenreiter,Cornelia Funke,Cornelia Funke,1,Fantasy,Fantasy,"Germanic literature, Littérature de jeunesse anglaise, Fantasy fiction",2000,2000,2000+,26,38,Popular,True,,,,False,,,,,,,,,,,Unknown,,Not available,False,/works/OL941672W
Eldest,Christopher Paolini,Christopher Paolini,1,Fantasy,Fantasy,"Fantasy, Youths' writings, Dragons",2005,2000,2000+,21,73,Popular,True,,,,False,,,,,,,,,,,Unknown,,Not available,False,/works/OL5819886W
Eric,Terry Pratchett,Terry Pratchett,1,Fantasy,Fantasy,"Fiction, Fantasy, General, Rincewind the wizard (fictitious character), Discworld (imaginary place)",1990,1990,1950–1999,36,40,Popular,True,,,,False,,,,,,,,,,,Unknown,,Not available,False,/works/OL453718W
Everything's Eventual. 14 Dark Tales,Stephen King,Stephen King,1,Fantasy,Fantasy,"Apple computers, Dementia, Fantasy",2002,2000,2000+,24,61,Popular,True,,,,False,,,,,,,,,,,Unknown,,Not available,False,/works/OL81584W
Farmer Giles of Ham,J.R.R. Tolkien,J.R.R. Tolkien,1,Fantasy,Fantasy,"English Fantasy fiction, Fiction, Fantasy",1949,1940,1900–1949,77,57,Popular,True,,,,False,,,,,,,,,,,Unknown,,Not available,False,/works/OL27517W
Fifty-one tales,Lord Dunsany,Lord Dunsany,1,Fantasy,Fantasy,"English Fantasy fiction, Fantasy, Fiction",1915,1910,1900–1949,111,179,Classic/Bestseller,True,,,,False,,,,,,,,,,,Unknown,,Not available,False,/works/OL83881W
Figures of Earth,James Branch Cabell,James Branch Cabell,1,Fantasy,Fantasy,"Fiction, Fantasy, General, Poictesme (imaginary place), Wit and humor",1921,1920,1900–1949,105,92,Popular,True,,,,False,,,,,,,,,,,Unknown,,Not available,False,/works/OL6585787W
Five Children and It,Edith Nesbit,Edith Nesbit,1,Fantasy,Fantasy,"Fiction, Fairies, Wishes",1905,1900,1900–1949,121,950,Classic/Bestseller,True,,,,False,,,,,,,,,,,Unknown,,Not available,False,/works/OL99499W
Flat Stanley,"Jeff Brown, Jon Mitchell, Tomi Ungerer, Tony Ross",Jeff Brown,4,Fantasy,Fantasy,"Humorous stories, Art thieves, Juvenile fiction",1964,1960,1950–1999,62,52,Popular,True,,,,False,,,,,,,,,,,Unknown,,Not available,False,/works/OL15891846W
Freaky Friday (Cascades),Mary Rodgers,Mary Rodgers,1,Fantasy,Fantasy,"Children's fiction, Mothers and daughters, Fiction",1972,1970,1950–1999,54,38,Popular,True,3.6,5.0,145.0,False,Short (<200),79.0,4.0,11.0,94.0,0.733,1931,1931,2014,2014,Deceased,41,"Mary Rodgers (January 11, 1931 – June 26, 2014) was an American composer, screenwriter, and author. She wrote the novel Freaky Friday, which served as the basis of a 1976 film starring Jodie Foster, for which she wrote the screenplay, as well as three other versions. Her best-known musicals were Onc",True,/works/OL529408W
Frostgrave,Joseph A. McCullough,Joseph A. McCullough,1,Fantasy,Fantasy,"War games, Fantasy games, Video games",2015,2010,2000+,11,39,Popular,True,4.0,1.0,,False,,,,,,,1976,1976,,,Living,39,Not available,False,/works/OL20522213W
Glinda of Oz,L. Frank Baum,L. Frank Baum,1,Fantasy,Fantasy,"Fiction, Fantasy, Children's stories",1920,1920,1900–1949,106,454,Classic/Bestseller,True,,,,False,,,,,,,,,,,Unknown,,Not available,False,/works/OL262391W
Good Omens,"Terry Pratchett, Neil Gaiman",Terry Pratchett,2,Fantasy,Fantasy,"End of the world, Humorous, Fantasy fiction",1990,1990,1950–1999,36,73,Popular,True,,,,False,,,,,,,,,,,Unknown,,Not available,False,/works/OL453936W
Gregor the Overlander,Suzanne Collins,Suzanne Collins,1,Fantasy,Fantasy,"Children's fiction, Adventure and adventurers, Fiction, Animals",2003,2000,2000+,23,41,Popular,True,,,,False,,,,,,,,,,,Unknown,,Not available,False,/works/OL5735348W
Guards! Guards!,Terry Pratchett,Terry Pratchett,1,Fantasy,Fantasy,"Fiction in Spanish, Discworld (Imaginary Place), Samuel Vimes (Fictitious character)",1989,1980,1950–1999,37,58,Popular,True,,,,False,,,,,,,,,,,Unknown,,Not available,False,/works/OL453735W
Gulliver's Travels,Jonathan Swift,Jonathan Swift,1,Fantasy,Fantasy,"YA, Young adult, Juvenile",1726,1720,Pre-1900,300,1810,Classic/Bestseller,True,,,,False,,,,,,,,,,,Unknown,,Not available,False,/works/OL20600W
Haroun and the Sea of Stories,Salman Rushdie,Salman Rushdie,1,Fantasy,Fantasy,"Hindi Short stories, Short stories, Adventure",1990,1990,1950–1999,36,47,Popular,True,,,,False,,,,,,,,,,,Unknown,,Not available,False,/works/OL457172W
Harry Potter and the Chamber of Secrets,J. K. Rowling,J. K. Rowling,1,Fantasy,Fantasy,"Series:Harry_Potter, Fantasy fiction, School stories",1998,1990,1950–1999,28,306,Classic/Bestseller,True,,,,False,,,,,,,,,,,Unknown,,Not available,False,/works/OL82537W
Harry Potter and the Goblet of Fire,J. K. Rowling,J. K. Rowling,1,Fantasy,Fantasy,"Orphans, Foster homes, Waisenkind",2000,2000,2000+,26,243,Classic/Bestseller,True,,,,False,,,,,,,,,,,Unknown,,Not available,False,/works/OL82560W
Harry Potter and the Half-Blood Prince,J. K. Rowling,J. K. Rowling,1,Fantasy,Fantasy,"Orphans, Foster homes, Romans",2005,2000,2000+,21,177,Classic/Bestseller,True,,,,False,,,,,,,,,,,Unknown,,Not available,False,/works/OL82565W
Harry Potter and the Order of the Phoenix,J. K. Rowling,J. K. Rowling,1,Fantasy,Fantasy,"Children's Books/Ages 9-12 Fiction, Witches and warlocks, Juvenile audience",2003,2000,2000+,23,247,Classic/Bestseller,True,,,,False,,,,,,,,,,,Unknown,,Not available,False,/works/OL82548W
Harry Potter and the Prisoner of Azkaban,J. K. Rowling,J. K. Rowling,1,Fantasy,Fantasy,"Fantasy fiction, Orphans, Foster homes",1999,1990,1950–1999,27,279,Classic/Bestseller,True,,,,False,,,,,,,,,,,Unknown,,Not available,False,/works/OL82536W
His Dark Materials,Philip Pullman,Philip Pullman,1,Fantasy,Fantasy,"Children's fiction, Fantasy fiction, Belacqua, Lyra (fictitious character), Fiction",2000,2000,2000+,26,40,Popular,True,,,,False,,,,,,,,,,,Unknown,,Not available,False,/works/OL28986W
Hogfather,Terry Pratchett,Terry Pratchett,1,Fantasy,Fantasy,"Fiction, Wizards, Discworld (Imaginary place)",1996,1990,1950–1999,30,40,Popular,True,,,,False,,,,,,,,,,,Unknown,,Not available,False,/works/OL453662W
How the Grinch Stole Christmas!,"Dr. Seuss, Rik Mayall",Dr. Seuss,2,Fantasy,Fantasy,"Christmas stories.sh, Pictorial works, Juvenile fiction",1957,1950,1950–1999,69,42,Popular,True,,,,False,,,,,,,,,,,Unknown,,Not available,False,/works/OL261169W
Hänsel und Gretel,Gebrüder Grimm [Brothers Grimm],Gebrüder Grimm [Brothers Grimm],1,Fantasy,Fantasy,"Fairy tales, Folklore, Children: Grades 2-3",,,,,84,Popular,True,,,,False,,,,,,,,,,,Unknown,,Not available,False,/works/OL15227626W
In the Night Kitchen,Maurice Sendak,Maurice Sendak,1,Fantasy,Fantasy,"Fantasy, Picture books for children, Picture books",1889,1880,Pre-1900,137,41,Popular,True,,,,False,,,,,,,,,,,Unknown,,Not available,False,/works/OL2568868W
Indian Fairy Tales,"Joseph Jacobs, John D Batten, Gloria Cardew, John Dickson Batten",Joseph Jacobs,4,Fantasy,Fantasy,"Fantasy, Fiction, Mythology",1892,1890,Pre-1900,134,73,Popular,True,,,,False,,,,,,,,,,,Unknown,,Not available,False,/works/OL240336W
Inheritance,Christopher Paolini,Christopher Paolini,1,Fantasy,Fantasy,"Fantasy, Dragons, Fiction",2010,2010,2000+,16,38,Popular,True,3.74,58.0,880.0,False,Epic (500+),239.0,6.0,116.0,361.0,0.951,,,,,Unknown,,Not available,True,/works/OL16175854W
Interesting Times,Terry Pratchett,Terry Pratchett,1,Fantasy,Fantasy,"Fantasy fiction, Discworld (Imaginary place), Fiction",1994,1990,1950–1999,32,45,Popular,True,,,,False,,,,,,,,,,,Unknown,,Not available,False,/works/OL453707W
Into the Wild,Erin Hunter,Erin Hunter,1,Fantasy,Fantasy,"Kinderbuch ab 10 Jahren, Fantasy, Katzen",2003,2000,2000+,23,48,Popular,True,,,,False,,,,,,,,,,,Unknown,,Not available,False,/works/OL265501W
James and the Giant Peach,Roald Dahl,Roald Dahl,1,Fantasy,Fantasy,"Christian Books, Roald Dahl, Children",1961,1960,1950–1999,65,166,Classic/Bestseller,True,,,,False,,,,,,,,,,,Unknown,,Not available,False,/works/OL45809W
John Dough and the cherub,L. Frank Baum,L. Frank Baum,1,Fantasy,Fantasy,"Fantasy, Children, Fiction, Children's fiction",1906,1900,1900–1949,120,39,Popular,True,,,,False,,,,,,,,,,,Unknown,,Not available,False,/works/OL18395W
Jonathan Livingston Le Goeland,Richard Bach,Richard Bach,1,Fantasy,Fantasy,"Gaviotas, Gulls",1970,1970,1950–1999,56,108,Classic/Bestseller,True,,,,False,,,,,,,,,,,Unknown,,Not available,False,/works/OL62073W
Jonathan Strange and Mr. Norrell,Susanna Clarke,Susanna Clarke,1,Fantasy,Fantasy,"England, Fiction, Historical, General",2001,2000,2000+,25,51,Popular,True,,,,False,,,,,,,,,,,Unknown,,Not available,False,/works/OL5703422W
Jurgen,James Branch Cabell,James Branch Cabell,1,Fantasy,Fantasy,"Classic Literature, Fantasy, Fiction",1919,1910,1900–1949,107,259,Classic/Bestseller,True,,,,False,,,,,,,,,,,Unknown,,Not available,False,/works/OL6585796W
La Petite Sirene (French Well Loved Tales),"Hans Christian Andersen, Yayoi Kusama, Bernadette Watts",Hans Christian Andersen,3,Fantasy,Fantasy,"Contes danois, Fairy tales, Mermaids",1935,1930,1900–1949,91,54,Popular,True,,,,False,,,,,,,,,,,Unknown,,Not available,False,/works/OL15049633W
Le avventure di Pinocchio,Carlo Collodi,Carlo Collodi,1,Fantasy,Fantasy,"Fantasy, Puppets, Fiction",1883,1880,Pre-1900,143,431,Classic/Bestseller,True,,,,False,,,,,,,,,,,Unknown,,Not available,False,/works/OL1527356W
Le chat botté,Charles Perrault,Charles Perrault,1,Fantasy,Fantasy,"Children, Juvenile, Fiction",1865,1860,Pre-1900,161,66,Popular,True,,,,False,,,,,,,,,,,Unknown,,Not available,False,/works/OL23867W
Le petit prince,Antoine de Saint-Exupéry,Antoine de Saint-Exupéry,1,Fantasy,Fantasy,"Adventure, Fantasy, Friendship",1943,1940,1900–1949,83,689,Classic/Bestseller,True,,,,False,,,,,,,,,,,Unknown,,Not available,False,/works/OL10263W
Little Wizard stories of Oz,L. Frank Baum,L. Frank Baum,1,Fantasy,Fantasy,"Fantasy, Short stories, Children's stories, American",1914,1910,1900–1949,112,124,Classic/Bestseller,True,,,,False,,,,,,,,,,,Unknown,,Not available,False,/works/OL18394W
Lords and Ladies,Terry Pratchett,Terry Pratchett,1,Fantasy,Fantasy,"Fiction, Discworld (Imaginary place), Fantasy",1992,1990,1950–1999,34,51,Popular,True,,,,False,,,,,,,,,,,Unknown,,Not available,False,/works/OL453787W
Lost Horizon,James Hilton,James Hilton,1,Fantasy,Fantasy,"Fiction, Survival after airplane accidents, Shipwrecks, Utopias",1933,1930,1900–1949,93,130,Classic/Bestseller,True,,,,False,,,,,,,,,,,Unknown,,Not available,False,/works/OL2455093W
Mary Poppins,Pamela L. Travers,Pamela L. Travers,1,Fantasy,Fantasy,"Magic, Translations into Thai, Children's stories, Thai",1934,1930,1900–1949,92,109,Classic/Bestseller,True,,,,False,,,,,,,,,,,Unknown,,Not available,False,/works/OL262141W
Mary Poppins Opens the Door,"Pamela L. Travers, Mary Shepard, Agnes Sims",Pamela L. Travers,3,Fantasy,Fantasy,"Fantasy, Juvenile fiction, Children's stories, English",1943,1940,1900–1949,83,40,Popular,True,,,,False,,,,,,,,,,,Unknown,,Not available,False,/works/OL262143W
Mary Poppins comes back,"Pamela L. Travers, Mary Shepard",Pamela L. Travers,2,Fantasy,Fantasy,"Juvenile fiction, Children's stories, English, Magic",1935,1930,1900–1949,91,47,Popular,True,,,,False,,,,,,,,,,,Unknown,,Not available,False,/works/OL1737453W
Mary Poppins in the Park,Pamela L. Travers,Pamela L. Travers,1,Fantasy,Fantasy,"Nannies, Juvenile fiction, Fantasy",1934,1930,1900–1949,92,44,Popular,True,,,,False,,,,,,,,,,,Unknown,,Not available,False,/works/OL262010W
Maskerade,Terry Pratchett,Terry Pratchett,1,Fantasy,Fantasy,"Discworld (Imaginary place), Opera, Fiction",1995,1990,1950–1999,31,40,Popular,True,,,,False,,,,,,,,,,,Unknown,,Not available,False,/works/OL453777W
Mattimeo (Redwall #3),"Brian Jacques, Brajan Dzhejks",Brian Jacques,2,Fantasy,Fantasy,"Children's fiction, Mice, Fiction, Fantasy fiction",1989,1980,1950–1999,37,42,Popular,True,,,,False,,,,,,,,,,,Unknown,,Not available,False,/works/OL25672713W
Men at Arms,Terry Pratchett,Terry Pratchett,1,Fantasy,Fantasy,"Discworld (Imaginary place), Fantasy, Fiction",1993,1990,1950–1999,33,42,Popular,True,,,,False,,,,,,,,,,,Unknown,,Not available,False,/works/OL453739W
"Mio, min Mio",Astrid Lindgren,Astrid Lindgren,1,Fantasy,Fantasy,"Foster children, Juvenile fiction, Fairy tales",1956,1950,1950–1999,70,39,Popular,True,,,,False,,,,,,,,,,,Unknown,,Not available,False,/works/OL270476W
Mistress Masham's Repose,T. H. White,T. H. White,1,Fantasy,Fantasy,"Fiction, Orphans, Characters in literature",1946,1940,1900–1949,80,45,Popular,True,,,,False,,,,,,,,,,,Unknown,,Not available,False,/works/OL19283868W
"Momo oder Die seltsame Geschichte von den Zeit-Dieben und von dem Kind, das den Menschen die gestohlene Zeit zurückbrachte",Michael Ende,Michael Ende,1,Fantasy,Fantasy,"Girls, Juvenile fiction, Time",1973,1970,1950–1999,53,108,Classic/Bestseller,True,,,,False,,,,,,,,,,,Unknown,,Not available,False,/works/OL2271626W
Morning Star,H. Rider Haggard,H. Rider Haggard,1,Fantasy,Fantasy,"Fantasy, Fiction, Science Fiction & Fantasy",1910,1910,1900–1949,116,159,Classic/Bestseller,True,,,,False,,,,,,,1856-06-22,1856,1925-05-14,1925,Deceased,54,"English writer of adventure novels set in exotic locations, predominantly Africa, and a founder of the Lost World literary genre.",False,/works/OL17506W
Moving Pictures,Terry Pratchett,Terry Pratchett,1,Fantasy,Fantasy,"Fiction, Discworld (Imaginary place), Motion picture industry",1990,1990,1950–1999,36,38,Popular,True,3.75,16.0,286.0,False,Medium (200–350),21.0,1.0,33.0,55.0,0.971,,,,,Unknown,,Not available,True,/works/OL453749W
My father's dragon,Ruth S. Gannett,Ruth S. Gannett,1,Fantasy,Fantasy,"Fiction, Dragons, Animals",1948,1940,1900–1949,78,93,Popular,True,,,,False,,,,,,,,,,,Unknown,,Not available,False,/works/OL2688555W
Neverwhere,Neil Gaiman,Neil Gaiman,1,Fantasy,Fantasy,"Fiction, Underground areas, Underground homeless persons",1996,1990,1950–1999,30,46,Popular,True,,,,False,,,,,,,1960-11-10,1960,,,Living,36,"Neil Richard MacKinnon Gaiman born Neil Richard Gaiman, 10 November 1960) is an English author of short fiction, novels, comic books, graphic novels, audio theatre, and films. His notable works include the comic book series The Sandman and novels Stardust, American Gods, Coraline, and The Graveyard ",False,/works/OL679333W
Nils Holgerssons underbara resa genom Sverige,Selma Lagerlöf,Selma Lagerlöf,1,Fantasy,Fantasy,"Fairy tales, Fiction, Classic Literature",1907,1900,1900–1949,119,68,Popular,True,,,,False,,,,,,,,,,,Unknown,,Not available,False,/works/OL644990W
Nomads of Gor,"John Norman, Ralph Lister, Bruno Martin",John Norman,3,Fantasy,Fantasy,"CollectionID:Sleazy_pulp, Fantasy, Fiction",1969,1960,1950–1999,57,38,Popular,True,3.0,3.0,533.0,False,Epic (500+),20.0,1.0,4.0,25.0,0.8,,,,,Unknown,,Not available,True,/works/OL172991W
Northern Lights,Philip Pullman,Philip Pullman,1,Fantasy,Fantasy,"Political theology, Polar bears, Kidnapping",1995,1990,1950–1999,31,148,Classic/Bestseller,True,,,,False,,,,,,,,,,,Unknown,,Not available,False,/works/OL28988W
"Over Sea, Under Stone (The Dark Is Rising #1)",Susan Cooper,Susan Cooper,1,Fantasy,Fantasy,"Adventure stories, Brothers and sisters, Cornwall (England : County )",1965,1960,1950–1999,61,50,Popular,True,,,,False,,,,,,,,,,,Unknown,,Not available,False,/works/OL894247W
Ozma of Oz,L. Frank Baum,L. Frank Baum,1,Fantasy,Fantasy,"Fantasy, Children's stories, American",1907,1900,1900–1949,119,701,Classic/Bestseller,True,,,,False,,,,,,,,,,,Unknown,,Not available,False,/works/OL18415W
Peter Pan,J. M. Barrie,J. M. Barrie,1,Fantasy,Fantasy,"English Children's fiction, Pop-up books",1911,1910,1900–1949,115,441,Classic/Bestseller,True,,,,False,,,,,,,,,,,Unknown,,Not available,False,/works/OL462007W
Peter Pan in Kensington Gardens,J. M. Barrie,J. M. Barrie,1,Fantasy,Fantasy,"Fiction, Peter Pan (Fictitious character), Classic Literature",1906,1900,1900–1949,120,163,Classic/Bestseller,True,,,,False,,,,,,,,,,,Unknown,,Not available,False,/works/OL462123W
Phantastes,George MacDonald,George MacDonald,1,Fantasy,Fantasy,"Fairy tales, Scottish Fantasy fiction, Fiction, Romance, Fantasy",1850,1850,Pre-1900,176,472,Classic/Bestseller,True,,,,False,,,,,,,,,,,Unknown,,Not available,False,/works/OL15450W
Prince Caspian,C. S. Lewis,C. S. Lewis,1,Fantasy,Fantasy,"Fantasy, Narnia (fictional place), Princes",1951,1950,1950–1999,75,145,Classic/Bestseller,True,,,,False,,,,,,,,,,,Unknown,,Not available,False,/works/OL71069W
Prince Prigio,Andrew Lang,Andrew Lang,1,Fantasy,Fantasy,"Fantasy, Fiction, General",1889,1880,Pre-1900,137,80,Popular,True,,,,False,,,,,,,,,,,Unknown,,Not available,False,/works/OL1089002W
Princess and the Pea,"Hans Christian Andersen, Barbara Lanza, Kari James",Hans Christian Andersen,3,Fantasy,Fantasy,"Fairy tales, Fiction, Princesses",1967,1960,1950–1999,59,39,Popular,True,,,368.0,True,Long (350–500),67.0,5.0,18.0,90.0,0.783,,,,,Unknown,,Not available,True,/works/OL25433W
Puck of Pook's Hill,Rudyard Kipling,Rudyard Kipling,1,Fantasy,Fantasy,"Fiction, Space and time, History",,,,,322,Classic/Bestseller,True,,,,False,,,,,,,,,,,Unknown,,Not available,False,/works/OL20165W
Pyramids,Terry Pratchett,Terry Pratchett,1,Fantasy,Fantasy,"American Fantasy fiction, Discworld (Imaginary place), Fantasy",1989,1980,1950–1999,37,45,Popular,True,,,,False,,,,,,,,,,,Unknown,,Not available,False,/works/OL453661W
"Queen Zixi of Ix; or, Story of the Magic Cloak, The",L. Frank Baum,L. Frank Baum,1,Fantasy,Fantasy,"Fairy tales, Fantasy, Fiction",1905,1900,1900–1949,121,39,Popular,True,,,,False,,,,,,,,,,,Unknown,,Not available,False,/works/OL9177139W
Reaper Man,Terry Pratchett,Terry Pratchett,1,Fantasy,Fantasy,"Fiction, Humorous, Fantasy, General, Discworld (imaginary place)",1991,1990,1950–1999,35,45,Popular,True,,,,False,,,,,,,,,,,Unknown,,Not available,False,/works/OL453654W
Rinkitink in Oz,L. Frank Baum,L. Frank Baum,1,Fantasy,Fantasy,"Classic Literature, Fantasy, Fantasy fiction",1916,1910,1900–1949,110,488,Classic/Bestseller,True,,,,False,,,,,,,,,,,Unknown,,Not available,False,/works/OL262376W
Sabriel,Garth Nix,Garth Nix,1,Fantasy,Fantasy,"Fathers and daughters, Missing persons, Magic",1995,1990,1950–1999,31,42,Popular,True,,,,False,,,,,,,,,,,Unknown,,Not available,False,/works/OL2628761W
Shardik,Richard Adams,Richard Adams,1,Fantasy,Fantasy,"Fiction, Fiction in English, Bears",1965,1960,1950–1999,61,38,Popular,True,4.0,8.0,550.0,False,Epic (500+),,,,,,,,,,Unknown,,Not available,False,/works/OL2096535W
Sky Island,L. Frank Baum,L. Frank Baum,1,Fantasy,Fantasy,"Fantasy, Children's fiction, Fantasy fiction",1912,1910,1900–1949,114,510,Classic/Bestseller,True,,,,False,,,,,,,,,,,Unknown,,Not available,False,/works/OL262385W
Soul Music,Terry Pratchett,Terry Pratchett,1,Fantasy,Fantasy,"Discworld (Imaginary place), Fantasy, Ficción",1994,1990,1950–1999,32,38,Popular,True,4.05,37.0,400.0,False,Long (350–500),94.0,3.0,71.0,168.0,0.959,,,,,Unknown,,Not available,True,/works/OL453663W
Sourcery,Terry Pratchett,Terry Pratchett,1,Fantasy,Fantasy,"Discworld (Imaginary place), Fiction, Fantasy",1988,1980,1950–1999,38,49,Popular,True,,,,False,,,,,,,,,,,Unknown,,Not available,False,/works/OL453659W
Stardust,Neil Gaiman,Neil Gaiman,1,Fantasy,Fantasy,"Young men, Fiction, Brujas",1997,1990,1950–1999,29,62,Popular,True,,,,False,,,,,,,1960-11-10,1960,,,Living,37,"Neil Richard MacKinnon Gaiman born Neil Richard Gaiman, 10 November 1960) is an English author of short fiction, novels, comic books, graphic novels, audio theatre, and films. His notable works include the comic book series The Sandman and novels Stardust, American Gods, Coraline, and The Graveyard ",False,/works/OL15833328W
Stone of Tears,Terry Goodkind,Terry Goodkind,1,Fantasy,Fantasy,"Fiction, Richard Rahl (Fictitious character), Wizards",1995,1990,1950–1999,31,38,Popular,True,4.13,30.0,368.0,True,Long (350–500),78.0,4.0,52.0,134.0,0.929,,,,,Unknown,,Not available,True,/works/OL2010453W
Swimmy,"Leo Lionni, Xosé Manuel González, Ignasi Centelles",Leo Lionni,3,Fantasy,Fantasy,"Children's fiction, Friendship, Fiction, Picture books",1963,1960,1950–1999,63,45,Popular,True,,,,False,,,,,,,,,,,Unknown,,Not available,False,/works/OL2162545W
Sylvie and Bruno,Lewis Carroll,Lewis Carroll,1,Fantasy,Fantasy,"Fantasy, Fiction, General, Children's fiction",1889,1880,Pre-1900,137,232,Classic/Bestseller,True,,,,False,,,,,,,,,,,Unknown,,Not available,False,/works/OL151430W
Tarzan the Invincible,Edgar Rice Burroughs,Edgar Rice Burroughs,1,Fantasy,Fantasy,"Fiction, Pulp, Speculative",1931,1930,1900–1949,95,66,Popular,True,,,,False,,,,,,,,,,,Unknown,,Not available,False,/works/OL1418089W
The Angel and the Author,Jerome Klapka Jérôme,Jerome Klapka Jérôme,1,Fantasy,Fantasy,"Fantasy, Fiction, Young Adult Fiction",1908,1900,1900–1949,118,40,Popular,True,,,,False,,,,,,,,,,,Unknown,,Not available,False,/works/OL1793124W
The BFG,Roald Dahl,Roald Dahl,1,Fantasy,Fantasy,"Roald Dahl, Tweens",1732,1730,Pre-1900,294,155,Classic/Bestseller,True,,,,False,,,,,,,,,,,Unknown,,Not available,False,/works/OL45885W
The Battle of the Labyrinth,Rick Riordan,Rick Riordan,1,Fantasy,Fantasy,"Serie:Percy_Jackson_and_the_Olympians, Greek Mythology, Juvenile fiction",2005,2000,2000+,21,69,Popular,True,,,,False,,,,,,,,,,,Unknown,,Not available,False,/works/OL492640W
The Black Cauldron,Lloyd Alexander,Lloyd Alexander,1,Fantasy,Fantasy,"Courage, Fantasy, Good and evil",1965,1960,1950–1999,61,60,Popular,True,,,,False,,,,,,,,,,,Unknown,,Not available,False,/works/OL1966566W
The Castle of Llyr,Lloyd Alexander,Lloyd Alexander,1,Fantasy,Fantasy,"Juvenile fiction, Princesses, Kings and rulers",1966,1960,1950–1999,60,48,Popular,True,,,,False,,,,,,,,,,,Unknown,,Not available,False,/works/OL1966676W
The Cat in the Hat,"Dr. Seuss, Simon Mugford",Dr. Seuss,2,Fantasy,Fantasy,"Nonsense verses, Children's stories, American",1957,1950,1950–1999,69,85,Popular,True,,,,False,,,,,,,,,,,Unknown,,Not available,False,/works/OL1898309W
The Centaur,John Updike,John Updike,1,Fantasy,Fantasy,"Fiction, Literature, National Book Award Winner",1962,1960,1950–1999,64,87,Popular,True,,,,False,,,,,,,,,,,Unknown,,Not available,False,/works/OL463611W
The Chronicles of Narnia,C. S. Lewis,C. S. Lewis,1,Fantasy,Fantasy,"Fantasy fiction, Fiction, Juvenile works",1970,1970,1950–1999,56,60,Popular,False,,,,False,,,,,,,,,,,Unknown,,Not available,False,/works/OL70988W
The Colour of Magic,Terry Pratchett,Terry Pratchett,1,Fantasy,Fantasy,"Discworld (Imaginary place), Fiction, Romans",1983,1980,1950–1999,43,93,Popular,True,,,,False,,,,,,,,,,,Unknown,,Not available,False,/works/OL453657W
The Complete Life and Adventures of Santa Claus,L. Frank Baum,L. Frank Baum,1,Fantasy,Fantasy,"Fantasy, Fiction, Juvenile Fiction",1902,1900,1900–1949,124,560,Classic/Bestseller,True,,,,False,,,,,,,,,,,Unknown,,Not available,False,/works/OL262358W
The Crock of Gold,James Stephens,James Stephens,1,Fantasy,Fantasy,"Fantasy, In literature, Fairies",1912,1910,1900–1949,114,155,Classic/Bestseller,True,,,,False,,,,,,,,,,,Unknown,,Not available,False,/works/OL1154817W
The Emerald City of Oz,L. Frank Baum,L. Frank Baum,1,Fantasy,Fantasy,"Juvenile fiction, Fiction, Oz (Imaginary place)",1910,1910,1900–1949,116,634,Classic/Bestseller,True,,,,False,,,,,,,,,,,Unknown,,Not available,False,/works/OL18409W
The Enchanted Castle,Edith Nesbit,Edith Nesbit,1,Fantasy,Fantasy,"Fiction, Fantasy, Magic",1907,1900,1900–1949,119,478,Classic/Bestseller,True,,,,False,,,,,,,,,,,Unknown,,Not available,False,/works/OL99541W
The Enchanted Island of Yew,L. Frank Baum,L. Frank Baum,1,Fantasy,Fantasy,"Fantasy, Fiction, Juvenile Fiction",1903,1900,1900–1949,123,288,Classic/Bestseller,False,,,,False,,,,,,,,,,,Unknown,,Not available,False,/works/OL262388W
The Enchanted Typewriter,John Kendrick Bangs,John Kendrick Bangs,1,Fantasy,Fantasy,"Fantasy, Fiction, Humorous, General",1899,1890,Pre-1900,127,58,Popular,True,,,,False,,,,,,,,,,,Unknown,,Not available,False,/works/OL1868687W
The Farthest Shore,Ursula K. Le Guin,Ursula K. Le Guin,1,Fantasy,Fantasy,"Magic, Magia, Fantasy fiction",1972,1970,1950–1999,54,65,Popular,True,,,,False,,,,,,,,,,,Unknown,,Not available,False,/works/OL59855W
The Fellowship of the Ring,"J.R.R. Tolkien, Editorial Editorial World, Robert Robert Thompson",J.R.R. Tolkien,3,Fantasy,Fantasy,"Elves, Dwarves, Evil",1954,1950,1950–1999,72,317,Classic/Bestseller,True,,,,False,,,,,,,,,,,Unknown,,Not available,False,/works/OL27513W
The Graveyard Book,Neil Gaiman,Neil Gaiman,1,Fantasy,Fantasy,"Fiction, Cemeteries, Supernatural",2008,2000,2000+,18,40,Popular,True,,,,False,,,,,,,1960-11-10,1960,,,Living,48,"Neil Richard MacKinnon Gaiman born Neil Richard Gaiman, 10 November 1960) is an English author of short fiction, novels, comic books, graphic novels, audio theatre, and films. His notable works include the comic book series The Sandman and novels Stardust, American Gods, Coraline, and The Graveyard ",False,/works/OL679348W
The Great Hunt (The Wheel of Time Book 2),Robert Jordan,Robert Jordan,1,Fantasy,Fantasy,"Series:The Wheel of Time, Fiction, Fantasy fiction",1990,1990,1950–1999,36,48,Popular,True,,,,False,,,,,,,,,,,Unknown,,Not available,False,/works/OL7924135W
The Grey King (The Dark is Rising #4),Susan Cooper,Susan Cooper,1,Fantasy,Fantasy,"Fantasy, Fiction, Juvenile fiction",1975,1970,1950–1999,51,40,Popular,True,,,,False,,,,,,,,,,,Unknown,,Not available,False,/works/OL894246W
The Hobbit,J.R.R. Tolkien,J.R.R. Tolkien,1,Fantasy,Fantasy,"Fantasy, Arkenstone, Battle of Five Armies",1937,1930,1900–1949,89,481,Classic/Bestseller,True,,,,False,,,,,,,,,,,Unknown,,Not available,False,/works/OL27482W
The Horse and His Boy,C. S. Lewis,C. S. Lewis,1,Fantasy,Fantasy,"Fantasy, Children's fiction, Allegory",1954,1950,1950–1999,72,185,Classic/Bestseller,True,,,,False,,,,,,,,,,,Unknown,,Not available,False,/works/OL71058W
The Human Chord,Algernon Blackwood,Algernon Blackwood,1,Fantasy,Fantasy,"Fantasy, Fiction, Horror",1910,1910,1900–1949,116,49,Popular,True,,,,False,,,,,,,,,,,Unknown,,Not available,False,/works/OL2700649W
The Last Battle,C. S. Lewis,C. S. Lewis,1,Fantasy,Fantasy,"Juvenile Fiction, Science Fiction & Fantasy, Fiction",1956,1950,1950–1999,70,106,Classic/Bestseller,True,,,,False,,,,,,,,,,,Unknown,,Not available,False,/works/OL71124W
The Last Continent,Terry Pratchett,Terry Pratchett,1,Fantasy,Fantasy,"Fiction, Wizards, Discworld (Imaginary place)",1998,1990,1950–1999,28,39,Popular,True,,,,False,,,,,,,,,,,Unknown,,Not available,False,/works/OL453711W
The Last Olympian,Rick Riordan,Rick Riordan,1,Fantasy,Fantasy,"Serie:Percy_Jackson_and_the_Olympians, Fiction, Greek Mythology",2008,2000,2000+,18,65,Popular,True,,,,False,,,,,,,,,,,Unknown,,Not available,False,/works/OL15270622W
The Light Fantastic,Terry Pratchett,Terry Pratchett,1,Fantasy,Fantasy,"Fiction, Discworld (Imaginary place), Samuel Vimes (Fictitious character)",1986,1980,1950–1999,40,60,Popular,True,,,,False,,,,,,,,,,,Unknown,,Not available,False,/works/OL453680W
The Lightning Thief,Rick Riordan,Rick Riordan,1,Fantasy,Fantasy,"Serie:Percy_Jackson_and_the_Olympians, Fiction, Greek Mythology",2005,2000,2000+,21,108,Classic/Bestseller,True,,,,False,,,,,,,,,,,Unknown,,Not available,False,/works/OL492658W
"The Lion, the Witch and the Wardrobe",C. S. Lewis,C. S. Lewis,1,Fantasy,Fantasy,"The Blitz, Fauns, Turkish Delight",1950,1950,1950–1999,76,157,Classic/Bestseller,True,,,,False,,,,,,,,,,,Unknown,,Not available,False,/works/OL71037W
The Lost Hero,Rick Riordan,Rick Riordan,1,Fantasy,Fantasy,"Serie:The_Heroes_of_Olympus, Nyt:chapter_books=2010-11-06, New York Times bestseller",2010,2010,2000+,16,53,Popular,True,,,,False,,,,,,,,,,,Unknown,,Not available,False,/works/OL15401200W
The Lost Princess of Oz,L. Frank Baum,L. Frank Baum,1,Fantasy,Fantasy,"Fantasy, Juvenile literature, Children's stories",1917,1910,1900–1949,109,591,Classic/Bestseller,True,,,,False,,,,,,,,,,,Unknown,,Not available,False,/works/OL18411W
The Magic City,Edith Nesbit,Edith Nesbit,1,Fantasy,Fantasy,"Fantasy, Cities and towns, Juvenile fiction",1910,1910,1900–1949,116,445,Classic/Bestseller,True,,,,False,,,,,,,,,,,Unknown,,Not available,False,/works/OL99535W
The Magic of Oz,L. Frank Baum,L. Frank Baum,1,Fantasy,Fantasy,"Fantasy, Juvenile fiction, Wizard of Oz (Fictitious character)",1919,1910,1900–1949,107,495,Classic/Bestseller,True,,,,False,,,,,,,,,,,Unknown,,Not available,False,/works/OL262380W
The Magical Monarch of Mo,L. Frank Baum,L. Frank Baum,1,Fantasy,Fantasy,"Fantasy, Juvenile fiction, Fiction, Collections & anthologies",1903,1900,1900–1949,123,81,Popular,True,,,,False,,,,,,,,,,,Unknown,,Not available,False,/works/OL262360W
The Magician's Nephew,C. S. Lewis,C. S. Lewis,1,Fantasy,Fantasy,"Fantasy, Juvenile fiction, Cartoons and comics",1955,1950,1950–1999,71,163,Classic/Bestseller,True,,,,False,,,,,,,,,,,Unknown,,Not available,False,/works/OL71042W
The Mark of Athena,Rick Riordan,Rick Riordan,1,Fantasy,Fantasy,"Serie:The_Heroes_of_Olympus, Greek Gods, Camps",2011,2010,2000+,15,40,Popular,True,,,,False,,,,,,,,,,,Unknown,,Not available,False,/works/OL16664287W
The Marvelous Land of Oz,L. Frank Baum,L. Frank Baum,1,Fantasy,Fantasy,"Children's stories, American, Juvenile fiction, Translations into Russian",1904,1900,1900–1949,122,724,Classic/Bestseller,True,,,,False,,,,,,,,,,,Unknown,,Not available,False,/works/OL18396W
The Master Key,L. Frank Baum,L. Frank Baum,1,Fantasy,Fantasy,"Electricity, Fiction, Fantasy",1901,1900,1900–1949,125,162,Classic/Bestseller,True,,,,False,,,,,,,,,,,Unknown,,Not available,False,/works/OL262383W
The Mists of Avalon,Marion Zimmer Bradley,Marion Zimmer Bradley,1,Fantasy,Fantasy,"England, Fiction, Fantasy, Historical, Arthur, King",1979,1970,1950–1999,47,42,Popular,True,,,,False,,,,,,,,,,,Unknown,,Not available,False,/works/OL23738W
The Mysterious Stranger,Mark Twain,Mark Twain,1,Fantasy,Fantasy,"American Humorous stories, Social life and customs",1916,1910,1900–1949,110,82,Popular,True,,,,False,,,,,,,,,,,Unknown,,Not available,False,/works/OL54158W
The Nursery Alice,Lewis Carroll,Lewis Carroll,1,Fantasy,Fantasy,"Fantasy, Correspondence, Translations into French",1889,1880,Pre-1900,137,73,Popular,True,,,,False,,,,,,,,,,,Unknown,,Not available,False,/works/OL151381W
The Ocean at the End of the Lane,Neil Gaiman,Neil Gaiman,1,Fantasy,Fantasy,"Good and evil, Boys, Women",2013,2010,2000+,13,49,Popular,True,,,,False,,,,,,,1960-11-10,1960,,,Living,53,"Neil Richard MacKinnon Gaiman born Neil Richard Gaiman, 10 November 1960) is an English author of short fiction, novels, comic books, graphic novels, audio theatre, and films. His notable works include the comic book series The Sandman and novels Stardust, American Gods, Coraline, and The Graveyard ",False,/works/OL16804661W
The Once and Future King,T. H. White,T. H. White,1,Fantasy,Fantasy,"Adaptations, Arthur, In fiction",1939,1930,1900–1949,87,81,Popular,True,,,,False,,,,,,,,,,,Unknown,,Not available,False,/works/OL1388028W
The Opal Deception,Eoin Colfer,Eoin Colfer,1,Fantasy,Fantasy,"Fiction, Magic, Adventure and adventurers",2005,2000,2000+,21,46,Popular,True,,,,False,,,,,,,,,,,Unknown,,Not available,False,/works/OL5725975W
The Patchwork Girl of Oz,L. Frank Baum,L. Frank Baum,1,Fantasy,Fantasy,"Fantasy, Juvenile fiction, Fairy tales",1913,1910,1900–1949,113,496,Classic/Bestseller,True,,,,False,,,,,,,,,,,Unknown,,Not available,False,/works/OL18405W
The Phantom Tollbooth,Norton Juster,Norton Juster,1,Fantasy,Fantasy,"Letters, Numbers, Orchestras",1961,1960,1950–1999,65,64,Popular,True,,,,False,,,,,,,,,,,Unknown,,Not available,False,/works/OL1636262W
The Phoenix and the Carpet,Edith Nesbit,Edith Nesbit,1,Fantasy,Fantasy,"English Fantasy fiction, Magic, Brothers and sisters",1903,1900,1900–1949,123,438,Classic/Bestseller,True,,,,False,,,,,,,,,,,Unknown,,Not available,False,/works/OL99539W
The Prince,Niccolò Machiavelli,Niccolò Machiavelli,1,Fantasy,Fantasy,"Political science, Early works to 1800, Machiavel, Nicolas, 1469-1527. Prince, Classic Literature",1515,1510,Pre-1900,511,1407,Classic/Bestseller,True,,,,False,,,,,,,,,,,Unknown,,Not available,False,/works/OL1089297W
The Princess and the Goblin,George MacDonald,George MacDonald,1,Fantasy,Fantasy,"Classic Literature, Fantasy, Fiction",1872,1870,Pre-1900,154,750,Classic/Bestseller,True,,,,False,,,,,,,,,,,Unknown,,Not available,False,/works/OL15449W
The Return of the King,J.R.R. Tolkien,J.R.R. Tolkien,1,Fantasy,Fantasy,"Elves, Hobbits, The Lord of the Rings",1950,1950,1950–1999,76,286,Classic/Bestseller,True,,,,False,,,,,,,,,,,Unknown,,Not available,False,/works/OL27455W
The Road to Oz,L. Frank Baum,L. Frank Baum,1,Fantasy,Fantasy,"Fairy tales, Juvenile Fiction, Fiction",1909,1900,1900–1949,117,537,Classic/Bestseller,True,,,,False,,,,,,,,,,,Unknown,,Not available,False,/works/OL262390W
The Royal Book of Oz,Ruth Plumly Thompson,Ruth Plumly Thompson,1,Fantasy,Fantasy,"Fantasy, Fiction, Scarecrows",1921,1920,1900–1949,105,270,Classic/Bestseller,True,,,,False,,,,,,,,,,,Unknown,,Not available,False,/works/OL1156218W
The Scarecrow of Oz,L. Frank Baum,L. Frank Baum,1,Fantasy,Fantasy,"Classic Literature, Fantasy, Fiction",1915,1910,1900–1949,111,503,Classic/Bestseller,True,,,,False,,,,,,,,,,,Unknown,,Not available,False,/works/OL262352W
The Sea Fairies,L. Frank Baum,L. Frank Baum,1,Fantasy,Fantasy,"Children's stories, Juvenile fiction, Classic Literature",1911,1910,1900–1949,115,528,Classic/Bestseller,True,,,,False,,,,,,,,,,,Unknown,,Not available,False,/works/OL262384W
The Sea of Monsters,Rick Riordan,Rick Riordan,1,Fantasy,Fantasy,"Serie:Percy_Jackson_and_the_Olympians, Fiction, Fantasy",2005,2000,2000+,21,83,Popular,True,,,,False,,,,,,,,,,,Unknown,,Not available,False,/works/OL492646W
The Secret Agent,Joseph Conrad,Joseph Conrad,1,Fantasy,Fantasy,"Anarchists, Fiction, Conspiracies, Bombings",1907,1900,1900–1949,119,335,Classic/Bestseller,True,,,,False,,,,,,,,,,,Unknown,,Not available,False,/works/OL39108W
The Shining Pyramid,Arthur Machen,Arthur Machen,1,Fantasy,Fantasy,"Wales, Fiction, General, Horror and Supernatural Fiction",1923,1920,1900–1949,103,44,Popular,True,,,,False,,,,,,,,,,,Unknown,,Not available,False,/works/OL3389017W
The Silmarillion,"J.R.R. Tolkien, Christopher Tolkien",J.R.R. Tolkien,2,Fantasy,Fantasy,"Fantasy fiction, Short stories, Middle Earth (Imaginary place)",1977,1970,1950–1999,49,156,Classic/Bestseller,True,,,,False,,,,,,,,,,,Unknown,,Not available,False,/works/OL27495W
The Silver Chair,C. S. Lewis,C. S. Lewis,1,Fantasy,Fantasy,"Fiction, Juvenile Fiction, Science Fiction & Fantasy",1953,1950,1950–1999,73,141,Classic/Bestseller,True,,,,False,,,,,,,,,,,Unknown,,Not available,False,/works/OL71078W
The Son of Neptune,Rick Riordan,Rick Riordan,1,Fantasy,Fantasy,"Serie:The_Heroes_of_Olympus, Amnesiacs, Greek Mythology",2011,2010,2000+,15,39,Popular,True,4.31,123.0,192.0,False,Short (<200),1161.0,113.0,295.0,1569.0,0.723,,,,,Unknown,,Not available,True,/works/OL15980243W
The Spook's Apprentice,Joseph Delaney,Joseph Delaney,1,Fantasy,Fantasy,"Juvenile fiction, Supernatural, Witches",2004,2000,2000+,22,41,Popular,True,,,,False,,,,,,,,,,,Unknown,,Not available,False,/works/OL275974W
The Story of Doctor Dolittle,Hugh Lofting,Hugh Lofting,1,Fantasy,Fantasy,"Animals, Classic Literature, Children's stories",1920,1920,1900–1949,106,224,Classic/Bestseller,True,,,,False,,,,,,,,,,,Unknown,,Not available,False,/works/OL1449046W
The Story of the Amulet,Edith Nesbit,Edith Nesbit,1,Fantasy,Fantasy,"Roman pour la jeunesse, Litterature fantastique, Classic Literature",1905,1900,1900–1949,121,578,Classic/Bestseller,True,,,,False,,,,,,,,,,,Unknown,,Not available,False,/works/OL407476W
The Subtle Knife,Philip Pullman,Philip Pullman,1,Fantasy,Fantasy,"Fantasy, Juvenile literature, English Fantasy fiction",1997,1990,1950–1999,29,106,Classic/Bestseller,True,,,,False,,,,,,,,,,,Unknown,,Not available,False,/works/OL28993W
The Sword of Shannara,Terry Brooks,Terry Brooks,1,Fantasy,Fantasy,"Fantasy, Fiction, Shannara (imaginary place)",1976,1970,1950–1999,50,39,Popular,True,,,,False,,,,,,,,,,,Unknown,,Not available,False,/works/OL5683445W
The Tale of Despereaux,Kate DiCamillo,Kate DiCamillo,1,Fantasy,Fantasy,"Fairy tales, Newbery Medal, Juvenile fiction",2003,2000,2000+,23,52,Popular,True,,,,False,,,,,,,,,,,Unknown,,Not available,False,/works/OL468677W
The Tales of Beedle the Bard,J. K. Rowling,J. K. Rowling,1,Fantasy,Fantasy,"Magicians, Magic, Hogwarts School of Witchcraft and Wizardry (Imaginary place)",2008,2000,2000+,18,44,Popular,True,,,,False,,,,,,,,,,,Unknown,,Not available,False,/works/OL13716951W
The Throne of Fire,Rick Riordan,Rick Riordan,1,Fantasy,Fantasy,"Serie:The_Kane_Chronicles, Magic, Adventure and adventurers",2011,2010,2000+,15,42,Popular,True,,,,False,,,,,,,,,,,Unknown,,Not available,False,/works/OL15946464W
The Tin Woodman of Oz,L. Frank Baum,L. Frank Baum,1,Fantasy,Fantasy,"Giants, Juvenile fiction, Fiction",1918,1910,1900–1949,108,461,Classic/Bestseller,True,,,,False,,,,,,,,,,,Unknown,,Not available,False,/works/OL262381W
The Titan's Curse,Rick Riordan,Rick Riordan,1,Fantasy,Fantasy,"Serie:Percy_Jackson_and_the_Olympians, Nyt:series_books=2007-07-21, New York Times bestseller",2007,2000,2000+,19,64,Popular,True,,,,False,,,,,,,,,,,Unknown,,Not available,False,/works/OL492647W
The Tombs of Atuan,Ursula K. Le Guin,Ursula K. Le Guin,1,Fantasy,Fantasy,"Magic, Novela fantástica estadounidense, Magic in fiction",1971,1970,1950–1999,55,67,Popular,True,,,,False,,,,,,,,,,,Unknown,,Not available,False,/works/OL59801W
The Trumpet of the Swan,E. B. White,E. B. White,1,Fantasy,Fantasy,"Cisnes, Ficción juvenil, Fiction",1761,1760,Pre-1900,265,63,Popular,True,,,,False,,,,,,,,,,,Unknown,,Not available,False,/works/OL483350W
The Two Towers,J.R.R. Tolkien,J.R.R. Tolkien,1,Fantasy,Fantasy,"Ents, Orcs, Hobbits",1954,1950,1950–1999,72,289,Classic/Bestseller,True,,,,False,,,,,,,,,,,Unknown,,Not available,False,/works/OL27479W
The Voyage of the Dawn Treader,C. S. Lewis,C. S. Lewis,1,Fantasy,Fantasy,"Narnia, The Voyage of the Dawn Treader, The Chronicles of Narnia",1952,1950,1950–1999,74,100,Popular,True,,,,False,,,,,,,,,,,Unknown,,Not available,False,/works/OL71132W
The Voyages of Doctor Dolittle,Hugh Lofting,Hugh Lofting,1,Fantasy,Fantasy,"Animals, Classic Literature, Children's stories",1922,1920,1900–1949,104,158,Classic/Bestseller,True,,,,False,,,,,,,,,,,Unknown,,Not available,False,/works/OL1449063W
The Wee Free Men,"Terry Pratchett, Paul Kidby",Terry Pratchett,2,Fantasy,Fantasy,"Children's fiction, Fairies, Fiction, Witches",1994,1990,1950–1999,32,51,Popular,True,,,,False,,,,,,,,,,,Unknown,,Not available,False,/works/OL453748W
The Well at the World's End,William Morris,William Morris,1,Fantasy,Fantasy,"Quests (Expeditions), Fiction, Classic Literature",1892,1890,Pre-1900,134,216,Classic/Bestseller,True,,,,False,,,,,,,,,,,Unknown,,Not available,False,/works/OL47750W
The Wind in the Willows,Kenneth Grahame,Kenneth Grahame,1,Fantasy,Fantasy,"Children's fiction, Animals, Fiction, Friendship",1908,1900,1900–1949,118,1346,Classic/Bestseller,True,,,,False,,,,,,,,,,,Unknown,,Not available,False,/works/OL28570037W
The Wishing Spell,Chris Colfer,Chris Colfer,1,Fantasy,Fantasy,"Fairy tales, Characters in literature, Magic",1990,1990,1950–1999,36,38,Popular,True,,,,False,,,,,,,,,,,Unknown,,Not available,False,/works/OL16585191W
The Wolves of Willoughby Chase (Wolves #1),Joan Aiken,Joan Aiken,1,Fantasy,Fantasy,"Juvenile fiction, Children, Children's",1911,1910,1900–1949,115,41,Popular,True,,,,False,,,,,,,,,,,Unknown,,Not available,False,/works/OL262048W
"The box of delights, or When the wolves were running",John Masefield,John Masefield,1,Fantasy,Fantasy,"Fantasy, Fiction, Children's stories, English",1935,1930,1900–1949,91,42,Popular,True,,,,False,,,,,,,,,,,Unknown,,Not available,False,/works/OL1103652W
The dark is rising,Susan Cooper,Susan Cooper,1,Fantasy,Fantasy,"Fiction, Fantasy, Good and evil",1972,1970,1950–1999,54,58,Popular,True,,,,False,,,,,,,,,,,Unknown,,Not available,False,/works/OL894245W
The dark tower,Stephen King,Stephen King,1,Fantasy,Fantasy,"Roland (Fictitious character : King), Fiction, The Dark Tower",1990,1990,1950–1999,36,40,Popular,True,,,,False,,,,,,,,,,,Unknown,,Not available,False,/works/OL81600W
The demi-gods,James Stephens,James Stephens,1,Fantasy,Fantasy,"Ireland -- Fiction, Tramps -- Fiction, Angels -- Fiction",1914,1910,1900–1949,112,76,Popular,True,,,,False,,,,,,,,,,,Unknown,,Not available,False,/works/OL1154815W
The house of the Wolfings,William Morris,William Morris,1,Fantasy,Fantasy,"Fiction in English, Fantasy fiction, Fantasy",1889,1880,Pre-1900,137,156,Classic/Bestseller,True,,,,False,,,,,,,,,,,Unknown,,Not available,False,/works/OL47670W
"The little white bird, or, Adventures in Kensington gardens",J. M. Barrie,J. M. Barrie,1,Fantasy,Fantasy,"Fiction, Classic Literature, Children",1902,1900,1900–1949,124,172,Classic/Bestseller,True,,,,False,,,,,,,,,,,Unknown,,Not available,False,/works/OL461993W
The reluctant dragon,"Kenneth Grahame, Jim Weiss, Ernest H. Shepard, Michael Hague",Kenneth Grahame,4,Fantasy,Fantasy,"Fiction, Dragons, Juvenile fiction",1938,1930,1900–1949,88,228,Classic/Bestseller,True,,,,False,,,,,,,,,,,Unknown,,Not available,False,/works/OL69602W
The return,Walter De la Mare,Walter De la Mare,1,Fantasy,Fantasy,"Supernatural, Supernatural in fiction, Fiction",1910,1910,1900–1949,116,43,Popular,True,,,,False,,,,,,,,,,,Unknown,,Not available,False,/works/OL1098497W
The talisman,"Stephen King, Peter Straub",Stephen King,2,Fantasy,Fantasy,"Fantastique, Romans, Talismans",1925,1920,1900–1949,101,66,Popular,True,,,,False,,,,,,,,,,,Unknown,,Not available,False,/works/OL81599W
The water-babies: a fairy tale for a land-baby,Charles Kingsley,Charles Kingsley,1,Fantasy,Fantasy,"Chimney sweeps, Fiction, Fairy tales",1863,1860,Pre-1900,163,213,Classic/Bestseller,True,,,,False,,,,,,,,,,,Unknown,,Not available,False,/works/OL1130038W
The wonderful visit,H. G. Wells,H. G. Wells,1,Fantasy,Fantasy,"Fantasy, Angels, Supernatural",1895,1890,Pre-1900,131,87,Popular,True,,,,False,,,,,,,,,,,Unknown,,Not available,False,/works/OL52201W
The worm Ouroboros,Eric Rücker Eddison,Eric Rücker Eddison,1,Fantasy,Fantasy,"Fiction, Romance, General, English Fantasy fiction, Fantasy",,,,,41,Popular,True,,,,False,,,,,,,,,,,Unknown,,Not available,False,/works/OL3847246W
Through the Looking-Glass,Lewis Carroll,Lewis Carroll,1,Fantasy,Fantasy,"Fantasy, Fiction, English Nonsense verses",1865,1860,Pre-1900,161,1379,Classic/Bestseller,True,,,,False,,,,,,,,,,,Unknown,,Not available,False,/works/OL151406W
Thud!,Terry Pratchett,Terry Pratchett,1,Fantasy,Fantasy,"Samuel Vimes (Fictitious character), Discworld (Imaginary place), Fiction",2005,2000,2000+,21,41,Popular,True,,,,False,,,,,,,,,,,Unknown,,Not available,False,/works/OL453852W
Thumbelina,"Hans Christian Andersen, Elsa Beskow, Michael Foreman, Michael Morpurgo, Kimberley Reynolds, Catherine Babok, Susannah Mary Paull",Hans Christian Andersen,7,Fantasy,Fantasy,"Spanish language materials, Fairy tales, Cuentos de hadas",1911,1910,1900–1949,115,79,Popular,True,,,,False,,,,,,,,,,,Unknown,,Not available,False,/works/OL15049906W
Tik-Tok of Oz,L. Frank Baum,L. Frank Baum,1,Fantasy,Fantasy,"Fairy tales, Fantasy fiction, Juvenile fiction",1914,1910,1900–1949,112,490,Classic/Bestseller,True,,,,False,,,,,,,,,,,Unknown,,Not available,False,/works/OL18414W
Tintenherz,Cornelia Funke,Cornelia Funke,1,Fantasy,Fantasy,"Fathers and daughters, Characters in literature, Magic",2003,2000,2000+,23,70,Popular,True,,,,False,,,,,,,,,,,Unknown,,Not available,False,/works/OL941669W
Tom's Midnight Garden,Philippa Pearce,Philippa Pearce,1,Fantasy,Fantasy,"Livres en gros caractères, Large print books",1958,1950,1950–1999,68,56,Popular,True,,,,False,,,,,,,,,,,Unknown,,Not available,False,/works/OL2004807W
Trollkarlens hatt,Tove Jansson,Tove Jansson,1,Fantasy,Fantasy,"Children's fiction, Fantasy fiction, Children's literature, Swedish",1950,1950,1950–1999,76,54,Popular,True,,,,False,,,,,,,,,,,Unknown,,Not available,False,/works/OL2195990W
Vikram and the Vampire,"Richard Francis Burton, Ernest Henry Griset, Isabel Lady Burton",Richard Francis Burton,3,Fantasy,Fantasy,"Fantasy, Fiction, Historical Fiction",1870,1870,Pre-1900,156,85,Popular,True,,,,False,,,,,,,,,,,Unknown,,Not available,False,/works/OL7989179W
Watership Down,Richard Adams,Richard Adams,1,Fantasy,Fantasy,"Rabbits, Adventure and adventurers",1972,1970,1950–1999,54,108,Classic/Bestseller,True,,,,False,,,,,,,,,,,Unknown,,Not available,False,/works/OL2096536W
Wet Magic,Edith Nesbit,Edith Nesbit,1,Fantasy,Fantasy,"Fantasy fiction, Fantasy, Children's fiction",1937,1930,1900–1949,89,166,Classic/Bestseller,True,,,,False,,,,,,,,,,,Unknown,,Not available,False,/works/OL99513W
Where the Wild Things Are,Maurice Sendak,Maurice Sendak,1,Fantasy,Fantasy,"Caldecott Medal, Dreams, Fantasy",1963,1960,1950–1999,63,125,Classic/Bestseller,True,,,,False,,,,,,,,,,,Unknown,,Not available,False,/works/OL2568879W
White oleander,"Fitch, Janet",Fitch,2,Fantasy,Fantasy,"Fiction, Foster children, Mothers and daughters",1989,1980,1950–1999,37,42,Popular,True,,,,False,,,,,,,,,,,Unknown,,Not available,False,/works/OL48010W
Wicked,Gregory Maguire,Gregory Maguire,1,Fantasy,Fantasy,"Love, Witches, Fiction",1995,1990,1950–1999,31,54,Popular,True,,,,False,,,,,,,,,,,Unknown,,Not available,False,/works/OL66218W
Winnie-the-Pooh / The House at Pooh Corner,A. A. Milne,A. A. Milne,1,Fantasy,Fantasy,"Juvenile audience, Juvenile fiction, Fiction",1926,1920,1900–1949,100,39,Popular,True,,,,False,,,,,,,,,,,Unknown,,Not available,False,/works/OL476737W
Wintersmith,"Terry Pratchett, Paul Kidby",Terry Pratchett,2,Fantasy,Fantasy,"Young adult fiction, Humor, Winter",2006,2000,2000+,20,52,Popular,True,,,,False,,,,,,,,,,,Unknown,,Not available,False,/works/OL453989W
Witches Abroad,Terry Pratchett,Terry Pratchett,1,Fantasy,Fantasy,"English Fantasy fiction, Discworld (Imaginary place), Fiction",1991,1990,1950–1999,35,41,Popular,True,,,,False,,,,,,,,,,,Unknown,,Not available,False,/works/OL453668W
Wizard and Glass,Stephen King,Stephen King,1,Fantasy,Fantasy,"Crystal balls, Parallel universes, Epic literature",1997,1990,1950–1999,29,72,Popular,True,,,,False,,,,,,,,,,,Unknown,,Not available,False,/works/OL81615W
Wizard's First Rule,Terry Goodkind,Terry Goodkind,1,Fantasy,Fantasy,"Fiction, Wizards, Wizards in fiction",1994,1990,1950–1999,32,52,Popular,True,,,,False,,,,,,,,,,,Unknown,,Not available,False,/works/OL2010436W
Wolves of the Calla,Stephen King,Stephen King,1,Fantasy,Fantasy,"Lightsabers, Snitches, Androids",1997,1990,1950–1999,29,52,Popular,True,,,,False,,,,,,,,,,,Unknown,,Not available,False,/works/OL81594W
Wyrd Sisters,Terry Pratchett,Terry Pratchett,1,Fantasy,Fantasy,"Fiction, Fantasy, General, Discworld (imaginary place), Granny weatherwax (fictitious character)",1988,1980,1950–1999,38,49,Popular,True,,,,False,,,,,,,,,,,Unknown,,Not available,False,/works/OL453660W
À rebours,Joris-Karl Huysmans,Joris-Karl Huysmans,1,Fantasy,Fantasy,"Aesthetics, Fiction, General",1884,1880,Pre-1900,142,337,Classic/Bestseller,True,,,,False,,,,,,,,,,,Unknown,,Not available,False,/works/OL2239396W
Мастер и Маргарита,Михаил Афанасьевич Булгаков,Михаил Афанасьевич Булгаков,1,Fantasy,Fantasy,"Satire, Humor, Politicians",1966,1960,1950–1999,60,236,Classic/Bestseller,True,,,,False,,,,,,,,,,,Unknown,,Not available,False,/works/OL676009W
A Far Country,Winston Churchill,Winston Churchill,1,Historical Fiction,Historical Fiction,"Fiction, Classic Literature, Historical Fiction",1915,1910,1900–1949,111,85,Popular,True,,,,False,,,,,,,,,,,Unknown,,Not available,False,/works/OL2341756W
A Final Reckoning,G. A. Henty,G. A. Henty,1,Historical Fiction,Historical Fiction,"Fiction, Historical, General, Australia",,,,,235,Classic/Bestseller,True,,,,False,,,,,,,,,,,Unknown,,Not available,False,/works/OL1794622W
A Fine Balance,Rohinton Mistry,Rohinton Mistry,1,Historical Fiction,Historical Fiction,"Literary fiction, Historical fiction, Castration",1995,1990,1950–1999,31,45,Popular,True,,,,False,,,,,,,,,,,Unknown,,Not available,False,/works/OL2980902W
A Little Princess,Frances Hodgson Burnett,Frances Hodgson Burnett,1,Historical Fiction,Historical Fiction,"Children's fiction, Orphans, Fiction, London (england)",1905,1900,1900–1949,121,305,Classic/Bestseller,True,,,,False,,,,,,,,,,,Unknown,,Not available,False,/works/OL69630W
A Tale of Two Cities,Charles Dickens,Charles Dickens,1,Historical Fiction,Historical Fiction,"British, British and irish fiction (fictional works by one author), Children's fiction",,,,,2060,Classic/Bestseller,True,,,,False,,,,,,,,,,,Unknown,,Not available,False,/works/OL8193465W
A dangerous fortune,Ken Follett,Ken Follett,1,Historical Fiction,Historical Fiction,"Fiction, History, Great Britain in fiction",1993,1990,1950–1999,33,44,Popular,True,,,,False,,,,,,,1949-06-05,1949,,,Living,44,"Ken Follett is a British author of thrillers and historical novels. He has sold more then 100 million copies of his works. Four of his books have reached the number 1 ranking on the New York Times best-seller list : *The Key to Rebecca, Lie Down with Lions, Triple* and *World Without End*.",False,/works/OL1914077W
A history of New York,Washington Irving,Washington Irving,1,Historical Fiction,Historical Fiction,"Dutch Americans, Social life and customs, Literature",,,,,472,Classic/Bestseller,True,5.0,1.0,534.0,True,Epic (500+),36.0,2.0,1.0,39.0,0.333,1783-04-03,1783,1859-11-28,1859,Deceased,,"American author, essayist, biographer and historian of the early 19th century. He was best known for his short stories ""The Legend of Sleepy Hollow"" and ""Rip Van Winkle"", both of which appear in his book ""The Sketch Book of Geoffrey Crayon, Gent"" (<a href=http://en.wikipedia.org/wiki/Washington_Irvi",True,/works/OL63871W
Admiral Hornblower in the West Indies,"C. S. Forester, C. S. Forrester, c.s. forester",C. S. Forester,3,Historical Fiction,Historical Fiction,"Fiction, Naval History, Horatio Hornblower (Fictitious character)",1956,1950,1950–1999,70,99,Popular,True,,,,False,,,,,,,,,,,Unknown,,Not available,False,/works/OL1937674W
Adventures of Huckleberry Finn,Mark Twain,Mark Twain,1,Historical Fiction,Historical Fiction,"Adventure and adventurers, Adventure stories, American fiction (fictional works by one author)",1876,1870,Pre-1900,150,2623,Classic/Bestseller,True,,,,False,,,,,,,,,,,Unknown,,Not available,False,/works/OL53908W
Afloat and Ashore a Sea Tale,James Fenimore Cooper,James Fenimore Cooper,1,Historical Fiction,Historical Fiction,"Fiction, Seafaring life, Merchant mariners",,,,,74,Popular,True,,,,False,,,,,,,1789-09-15,1789,1851-09-14,1851,Deceased,,"James Fenimore Cooper was a prolific and popular American writer of the early 19th century. He is best remembered as a novelist who wrote numerous sea-stories and the historical novels known as the Leatherstocking Tales, featuring frontiersman Natty Bumppo. Among his most famous works is the Romanti",False,/works/OL77980W
All the Light We Cannot See,Anthony Doerr,Anthony Doerr,1,Historical Fiction,Historical Fiction,"Blind, FICTION / General, Fiction",2014,2010,2000+,12,72,Popular,True,,,,False,,,,,,,,,,,Unknown,,Not available,False,/works/OL16821606W
Among Malay Pirates,G. A. Henty,G. A. Henty,1,Historical Fiction,Historical Fiction,"Fiction, Historical Fiction, Children's stories, English",1899,1890,Pre-1900,127,75,Popular,True,,,,False,,,,,,,,,,,Unknown,,Not available,False,/works/OL1794625W
An Anarchist,Joseph Conrad,Joseph Conrad,1,Historical Fiction,Historical Fiction,"Fiction, Historical Fiction, Historical, General",2004,2000,2000+,22,45,Popular,False,,,,False,,,,,,,,,,,Unknown,,Not available,False,/works/OL15010382W
Atonement,Ian McEwan,Ian McEwan,1,Historical Fiction,Historical Fiction,"Historical romance, Dunkirk Evacuation, National Book Critics Circle Award Winner",2001,2000,2000+,25,76,Popular,True,,,,False,,,,,,,,,,,Unknown,,Not available,False,/works/OL1855944W
Bel-Ami,Guy de Maupassant,Guy de Maupassant,1,Historical Fiction,Historical Fiction,"Translations from French, Fiction in English, Translations into English",1893,1890,Pre-1900,133,138,Classic/Bestseller,True,,,,False,,,,,,,,,,,Unknown,,Not available,False,/works/OL93842W
Beloved,Toni Morrison,Toni Morrison,1,Historical Fiction,Historical Fiction,"African American History, Ohio, History",1987,1980,1950–1999,39,111,Classic/Bestseller,True,,,,False,,,,,,,,,,,Unknown,,Not available,False,/works/OL50548W
Ben Hur,Lew Wallace,Lew Wallace,1,Historical Fiction,Historical Fiction,"Fiction, Historical fiction, Christian, Historical",,,,,201,Classic/Bestseller,True,,,,False,,,,,,,,,,,Unknown,,Not available,False,/works/OL240210W
Ben-Hur,Lewis Wallace,Lewis Wallace,1,Historical Fiction,Historical Fiction,"Fiction, History of Biblical events, History",1961,1960,1950–1999,65,65,Popular,True,,,,False,,,,,,,,,,,Unknown,,Not available,False,/works/OL11841475W
Benim Adım Kırmızı,"Orhan Pamuk, Amankeldī Qūrmet",Orhan Pamuk,2,Historical Fiction,Historical Fiction,"Middle East Literature and Drama, Modern Comparative Literature, Ficción",1998,1990,1950–1999,28,55,Popular,True,,,,False,,,,,,,,,,,Unknown,,Not available,False,/works/OL1019598W
Betty Zane,Zane Grey,Zane Grey,1,Historical Fiction,Historical Fiction,"Fiction, Historical, General, American Revolution (1775-1783) fast (OCoLC)fst01351668",1903,1900,1900–1949,123,189,Classic/Bestseller,True,,,,False,,,,,,,1872-01-31,1872,1939-10-23,1939,Deceased,31,"Zane Grey was an American author best known for his popular adventure novels and stories that presented an idealized image of the rugged Old West. As of June 2007, the Internet Movie Database credits Grey with 110 films, one TV episode, and a series, Dick Powell's Zane Grey Theater based loosely on ",False,/works/OL485406W
Billy Budd,Herman Melville,Herman Melville,1,Historical Fiction,Historical Fiction,"Open_syllabus_project, Literature, Classics",,,,,90,Popular,True,,,,False,,,,,,,,,,,Unknown,,Not available,False,/works/OL102746W
Birdsong,Sebastian Faulks,Sebastian Faulks,1,Historical Fiction,Historical Fiction,"Love stories, World War, 1914-1918, Fiction",1993,1990,1950–1999,33,46,Popular,True,,,,False,,,,,,,,,,,Unknown,,Not available,False,/works/OL80181W
Bonnie Prince Charles,G. A. Henty,G. A. Henty,1,Historical Fiction,Historical Fiction,"Fiction, Historical, General, Great britain, Juvenile fiction",1887,1880,Pre-1900,139,45,Popular,True,,,,False,,,,,,,,,,,Unknown,,Not available,False,/works/OL1794488W
Boyhood,"Лев Толстой, Charles James Hogarth",Лев Толстой,2,Historical Fiction,Historical Fiction,"Fiction, Historical Fiction, Classic Literature",1854,1850,Pre-1900,172,209,Classic/Bestseller,True,,,,False,,,,,,,1828-09-09,1828,1910-11-20,1910,Deceased,26,"Лев Николаевич Толстой (9 сентября 1828 – 20 ноября 1910) – русский писатель. Он считается одним из величайших и самых влиятельных авторов всех времён. Среди наиболее известных произведений Толстого – романы «Война и мир» (1869) и «Анна Каренина» (1878), которые часто называют вершинами реалистическ",False,/works/OL267182W
Bring Up the Bodies,Hilary Mantel,Hilary Mantel,1,Historical Fiction,Historical Fiction,"Fiction, Historical fiction, Literary fiction",2012,2010,2000+,14,55,Popular,True,,,,False,,,,,,,,,,,Unknown,,Not available,False,/works/OL16547664W
Caddie Woodlawn,Carol Ryrie Brink,Carol Ryrie Brink,1,Historical Fiction,Historical Fiction,"Tomboys, Adolescence & Coming of Age, Adventure",1935,1930,1900–1949,91,56,Popular,True,,,,False,,,,,,,,,,,Unknown,,Not available,False,/works/OL265984W
Captain Corelli's Mandolin,Louis de Bernières,Louis de Bernières,1,Historical Fiction,Historical Fiction,"Fiction, World War, 1939-1945, History",1994,1990,1950–1999,32,70,Popular,True,,,,False,,,,,,,,,,,Unknown,,Not available,False,/works/OL7920331W
Caravanas/Caravans,James A. Michener,James A. Michener,1,Historical Fiction,Historical Fiction,"Fiction in English, Fiction, Americans",1963,1960,1950–1999,63,54,Popular,True,,,,False,,,,,,,,,,,Unknown,,Not available,False,/works/OL2385272W
Child of the morning,Pauline Gedge,Pauline Gedge,1,Historical Fiction,Historical Fiction,"Kings and rulers, Literature, Fiction..",1977,1970,1950–1999,49,44,Popular,True,,,,False,,,,,,,,,,,Unknown,,Not available,False,/works/OL60085W
Coniston,Winston Churchill,Winston Churchill,1,Historical Fiction,Historical Fiction,"Fiction, Historical Fiction, Politics and government",1906,1900,1900–1949,120,102,Classic/Bestseller,True,,,,False,,,,,,,,,,,Unknown,,Not available,False,/works/OL2341852W
Das Parfum,Patrick Süskind,Patrick Süskind,1,Historical Fiction,Historical Fiction,"Historical fiction, Psychological thriller, Dark fantasy",1985,1980,1950–1999,41,106,Classic/Bestseller,True,,,,False,,,,,,,,,,,Unknown,,Not available,False,/works/OL10834W
David Balfour,Robert Louis Stevenson,Robert Louis Stevenson,1,Historical Fiction,Historical Fiction,"Adventure and adventurers, Fiction, History",1883,1880,Pre-1900,143,280,Classic/Bestseller,True,,,,False,,,,,,,1850-11-13,1850,1894-12-03,1894,Deceased,33,"Robert Louis Stevenson (born Robert Lewis Balfour Stevenson; 13 November 1850 – 3 December 1894) was a Scottish novelist, essayist, poet and travel writer. He is best known for works such as Treasure Island, Strange Case of Dr Jekyll and Mr Hyde, Kidnapped and A Child's Garden of Verses.",False,/works/OL24163W
David Copperfield,Charles Dickens,Charles Dickens,1,Historical Fiction,Historical Fiction,"British and irish drama (dramatic works by one author), Children's fiction, Orphans, Fiction",,,,,846,Classic/Bestseller,True,,,624.0,False,Epic (500+),,,,,,,,,,Unknown,,Not available,False,/works/OL8662242W
Democracy,Henry Adams,Henry Adams,1,Historical Fiction,Historical Fiction,"Fiction, Widows, Legislators",1880,1880,Pre-1900,146,135,Classic/Bestseller,True,,,,False,,,,,,,,,,,Unknown,,Not available,False,/works/OL24219W
Der Kaiser,Georg Moritz Ebers,Georg Moritz Ebers,1,Historical Fiction,Historical Fiction,"Fiction, Historical Fiction, History",1880,1880,Pre-1900,146,82,Popular,True,,,,False,,,,,,,,,,,Unknown,,Not available,False,/works/OL54686W
Die Blechtrommel,Günter Grass,Günter Grass,1,Historical Fiction,Historical Fiction,"Fiction, History, German Historical fiction",1959,1950,1950–1999,67,111,Classic/Bestseller,True,,,,False,,,,,,,,,,,Unknown,,Not available,False,/works/OL67334W
Die Nilbraut,Georg Moritz Ebers,Georg Moritz Ebers,1,Historical Fiction,Historical Fiction,"Fiction, Historical Fiction, Ancient History",1880,1880,Pre-1900,146,69,Popular,True,,,,False,,,,,,,,,,,Unknown,,Not available,False,/works/OL54714W
Dom Casmurro,Machado de Assis,Machado de Assis,1,Historical Fiction,Historical Fiction,"Religious, Fiction, Reminiscing in old age",,,,,90,Popular,True,,,,False,,,,,,,,,,,Unknown,,Not available,False,/works/OL1003040W
Dragon Seed (Progress English),"Pearl S. Buck, Adam Verner, Ellen O'Connor",Pearl S. Buck,3,Historical Fiction,Historical Fiction,"Peace, World War, 1939-1945, American Historical fiction",1941,1940,1900–1949,85,47,Popular,True,,,,False,,,,,,,,,,,Unknown,,Not available,False,/works/OL1140131W
East of Eden,John Steinbeck,John Steinbeck,1,Historical Fiction,Historical Fiction,"Migrant labor, Historical fiction, Domestic fiction",1952,1950,1950–1999,74,104,Classic/Bestseller,True,,,,False,,,,,,,,,,,Unknown,,Not available,False,/works/OL23166W
Eine aegyptische Königstochter,Georg Moritz Ebers,Georg Moritz Ebers,1,Historical Fiction,Historical Fiction,"Egypt in fiction, Fiction, History",,,,,183,Classic/Bestseller,True,,,,False,,,,,,,,,,,Unknown,,Not available,False,/works/OL54722W
El Dorado,Emma Orczy,Emma Orczy,1,Historical Fiction,Historical Fiction,"Classic Literature, Fiction, Historical Fiction",1913,1910,1900–1949,113,246,Classic/Bestseller,True,,,,False,,,,,,,1865-09-23,1865,1947-11-12,1947,Deceased,48,"Baroness Emma Magdolna Rozália Mária Jozefa Borbála ""Emmuska"" Orczy de Orczi was born in Tarnaörs, Heves County, Hungary, the daughter of composer Baron Felix Orczy and Countess Emma Wass. In 1868, fearing a potential peasant revolution, her parents left Hungary. They lived in Budapest, Brussels, an",False,/works/OL8722827W
El Honor del Silencio,Danielle Steel,Danielle Steel,1,Historical Fiction,Historical Fiction,"Young women, Japanese fiction, Japanese Americans",1996,1990,1950–1999,30,53,Popular,True,,,,False,,,,,,,1947-08-14,1947,,,Living,49,"Danielle Fernandes Dominique Schuelein-Steel, better known by the name Danielle Steel, is an American novelist, currently the best selling author alive and the fourth bestselling fiction author of all time, with over 800 million copies sold. [Wikipedia][1]


  [1]: https://en.wikipedia.org/wiki/D",False,/works/OL19579W
El Zorro,Isabel Allende,Isabel Allende,1,Historical Fiction,Historical Fiction,"Adventure stories, History, Pirates",2005,2000,2000+,21,55,Popular,True,,,,False,,,,,,,,,,,Unknown,,Not available,False,/works/OL1905366W
Fall of Giants,Ken Follett,Ken Follett,1,Historical Fiction,Historical Fiction,"World War, 1914-1918, Fiction, History",2010,2010,2000+,16,43,Popular,True,,,,False,,,,,,,1949-06-05,1949,,,Living,61,"Ken Follett is a British author of thrillers and historical novels. He has sold more then 100 million copies of his works. Four of his books have reached the number 1 ranking on the New York Times best-seller list : *The Key to Rebecca, Lie Down with Lions, Triple* and *World Without End*.",False,/works/OL15382656W
Flashman from the Flashman Papers 1839-1842,George MacDonald Fraser,George MacDonald Fraser,1,Historical Fiction,Historical Fiction,"Fiction, British, Harry Paget Flashman (Fictitious character)",1969,1960,1950–1999,57,40,Popular,True,,,,False,,,,,,,,,,,Unknown,,Not available,False,/works/OL1823721W
For Whom the Bell Tolls,Ernest Hemingway,Ernest Hemingway,1,Historical Fiction,Historical Fiction,"Spain in fiction, Fiction, History",1940,1940,1900–1949,86,185,Classic/Bestseller,True,,,,False,,,,,,,,,,,Unknown,,Not available,False,/works/OL63009W
Freedom Road,Howard Fast,Howard Fast,1,Historical Fiction,Historical Fiction,"Fiction, Reconstruction (U.S. history, 1865-1877), African American men",1944,1940,1900–1949,82,45,Popular,True,,,,False,,,,,,,,,,,Unknown,,Not available,False,/works/OL1067137W
Friends Though Divided,G. A. Henty,G. A. Henty,1,Historical Fiction,Historical Fiction,"Juvenile fiction, History, Juvenile literature",1883,1880,Pre-1900,143,56,Popular,True,,,,False,,,,,,,,,,,Unknown,,Not available,False,/works/OL1794661W
From Here to Eternity,James Jones,James Jones,1,Historical Fiction,Historical Fiction,"National Book Award Winner, Award:national_book_award=1952, Award:national_book_award=fiction",1951,1950,1950–1999,75,60,Popular,True,,,,False,,,,,,,,,,,Unknown,,Not available,False,/works/OL3000715W
Girl with a Pearl Earring,Tracy Chevalier,Tracy Chevalier,1,Historical Fiction,Historical Fiction,"Artists' models, Artists' models in fiction, Social life and customs",1999,1990,1950–1999,27,47,Popular,True,,,,False,,,,,,,,,,,Unknown,,Not available,False,/works/OL456231W
Gone With the Wind,Margaret Mitchell,Margaret Mitchell,1,Historical Fiction,Historical Fiction,"Survival, Slavery, Bildungsroman",1936,1930,1900–1949,90,362,Classic/Bestseller,True,3.71,52.0,,False,,,,,,,,,,,Unknown,,Not available,False,/works/OL267933W
Half of a Yellow Sun,Chimamanda Ngozi Adichie,Chimamanda Ngozi Adichie,1,Historical Fiction,Historical Fiction,"Literary fiction, Historical fiction, Political fiction",2006,2000,2000+,20,43,Popular,True,,,,False,,,,,,,1977,1977,,,Living,29,"Chimamanda Ngozi Adichie grew up in Nigeria. Her work has been translated into thirty languages and has appeared in various publications, including The New Yorker, Granta, The O. Henry Prize Stories, the Financial Times, and Zoetrope. She is the author of the novels Purple Hibiscus, which won the Co",False,/works/OL5731542W
Heidi,"Spyri, Johanna",Spyri,2,Historical Fiction,Historical Fiction,"Johanna Spyri, Children, Grades 3-4",1885,1880,Pre-1900,141,180,Classic/Bestseller,True,,,,False,,,,,,,,,,,Unknown,,Not available,False,/works/OL1455042W
Helen of Troy,Andrew Lang,Andrew Lang,1,Historical Fiction,Historical Fiction,"Helen of Troy (Greek mythology), Poetry, Fiction",1882,1880,Pre-1900,144,282,Classic/Bestseller,True,,,,False,,,,,,,,,,,Unknown,,Not available,False,/works/OL415234W
Hija de la fortuna,Isabel Allende,Isabel Allende,1,Historical Fiction,Historical Fiction,"Gold mines and mining, Fiction, History",1998,1990,1950–1999,28,75,Popular,True,,,,False,,,,,,,,,,,Unknown,,Not available,False,/works/OL1905246W
Home as found,James Fenimore Cooper,James Fenimore Cooper,1,Historical Fiction,Historical Fiction,"Historical fiction, Fiction, Historical, General, American fiction (fictional works by one author)",,,,,62,Popular,True,,,,False,,,,,,,1789-09-15,1789,1851-09-14,1851,Deceased,,"James Fenimore Cooper was a prolific and popular American writer of the early 19th century. He is best remembered as a novelist who wrote numerous sea-stories and the historical novels known as the Leatherstocking Tales, featuring frontiersman Natty Bumppo. Among his most famous works is the Romanti",False,/works/OL77952W
Il Gattopardo,Giuseppe Tomasi di Lampedusa,Giuseppe Tomasi di Lampedusa,1,Historical Fiction,Historical Fiction,"Fiction, History, General",1958,1950,1950–1999,68,94,Popular,True,,,,False,,,,,,,,,,,Unknown,,Not available,False,/works/OL2386305W
Il barone rampante,Italo Calvino,Italo Calvino,1,Historical Fiction,Historical Fiction,"History, Fiction, Continental european fiction (fictional works by one author)",1957,1950,1950–1999,69,50,Popular,True,,,,False,,,,,,,,,,,Unknown,,Not available,False,/works/OL15322W
In Freedom's Cause,G. A. Henty,G. A. Henty,1,Historical Fiction,Historical Fiction,"Adventure and adventurers, Fiction, History",1884,1880,Pre-1900,142,101,Classic/Bestseller,True,,,,False,,,,,,,,,,,Unknown,,Not available,False,/works/OL1794681W
Inés del alma mía,Isabel Allende,Isabel Allende,1,Historical Fiction,Historical Fiction,"Fiction, Historical fiction, History",2006,2000,2000+,20,53,Popular,True,,,,False,,,,,,,,,,,Unknown,,Not available,False,/works/OL1905356W
Island of the Blue Dolphins,Scott O’Dell,Scott O’Dell,1,Historical Fiction,Historical Fiction,"Children's fiction, Islands, Fiction",1960,1960,1950–1999,66,89,Popular,True,,,,False,,,,,,,,,,,Unknown,,Not available,False,/works/OL1503145W
Israel Potter,Herman Melville,Herman Melville,1,Historical Fiction,Historical Fiction,"Historical Fiction, Fiction, Exiles",1855,1850,Pre-1900,171,56,Popular,True,,,,False,,,,,,,,,,,Unknown,,Not available,False,/works/OL102743W
Ivanhoe,Sir Walter Scott,Sir Walter Scott,1,Historical Fiction,Historical Fiction,"Fiction, History, Knights and knighthood",,,,,481,Classic/Bestseller,True,3.62,16.0,624.0,False,Epic (500+),218.0,8.0,33.0,259.0,0.805,1771-08-15,1771,1832-09-21,1832,Deceased,,"Sir Walter Scott, 1st Baronet, was a prolific Scottish historical novelist and poet, popular throughout Europe during his time. Scott has been said to be particularly associated with Toryism, though several passages in Tales of a Grandfather display a liberal, progressive and Unionist outlook on Sco",True,/works/OL863808W
Jakob der Lügner,Jurek Becker,Jurek Becker,1,Historical Fiction,Historical Fiction,"Holocaust, Jewish (1939-1945), Jews, World War, 1939-1945",1969,1960,1950–1999,57,43,Popular,True,,,,False,,,,,,,,,,,Unknown,,Not available,False,/works/OL266834W
Johnny Tremain,Esther Forbes,Esther Forbes,1,Historical Fiction,Historical Fiction,"History, Juvenile fiction, Fiction",1943,1940,1900–1949,83,70,Popular,True,,,,False,,,,,,,,,,,Unknown,,Not available,False,/works/OL2291764W
Kane & Abel,Jeffrey Archer,Jeffrey Archer,1,Historical Fiction,Historical Fiction,"Titanic, Poles, Boston Brahmins",1979,1970,1950–1999,47,76,Popular,True,,,,False,,,,,,,,,,,Unknown,,Not available,False,/works/OL1807144W
King Rat,James Clavell,James Clavell,1,Historical Fiction,Historical Fiction,"Fiction, Historical Fiction, Japanese Prisoners and prisons",1950,1950,1950–1999,76,49,Popular,True,,,,False,,,,,,,1924-10-10,1924,1994-09-07,1994,Deceased,26,"James Clavell (born Charles Edmund Dumaresq Clavell; October 10, 1924 – September 6, 1994) was an Australian-born British author, screenwriter, and director, best known for his *Asian Saga* consisting of 6 novels, including the critically acclaimed [*Shōgun*][2] (1975). This epic historical novel, i",False,/works/OL2918736W
King of Khyber Rifles,Talbot Mundy,Talbot Mundy,1,Historical Fiction,Historical Fiction,"Fiction, General, India",1916,1910,1900–1949,110,40,Popular,True,,,,False,,,,,,,,,,,Unknown,,Not available,False,/works/OL5730383W
L'amica geniale,Elena Ferrante,Elena Ferrante,1,Historical Fiction,Historical Fiction,"Friendship, Fiction, Female friendship",2011,2010,2000+,15,40,Popular,True,,,,False,,,,,,,,,,,Unknown,,Not available,False,/works/OL16520879W
La Bataille de Kadesh,Christian Jacq,Christian Jacq,1,Historical Fiction,Historical Fiction,"Literature and fiction, Historical fiction, Fiction, Historical, General",1996,1990,1950–1999,30,46,Popular,True,,,,False,,,,,,,,,,,Unknown,,Not available,False,/works/OL695634W
La dame d'Abou Simbel,Christian Jacq,Christian Jacq,1,Historical Fiction,Historical Fiction,"Fiction, Civilization, Abou Simbel (Égypte ; site archéologique)",1996,1990,1950–1999,30,46,Popular,True,,,,False,,,,,,,,,,,Unknown,,Not available,False,/works/OL695681W
La isla bajo el mar,Isabel Allende,Isabel Allende,1,Historical Fiction,Historical Fiction,"Fiction, Colonies, Social conditions",2009,2000,2000+,17,46,Popular,True,,,,False,,,,,,,,,,,Unknown,,Not available,False,/works/OL1905293W
La tulipe noire,Alexandre Dumas,Alexandre Dumas,1,Historical Fiction,Historical Fiction,"Fiction, Tulip Mania, 1634-1637, History",,,,,399,Classic/Bestseller,True,4.0,6.0,,False,,,,,,,1824,1824,1895,1895,Deceased,,"Alexandre Dumas fils (French: [alɛksɑ̃dʁ dymɑ fis]; 27 July 1824 – 27 November 1895) was a French author and playwright, best known for the romantic novel La Dame aux Camélias (The Lady of the Camellias), published in 1848, which was adapted into Giuseppe Verdi's 1853 opera La traviata (The Fallen W",False,/works/OL36854W
Le Temple des Millions d'Années,"Christian Jacq, Antoni Dalmau i Ribalta",Christian Jacq,2,Historical Fiction,Historical Fiction,"Fiction, Historical Fiction, Historical, General",1996,1990,1950–1999,30,50,Popular,True,,,,False,,,,,,,,,,,Unknown,,Not available,False,/works/OL695667W
Le fils de la lumière,"Christian Jacq, Antoni Dalmau i Ribalta",Christian Jacq,2,Historical Fiction,Historical Fiction,"Fiction, Civilization, Ramses in fiction",1824,1820,Pre-1900,202,48,Popular,True,,,,False,,,,,,,,,,,Unknown,,Not available,False,/works/OL695649W
"Le vicomte de Bragelonne, ou, dix ans plus tard","Alexandre Dumas, Auguste Maquet",Alexandre Dumas,2,Historical Fiction,Historical Fiction,"Fiction, History, Romans",1848,1840,Pre-1900,178,356,Classic/Bestseller,True,,,,False,,,,,,,1824,1824,1895,1895,Deceased,24,"Alexandre Dumas fils (French: [alɛksɑ̃dʁ dymɑ fis]; 27 July 1824 – 27 November 1895) was a French author and playwright, best known for the romantic novel La Dame aux Camélias (The Lady of the Camellias), published in 1848, which was adapted into Giuseppe Verdi's 1853 opera La traviata (The Fallen W",False,/works/OL36738W
Les Misérables,Victor Hugo,Victor Hugo,1,Historical Fiction,Historical Fiction,"Poverty, Fiction, Readers",1862,1860,Pre-1900,164,526,Classic/Bestseller,True,4.24,58.0,183.0,False,Short (<200),880.0,65.0,106.0,1051.0,0.62,1802-02-26,1802,1885-05-22,1885,Deceased,60,"Victor-Marie Hugo was a French poet, playwright, novelist, essayist, visual artist, statesman, human rights activist and exponent of the Romantic movement in France.

In France, Hugo's literary fame comes first from his poetry but also rests upon his novels and his dramatic achievements. Among man",True,/works/OL1063588W
Les trois Mousquetaires,Alexandre Dumas,Alexandre Dumas,1,Historical Fiction,Historical Fiction,"History, Fiction, Swordsmen",1844,1840,Pre-1900,182,1105,Classic/Bestseller,True,,,,False,,,,,,,1824,1824,1895,1895,Deceased,20,"Alexandre Dumas fils (French: [alɛksɑ̃dʁ dymɑ fis]; 27 July 1824 – 27 November 1895) was a French author and playwright, best known for the romantic novel La Dame aux Camélias (The Lady of the Camellias), published in 1848, which was adapted into Giuseppe Verdi's 1853 opera La traviata (The Fallen W",False,/works/OL36861W
Liebeszauber,Louise Erdrich,Louise Erdrich,1,Historical Fiction,Historical Fiction,"Fiction, Indians of North America, Ojibwa Indians",1984,1980,1950–1999,42,46,Popular,True,,,,False,,,,,,,,,,,Unknown,,Not available,False,/works/OL479009W
Life on the Mississippi,Mark Twain,Mark Twain,1,Historical Fiction,Historical Fiction,"American Authors, Fiction, Historical Fiction",1883,1880,Pre-1900,143,157,Classic/Bestseller,True,,,,False,,,,,,,,,,,Unknown,,Not available,False,/works/OL53959W
Lionel Lincoln,James Fenimore Cooper,James Fenimore Cooper,1,Historical Fiction,Historical Fiction,"Fiction, History, Historical fiction",,,,,43,Popular,True,,,,False,,,,,,,1789-09-15,1789,1851-09-14,1851,Deceased,,"James Fenimore Cooper was a prolific and popular American writer of the early 19th century. He is best remembered as a novelist who wrote numerous sea-stories and the historical novels known as the Leatherstocking Tales, featuring frontiersman Natty Bumppo. Among his most famous works is the Romanti",False,/works/OL78042W
Little Big Man,"Thomas Berger, Gilda Berger, T. Berger",Thomas Berger,3,Historical Fiction,Historical Fiction,"Literature and fiction, Historical fiction, American fiction (fictional works by one author), Indians of north america, Fiction",1964,1960,1950–1999,62,39,Popular,True,,,,False,,,,,,,,,,,Unknown,,Not available,False,/works/OL137282W
Little House on the Prairie,Laura Ingalls Wilder,Laura Ingalls Wilder,1,Historical Fiction,Historical Fiction,"Osage Nation, Covered wagons, Juvenile audience",1935,1930,1900–1949,91,130,Classic/Bestseller,True,,,,False,,,,,,,,,,,Unknown,,Not available,False,/works/OL1719792W
Little Town on the Prairie,Laura Ingalls Wilder,Laura Ingalls Wilder,1,Historical Fiction,Historical Fiction,"Families, Frontier and pioneer life, Family",1941,1940,1900–1949,85,58,Popular,True,,,,False,,,,,,,,,,,Unknown,,Not available,False,/works/OL1719805W
Long Live the King!,Mary Roberts Rinehart,Mary Roberts Rinehart,1,Historical Fiction,Historical Fiction,"Fiction, Action & adventure, Europe, Romance, General",1917,1910,1900–1949,109,132,Classic/Bestseller,True,,,,False,,,,,,,,,,,Unknown,,Not available,False,/works/OL137385W
Lord Tony's Wife,Emma Orczy,Emma Orczy,1,Historical Fiction,Historical Fiction,"Fiction, History, Sir Blakeney, Percy (Fictitious character)",1917,1910,1900–1949,109,116,Classic/Bestseller,True,,,,False,,,,,,,1865-09-23,1865,1947-11-12,1947,Deceased,52,"Baroness Emma Magdolna Rozália Mária Jozefa Borbála ""Emmuska"" Orczy de Orczi was born in Tarnaörs, Heves County, Hungary, the daughter of composer Baron Felix Orczy and Countess Emma Wass. In 1868, fearing a potential peasant revolution, her parents left Hungary. They lived in Budapest, Brussels, an",False,/works/OL1253281W
Marius the Epicurean,Walter Pater,Walter Pater,1,Historical Fiction,Historical Fiction,"Christianity and other religions, Fiction, Roman",1885,1880,Pre-1900,141,172,Classic/Bestseller,True,,,,False,,,,,,,,,,,Unknown,,Not available,False,/works/OL43659W
Master and Commander,Patrick O'Brian,Patrick O'Brian,1,Historical Fiction,Historical Fiction,"Unabridged Audio - Fiction/General, Fiction, Historical - General",1969,1960,1950–1999,57,47,Popular,True,,,,False,,,,,,,,,,,Unknown,,Not available,False,/works/OL8702048W
Memoirs of a Geisha,Arthur Golden,Arthur Golden,1,Historical Fiction,Historical Fiction,"Social life and customs, Literature",1997,1990,1950–1999,29,103,Classic/Bestseller,True,,,,False,,,,,,,,,,,Unknown,,Not available,False,/works/OL1856675W
"Mercedes of Castile, or, The voyage to Cathay",James Fenimore Cooper,James Fenimore Cooper,1,Historical Fiction,Historical Fiction,"Fiction, Historical fiction, Specimens",,,,,42,Popular,True,,,,False,,,,,,,1789-09-15,1789,1851-09-14,1851,Deceased,,"James Fenimore Cooper was a prolific and popular American writer of the early 19th century. He is best remembered as a novelist who wrote numerous sea-stories and the historical novels known as the Leatherstocking Tales, featuring frontiersman Natty Bumppo. Among his most famous works is the Romanti",False,/works/OL78037W
Metamorphoses,"Lucius Apuleius, William Adlington, Lucio Apuleyo, Lucio Apuleio, Apuleio, Apuleius, Marina Cavalli, Costanza Viareggi, Firenzuola, Agnolo, Matteo Maria Boiardo, Nicolò Zoppino, Vicentio",Lucius Apuleius,13,Historical Fiction,Historical Fiction,"Fiction, Classical Mythology, Metamorphosis",1500,1500,Pre-1900,526,449,Classic/Bestseller,True,,,89.0,False,Short (<200),74.0,2.0,17.0,93.0,0.895,,,,,Unknown,,Not available,True,/works/OL658250W
Midwinter,John Buchan,John Buchan,1,Historical Fiction,Historical Fiction,"Fiction, Historical, General, England, Jacobite rebellion, 1745-1746",1923,1920,1900–1949,103,184,Classic/Bestseller,True,,,,False,,,,,,,1875-08-26,1875,1940-02-11,1940,Deceased,48,"A Scottish novelist, historian and Unionist politician who served as Governor General of Canada, the 15th since Canadian Confederation (<a href=https://en.wikipedia.org/wiki/John_Buchan>Wikipedia</a>).",False,/works/OL76588W
Miles Wallingford,James Fenimore Cooper,James Fenimore Cooper,1,Historical Fiction,Historical Fiction,"Historical fiction, Fiction, Historical, General, American fiction (fictional works by one author)",1844,1840,Pre-1900,182,55,Popular,True,,,,False,,,,,,,1789-09-15,1789,1851-09-14,1851,Deceased,55,"James Fenimore Cooper was a prolific and popular American writer of the early 19th century. He is best remembered as a novelist who wrote numerous sea-stories and the historical novels known as the Leatherstocking Tales, featuring frontiersman Natty Bumppo. Among his most famous works is the Romanti",False,/works/OL78061W
Montezuma's daughter,H. Rider Haggard,H. Rider Haggard,1,Historical Fiction,Historical Fiction,"Fiction, History, Mexico",1893,1890,Pre-1900,133,259,Classic/Bestseller,True,,,,False,,,,,,,1856-06-22,1856,1925-05-14,1925,Deceased,37,"English writer of adventure novels set in exotic locations, predominantly Africa, and a founder of the Lost World literary genre.",False,/works/OL17529W
Noli Me Tangere,José Rizal,José Rizal,1,Historical Fiction,Historical Fiction,"Economics, Classic Literature, Fiction",1902,1900,1900–1949,124,135,Classic/Bestseller,True,,,,False,,,,,,,,,,,Unknown,,Not available,False,/works/OL1622789W
Novels (The Call of the Wild / White Fang),Jack London,Jack London,1,Historical Fiction,Historical Fiction,"Fiction, Wolfdogs, Feral dogs",1962,1960,1950–1999,64,82,Popular,True,,,,False,,,,,,,1876-01-12,1876,1916-11-22,1916,Deceased,86,"John Griffith London (born John Griffith Chaney; January 12, 1876 – November 22, 1916) was an American novelist, journalist, and social activist. A pioneer in the world of commercial magazine fiction, he was one of the first writers to become a worldwide celebrity and earn a large fortune from writi",False,/works/OL144709W
Number the Stars,Lois Lowry,Lois Lowry,1,Historical Fiction,Historical Fiction,"Fiction, Friendship, Rescue",1901,1900,1900–1949,125,91,Popular,True,,,,False,,,,,,,,,,,Unknown,,Not available,False,/works/OL1846074W
O Pioneers!,Willa Cather,Willa Cather,1,Historical Fiction,Historical Fiction,"Fiction, Women pioneers, Women farmers",1913,1910,1900–1949,113,613,Classic/Bestseller,True,3.83,12.0,534.0,True,Epic (500+),77.0,3.0,18.0,98.0,0.857,,,,,Unknown,,Not available,True,/works/OL12795W
Oak Openings,James Fenimore Cooper,James Fenimore Cooper,1,Historical Fiction,Historical Fiction,"Fiction, Indians of North America, Indians of North America in fiction",,,,,52,Popular,True,,,,False,,,,,,,1789-09-15,1789,1851-09-14,1851,Deceased,,"James Fenimore Cooper was a prolific and popular American writer of the early 19th century. He is best remembered as a novelist who wrote numerous sea-stories and the historical novels known as the Leatherstocking Tales, featuring frontiersman Natty Bumppo. Among his most famous works is the Romanti",False,/works/OL78064W
Of Mice and Men,John Steinbeck,John Steinbeck,1,Historical Fiction,Historical Fiction,"Contemporary fiction, Literary fiction, Classics",1937,1930,1900–1949,89,292,Classic/Bestseller,True,,,,False,,,,,,,,,,,Unknown,,Not available,False,/works/OL23204W
Ogniem i mieczem,"Henryk Sienkiewicz, Jeremiah Curtin",Henryk Sienkiewicz,2,Historical Fiction,Historical Fiction,"Fiction, Poland in fiction, History",1890,1890,Pre-1900,136,95,Popular,True,,,,False,,,,,,,1846-05-05,1846,1916-11-15,1916,Deceased,44,"Polnischer Schriftsteller und Träger des Literaturnobelpreises.

Polish epic novelist and 1905 Nobel laureate for Literature",False,/works/OL503492W
Oil!,Upton Sinclair,Upton Sinclair,1,Historical Fiction,Historical Fiction,"Fiction, Petroleum industry and trade, Petroleum industry and trade in fiction",1927,1920,1900–1949,99,58,Popular,True,,,,False,,,,,,,,,,,Unknown,,Not available,False,/works/OL115071W
Old Yeller,Fred Gipson,Fred Gipson,1,Historical Fiction,Historical Fiction,"Classic Literature, Fiction, Juvenile Fiction",1920,1920,1900–1949,106,48,Popular,True,,,,False,,,,,,,,,,,Unknown,,Not available,False,/works/OL6324150W
Oliver Twist,Charles Dickens,Charles Dickens,1,Historical Fiction,Historical Fiction,"Bildungsromans, Boys, Brigands and robbers",1822,1820,Pre-1900,204,2210,Classic/Bestseller,True,,,,False,,,,,,,,,,,Unknown,,Not available,False,/works/OL8193478W
On the Banks of Plum Creek,Laura Ingalls Wilder,Laura Ingalls Wilder,1,Historical Fiction,Historical Fiction,"Fiction, Juvenile fiction, Frontier and pioneer life",1937,1930,1900–1949,89,82,Popular,True,,,,False,,,,,,,,,,,Unknown,,Not available,False,/works/OL1719794W
Orlando,Virginia Woolf,Virginia Woolf,1,Historical Fiction,Historical Fiction,"Nobility in fiction, Gender identity in fiction, Fiction",1928,1920,1900–1949,98,452,Classic/Bestseller,True,4.09,22.0,534.0,True,Epic (500+),401.0,23.0,48.0,472.0,0.676,,,,,Unknown,,Not available,True,/works/OL39360W
Pan Michael An historical novel,Henryk Sienkiewicz,Henryk Sienkiewicz,1,Historical Fiction,Historical Fiction,"History, Fiction, Michael Wisniowiecki, 1669-1673",1893,1890,Pre-1900,133,96,Popular,True,,,,False,,,,,,,1846-05-05,1846,1916-11-15,1916,Deceased,47,"Polnischer Schriftsteller und Träger des Literaturnobelpreises.

Polish epic novelist and 1905 Nobel laureate for Literature",False,/works/OL503413W
Pharos,Guy Boothby,Guy Boothby,1,Historical Fiction,Historical Fiction,"Supernatural, Fiction, Historical Fiction",1899,1890,Pre-1900,127,91,Popular,True,,,,False,,,,,,,,,,,Unknown,,Not available,False,/works/OL1065770W
Plein Ciel,Danielle Steel,Danielle Steel,1,Historical Fiction,Historical Fiction,"Adventure stories, American fiction, Fiction",1988,1980,1950–1999,38,54,Popular,True,,,,False,,,,,,,1947-08-14,1947,,,Living,41,"Danielle Fernandes Dominique Schuelein-Steel, better known by the name Danielle Steel, is an American novelist, currently the best selling author alive and the fourth bestselling fiction author of all time, with over 800 million copies sold. [Wikipedia][1]


  [1]: https://en.wikipedia.org/wiki/D",False,/works/OL19616W
Possession,A. S. Byatt,A. S. Byatt,1,Historical Fiction,Historical Fiction,"Fiction, Manuscripts, Collectors and collecting",1890,1890,Pre-1900,136,41,Popular,True,,,,False,,,,,,,,,,,Unknown,,Not available,False,/works/OL115647W
Precaution,James Fenimore Cooper,James Fenimore Cooper,1,Historical Fiction,Historical Fiction,"Historical fiction, Classic Literature, Fiction",,,,,76,Popular,True,,,,False,,,,,,,1789-09-15,1789,1851-09-14,1851,Deceased,,"James Fenimore Cooper was a prolific and popular American writer of the early 19th century. He is best remembered as a novelist who wrote numerous sea-stories and the historical novels known as the Leatherstocking Tales, featuring frontiersman Natty Bumppo. Among his most famous works is the Romanti",False,/works/OL78069W
Quo Vadis? Powieść z czasów Nerona,Henryk Sienkiewicz,Henryk Sienkiewicz,1,Historical Fiction,Historical Fiction,"Fiction, History, Church history",1895,1890,Pre-1900,131,453,Classic/Bestseller,True,4.0,10.0,690.0,False,Epic (500+),76.0,3.0,13.0,92.0,0.812,1846-05-05,1846,1916-11-15,1916,Deceased,49,"Polnischer Schriftsteller und Träger des Literaturnobelpreises.

Polish epic novelist and 1905 Nobel laureate for Literature",True,/works/OL503424W
Retrato en sepia,Isabel Allende,Isabel Allende,1,Historical Fiction,Historical Fiction,"Families, Fiction, History",2000,2000,2000+,26,71,Popular,True,,,,False,,,,,,,,,,,Unknown,,Not available,False,/works/OL1905303W
Rob Roy,Sir Walter Scott,Sir Walter Scott,1,Historical Fiction,Historical Fiction,"Scottish fiction, Jacobite Rising, Fiction",1817,1810,Pre-1900,209,380,Classic/Bestseller,True,,,534.0,True,Epic (500+),9.0,2.0,2.0,13.0,0.5,1771-08-15,1771,1832-09-21,1832,Deceased,46,"Sir Walter Scott, 1st Baronet, was a prolific Scottish historical novelist and poet, popular throughout Europe during his time. Scott has been said to be particularly associated with Toryism, though several passages in Tales of a Grandfather display a liberal, progressive and Unionist outlook on Sco",True,/works/OL863587W
Robinson Crusoe,Daniel Defoe,Daniel Defoe,1,Historical Fiction,Historical Fiction,"Crusoe, Robinson (fictitious character), Fiction, British and irish fiction (fictional works by one author), Survival",1686,1680,Pre-1900,340,2420,Classic/Bestseller,True,,,,False,,,,,,,,,,,Unknown,,Not available,False,/works/OL45089W
Romance of the three kingdoms,"Luo Guanzhong, C. H. Brewitt-Taylor",Luo Guanzhong,2,Historical Fiction,Historical Fiction,"Three kingdoms, 220-265, Epic literature, Chinese, Chinese Epic literature",1644,1640,Pre-1900,382,71,Popular,True,,,,False,,,,,,,,,,,Unknown,,Not available,False,/works/OL1961811W
Roots,Alex Haley,Alex Haley,1,Historical Fiction,Historical Fiction,"Blacks, History, African American families",1861,1860,Pre-1900,165,63,Popular,True,,,,False,,,,,,,,,,,Unknown,,Not available,False,/works/OL1815447W
Röde Orm,Frans Gunnar Bengtsson,Frans Gunnar Bengtsson,1,Historical Fiction,Historical Fiction,"Swedish fiction, Vikings, Fiction",1943,1940,1900–1949,83,44,Popular,True,,,,False,,,,,,,,,,,Unknown,,Not available,False,/works/OL257663W
Salammbô,Gustave Flaubert,Gustave Flaubert,1,Historical Fiction,Historical Fiction,"Fiction, History, Continental european fiction (fictional works by one author)",1863,1860,Pre-1900,163,240,Classic/Bestseller,True,,,,False,,,,,,,,,,,Unknown,,Not available,False,/works/OL893958W
"Sarah, plain and tall",Patricia MacLachlan,Patricia MacLachlan,1,Historical Fiction,Historical Fiction,"Juvenile literature, Stepmothers, Children's stories, American",1985,1980,1950–1999,41,48,Popular,True,,,,False,,,,,,,,,,,Unknown,,Not available,False,/works/OL2949977W
"Satanstoe ; or, The littlepage manuscripts, a tale of the colony",James Fenimore Cooper,James Fenimore Cooper,1,Historical Fiction,Historical Fiction,"Fiction, History, Historical fiction",1845,1840,Pre-1900,181,72,Popular,True,,,,False,,,,,,,1789-09-15,1789,1851-09-14,1851,Deceased,56,"James Fenimore Cooper was a prolific and popular American writer of the early 19th century. He is best remembered as a novelist who wrote numerous sea-stories and the historical novels known as the Leatherstocking Tales, featuring frontiersman Natty Bumppo. Among his most famous works is the Romanti",False,/works/OL78000W
Sea Tales,James Fenimore Cooper,James Fenimore Cooper,1,Historical Fiction,Historical Fiction,"American Sea stories, Seafaring life",1823,1820,Pre-1900,203,98,Popular,True,,,,False,,,,,,,1789-09-15,1789,1851-09-14,1851,Deceased,34,"James Fenimore Cooper was a prolific and popular American writer of the early 19th century. He is best remembered as a novelist who wrote numerous sea-stories and the historical novels known as the Leatherstocking Tales, featuring frontiersman Natty Bumppo. Among his most famous works is the Romanti",False,/works/OL77972W
Servant of the Bones,Anne Rice,Anne Rice,1,Historical Fiction,Historical Fiction,"Jews, Spirits, Fantasy fiction",1996,1990,1950–1999,30,48,Popular,True,,,,False,,,,,,,1941-10-04,1941,2021-12-11,2021,Deceased,55,"Anne Rice was born on 04 October 1941 in New Orleans, Louisiana, USA. She was the second of four daughters of Irish Catholic parents, Katherine ""Kay"" Allen and Howard O'Brien. In 1961, she married Stan Rice, who passed away in 2002. They had two children, Christopher (1978) and Michele (1966-1972). ",False,/works/OL77825W
Shirley,Charlotte Brontë,Charlotte Brontë,1,Historical Fiction,Historical Fiction,"England, Fiction, British and irish fiction (fictional works by one author), Historical, General",,,,,536,Classic/Bestseller,True,,,,False,,,,,,,1816-04-21,1816,1855-03-31,1855,Deceased,,"Charlotte Brontë was an English novelist, the eldest of the three Brontë sisters whose novels are English literature standards. Under the pen name Currer Bell, she wrote Jane Eyre.  ([Source][1].)

[1]: http://en.wikipedia.org/wiki/Charlotte_Brontë

Her sisters, Anne and Emily, first published t",False,/works/OL1095397W
Siddhartha,Hermann Hesse,Hermann Hesse,1,Historical Fiction,Historical Fiction,"Alegorías, Buddha (The concept), Buddha and Buddhism",1922,1920,1900–1949,104,206,Classic/Bestseller,True,,,,False,,,,,,,1877-07-02,1877,1962-08-09,1962,Deceased,45,"Hermann Karl Hesse -pseudonym: Emil Sinclair- (* 2. Juli 1877 in Calw; † 9. August 1962 in Montagnola, Schweiz), war ein deutsch-schweizerischer Schriftsteller, Dichter und Maler. Bekanntheit erlangte er mit Prosawerken wie *Siddhartha, Demian, Der Steppenwolf* sowie auch *Narziß und Goldmund* und m",False,/works/OL872932W
Sir Percy hits back,Emma Orczy,Emma Orczy,1,Historical Fiction,Historical Fiction,"History, Sir Blakeney, Percy (Fictitious character), Fiction",1927,1920,1900–1949,99,49,Popular,True,,,,False,,,,,,,1865-09-23,1865,1947-11-12,1947,Deceased,62,"Baroness Emma Magdolna Rozália Mária Jozefa Borbála ""Emmuska"" Orczy de Orczi was born in Tarnaörs, Heves County, Hungary, the daughter of composer Baron Felix Orczy and Countess Emma Wass. In 1868, fearing a potential peasant revolution, her parents left Hungary. They lived in Budapest, Brussels, an",False,/works/OL8125148W
So Big,Edna Ferber,Edna Ferber,1,Historical Fiction,Historical Fiction,"Family relationships, Fathers and daughters, Fiction",1920,1920,1900–1949,106,61,Popular,True,,,,False,,,,,,,,,,,Unknown,,Not available,False,/works/OL2646769W
Sounder,William H. Armstrong,William H. Armstrong,1,Historical Fiction,Historical Fiction,"Children: Grades 4-6, Dogs, Poverty",1969,1960,1950–1999,57,60,Popular,True,,,,False,,,,,,,,,,,Unknown,,Not available,False,/works/OL270979W
Sous l'acacia d'Occident,Christian Jacq,Christian Jacq,1,Historical Fiction,Historical Fiction,"Civilization, Fiction, Literature and fiction, Historical fiction",1997,1990,1950–1999,29,53,Popular,True,,,,False,,,,,,,,,,,Unknown,,Not available,False,/works/OL695784W
St. George and St. Michael,George MacDonald,George MacDonald,1,Historical Fiction,Historical Fiction,"Fiction, Historical Fiction, History",1876,1870,Pre-1900,150,69,Popular,True,,,,False,,,,,,,,,,,Unknown,,Not available,False,/works/OL1581342W
Suite française,Irène Némirovsky,Irène Némirovsky,1,Historical Fiction,Historical Fiction,"Correspondence, Fiction, World War, 1939-1945",2004,2000,2000+,22,68,Popular,True,,,,False,,,,,,,,,,,Unknown,,Not available,False,/works/OL1308096W
Sula,Toni Morrison,Toni Morrison,1,Historical Fiction,Historical Fiction,"Fiction, African American women, Female friendship",1973,1970,1950–1999,53,55,Popular,True,,,,False,,,,,,,,,,,Unknown,,Not available,False,/works/OL50567W
Sunshine sketches of a little town,Stephen Leacock,Stephen Leacock,1,Historical Fiction,Historical Fiction,"Satire and humour, Canadian (English), CIHM, Social life and customs, Literature",,,,,62,Popular,True,,,,False,,,,,,,,,,,Unknown,,Not available,False,/works/OL626383W
Tai-Pan (Asian Saga,James Clavell,James Clavell,1,Historical Fiction,Historical Fiction,"19th century, British, Fiction",1966,1960,1950–1999,60,39,Popular,True,,,,False,,,,,,,1924-10-10,1924,1994-09-07,1994,Deceased,42,"James Clavell (born Charles Edmund Dumaresq Clavell; October 10, 1924 – September 6, 1994) was an Australian-born British author, screenwriter, and director, best known for his *Asian Saga* consisting of 6 novels, including the critically acclaimed [*Shōgun*][2] (1975). This epic historical novel, i",False,/works/OL2918760W
Tarzan of the Apes,Edgar Rice Burroughs,Edgar Rice Burroughs,1,Historical Fiction,Historical Fiction,"British in fiction, Historical Fiction, Wild men in fiction",1912,1910,1900–1949,114,226,Classic/Bestseller,True,,,,False,,,,,,,,,,,Unknown,,Not available,False,/works/OL1418251W
Tender is the Night,F. Scott Fitzgerald,F. Scott Fitzgerald,1,Historical Fiction,Historical Fiction,"Fiction, Psychiatrists, Wealth",1933,1930,1900–1949,93,312,Classic/Bestseller,True,,,,False,,,,,,,1896-09-24,1896,1940-12-21,1940,Deceased,37,"Francis Scott Key Fitzgerald was an American author of novels and short stories, whose works are evocative of the Jazz Age, a term he coined himself. He is widely regarded as one of the twentieth century's greatest writers. Fitzgerald is considered a member of the ""Lost Generation"" of the Twenties. ",False,/works/OL468485W
The Adventures of Tom Sawyer,Mark Twain,Mark Twain,1,Historical Fiction,Historical Fiction,"The Adventures of Tom Sawyer, Mark Twain, 1835-1910",1817,1810,Pre-1900,209,879,Classic/Bestseller,True,3.98,163.0,534.0,True,Epic (500+),953.0,83.0,275.0,1311.0,0.768,,,,,Unknown,,Not available,True,/works/OL53919W
The Alienist,Caleb Carr,Caleb Carr,1,Historical Fiction,Historical Fiction,"Fiction, Serial murders, Mystery fiction",1994,1990,1950–1999,32,46,Popular,True,,,,False,,,,,,,,,,,Unknown,,Not available,False,/works/OL2671485W
The Bluest Eye,Toni Morrison,Toni Morrison,1,Historical Fiction,Historical Fiction,"Foster care, Dick and Jane, Flashback",1970,1970,1950–1999,56,63,Popular,True,,,,False,,,,,,,,,,,Unknown,,Not available,False,/works/OL50565W
The Bonesetter's Daughter,Amy Tan,Amy Tan,1,Historical Fiction,Historical Fiction,"Domestic fiction, Women immigrants, Mujeres",1990,1990,1950–1999,36,47,Popular,True,,,,False,,,,,,,,,,,Unknown,,Not available,False,/works/OL1843703W
The Book Thief,Markus Zusak,Markus Zusak,1,Historical Fiction,Historical Fiction,"Nyt:young-adult-paperback-monthly=2022-09-04, New York Times bestseller, New York Times reviewed",1998,1990,1950–1999,28,109,Classic/Bestseller,True,,,,False,,,,,,,,,,,Unknown,,Not available,False,/works/OL5819456W
The Bostonians,"Henry James, Daniel Karlin",Henry James,2,Historical Fiction,Historical Fiction,"Social life and customs, Suffrage",1885,1880,Pre-1900,141,130,Classic/Bestseller,True,,,,False,,,,,,,1843-04-15,1843,1916-02-28,1916,Deceased,42,"Henry James, was an American writer, regarded as one of the key figures of 19th-century literary realism. He was the son of Henry James, Sr., a clergyman, and the brother of philosopher and psychologist William James and diarist Alice James.  ([Source][1].)

[1]:http://en.wikipedia.org/wiki/Henry_",False,/works/OL276321W
The Boy in the Striped Pyjamas,John Boyne,John Boyne,1,Historical Fiction,Historical Fiction,"Teen & Young Adult Fiction, Teen & Young Adult Historical Fiction, Teen & Young Adult Social Issues",2006,2000,2000+,20,98,Popular,True,,,,False,,,,,,,,,,,Unknown,,Not available,False,/works/OL5840870W
The Bride of Lammermoor,Sir Walter Scott,Sir Walter Scott,1,Historical Fiction,Historical Fiction,"Fiction, Women murderers, Arranged marriage",,,,,75,Popular,True,,,,False,,,,,,,1771-08-15,1771,1832-09-21,1832,Deceased,,"Sir Walter Scott, 1st Baronet, was a prolific Scottish historical novelist and poet, popular throughout Europe during his time. Scott has been said to be particularly associated with Toryism, though several passages in Tales of a Grandfather display a liberal, progressive and Unionist outlook on Sco",False,/works/OL863796W
The Clan of the Cave Bear,Jean M. Auel,Jean M. Auel,1,Historical Fiction,Historical Fiction,"Neanderthals, Shamanism, Sign language",,,,,89,Popular,True,,,,False,,,,,,,,,,,Unknown,,Not available,False,/works/OL2746369W
The Color Purple,Alice Walker,Alice Walker,1,Historical Fiction,Historical Fiction,"Fiction & Literature, Blacks, Social life and customs",1976,1970,1950–1999,50,108,Classic/Bestseller,True,,,,False,,,,,,,,,,,Unknown,,Not available,False,/works/OL273644W
"The Complete Sherlock Holmes [4 novels, 56 stories]",Arthur Conan Doyle,Arthur Conan Doyle,1,Historical Fiction,Historical Fiction,"Action & Adventure Fiction, Adventure stories, Air guns",,,,,118,Classic/Bestseller,True,,,,False,,,,,,,,,,,Unknown,,Not available,False,/works/OL262554W
The Crater Or Vulcan's Peak,James Fenimore Cooper,James Fenimore Cooper,1,Historical Fiction,Historical Fiction,"Fiction, Castaways, Utopias",,,,,57,Popular,True,,,,False,,,,,,,1789-09-15,1789,1851-09-14,1851,Deceased,,"James Fenimore Cooper was a prolific and popular American writer of the early 19th century. He is best remembered as a novelist who wrote numerous sea-stories and the historical novels known as the Leatherstocking Tales, featuring frontiersman Natty Bumppo. Among his most famous works is the Romanti",False,/works/OL78030W
The Crucible,Arthur Miller,Arthur Miller,1,Historical Fiction,Historical Fiction,"Fiction classics, Literary criticism, Historical fiction",1953,1950,1950–1999,73,83,Popular,True,,,,False,,,,,,,,,,,Unknown,,Not available,False,/works/OL66347W
The Day of the Jackal,Frederick Forsyth,Frederick Forsyth,1,Historical Fiction,Historical Fiction,"Fiction, Literature, Assassination attempts",1971,1970,1950–1999,55,69,Popular,True,,,,False,,,,,,,,,,,Unknown,,Not available,False,/works/OL7923819W
The Elusive Pimpernel (Scarlet Pimpernel),Emma Orczy,Emma Orczy,1,Historical Fiction,Historical Fiction,"Fiction, Action & adventure, Historical, France, History, Revolution, 1789-1799",1908,1900,1900–1949,118,327,Classic/Bestseller,True,,,,False,,,,,,,1865-09-23,1865,1947-11-12,1947,Deceased,43,"Baroness Emma Magdolna Rozália Mária Jozefa Borbála ""Emmuska"" Orczy de Orczi was born in Tarnaörs, Heves County, Hungary, the daughter of composer Baron Felix Orczy and Countess Emma Wass. In 1868, fearing a potential peasant revolution, her parents left Hungary. They lived in Budapest, Brussels, an",False,/works/OL8444981W
The English Patient,Michael Ondaatje,Michael Ondaatje,1,Historical Fiction,Historical Fiction,"Fiction, World War, 1939-1945, Ficción",1992,1990,1950–1999,34,93,Popular,True,,,,False,,,,,,,,,,,Unknown,,Not available,False,/works/OL53071W
The Family,Mario Puzo,Mario Puzo,1,Historical Fiction,Historical Fiction,"Biographical fiction, Fiction, Drama",2001,2000,2000+,25,40,Popular,True,,,,False,,,,,,,,,,,Unknown,,Not available,False,/works/OL1673259W
The Fixer,Bernard Malamud,Bernard Malamud,1,Historical Fiction,Historical Fiction,"Fiction, Trials (Murder), Jews",1901,1900,1900–1949,125,92,Popular,True,,,,False,,,,,,,,,,,Unknown,,Not available,False,/works/OL1937854W
The Gadfly,Ethel Lilian Voynich,Ethel Lilian Voynich,1,Historical Fiction,Historical Fiction,"Fiction, History, Historical Fiction",1897,1890,Pre-1900,129,89,Popular,True,,,,False,,,,,,,,,,,Unknown,,Not available,False,/works/OL5533923W
The Grapes of Wrath,John Steinbeck,John Steinbeck,1,Historical Fiction,Historical Fiction,"Labor camps, Depressions, Labor camps in literature",1939,1930,1900–1949,87,321,Classic/Bestseller,True,,,,False,,,,,,,,,,,Unknown,,Not available,False,/works/OL23205W
The Great Train Robbery,Michael Crichton,Michael Crichton,1,Historical Fiction,Historical Fiction,"Historical Fiction, Train robberies, Train robberies in fiction",1975,1970,1950–1999,51,41,Popular,True,,,,False,,,,,,,,,,,Unknown,,Not available,False,/works/OL46905W
"The Headsman: Or, The Abbaye Des Vignerons. A Tale","James Fenimore Cooper, James Cooper, F. O. C. Darley",James Fenimore Cooper,3,Historical Fiction,Historical Fiction,"Historical fiction, Fiction, Historical, General, Classic Literature",,,,,69,Popular,True,,,,False,,,,,,,1789-09-15,1789,1851-09-14,1851,Deceased,,"James Fenimore Cooper was a prolific and popular American writer of the early 19th century. He is best remembered as a novelist who wrote numerous sea-stories and the historical novels known as the Leatherstocking Tales, featuring frontiersman Natty Bumppo. Among his most famous works is the Romanti",False,/works/OL78019W
The Heidenmauer (The heathens' wall); or the Benedictines,James Fenimore Cooper,James Fenimore Cooper,1,Historical Fiction,Historical Fiction,"Historical fiction, Specimens, Yellowback books",1832,1830,Pre-1900,194,60,Popular,True,,,,False,,,,,,,1789-09-15,1789,1851-09-14,1851,Deceased,43,"James Fenimore Cooper was a prolific and popular American writer of the early 19th century. He is best remembered as a novelist who wrote numerous sea-stories and the historical novels known as the Leatherstocking Tales, featuring frontiersman Natty Bumppo. Among his most famous works is the Romanti",False,/works/OL77987W
The Help,"Kathryn Stockett, Álvaro Abella Villar, Alvaro Abella",Kathryn Stockett,3,Historical Fiction,Historical Fiction,"Novels, Fiction, Civil rights movements",2009,2000,2000+,17,73,Popular,True,,,,False,,,,,,,,,,,Unknown,,Not available,False,/works/OL11999891W
The Hollow Hills,Mary Stewart,Mary Stewart,1,Historical Fiction,Historical Fiction,"Adaptations, Arthurian romances, Britons",1973,1970,1950–1999,53,44,Popular,True,,,,False,,,,,,,,,,,Unknown,,Not available,False,/works/OL213263W
The House of Seven Gables Readalong,Nathaniel Hawthorne,Nathaniel Hawthorne,1,Historical Fiction,Historical Fiction,"Fiction, Historical, General, Fantasy",1851,1850,Pre-1900,175,471,Classic/Bestseller,True,3.5,6.0,378.0,False,Long (350–500),131.0,7.0,10.0,148.0,0.588,,,,,Unknown,,Not available,True,/works/OL455288W
The Jester,"James Patterson, Andrew Gross",James Patterson,2,Historical Fiction,Historical Fiction,"Fiction, Fools and jesters, Nobility in fiction",2003,2000,2000+,23,41,Popular,True,,,,False,,,,,,,,,,,Unknown,,Not available,False,/works/OL167161W
The Jungle,Upton Sinclair,Upton Sinclair,1,Historical Fiction,Historical Fiction,"Slaughtering and slaughter-houses, Sociology, Lithuanian Americans",1791,1790,Pre-1900,235,673,Classic/Bestseller,True,,,,False,,,,,,,,,,,Unknown,,Not available,False,/works/OL114967W
The Killer Angels,Michael Shaara,Michael Shaara,1,Historical Fiction,Historical Fiction,"Battle of Gettysburg, American Civil War, Romans",1974,1970,1950–1999,52,54,Popular,True,,,,False,,,,,,,,,,,Unknown,,Not available,False,/works/OL82664W
The Kite Runner,Khaled Hosseini,Khaled Hosseini,1,Historical Fiction,Historical Fiction,"New York Times bestseller, Nyt:trade_fiction_paperback=2008-10-26, Male friendship",2003,2000,2000+,23,126,Classic/Bestseller,True,,,,False,,,,,,,,,,,Unknown,,Not available,False,/works/OL5781992W
The Last Days of Pompeii,"Edward Bulwer Lytton, Baron Lytton",Edward Bulwer Lytton,2,Historical Fiction,Historical Fiction,"Fiction, Historical fiction, Pompeii (Extinct city)",,,,,275,Classic/Bestseller,True,,,,False,,,,,,,,,,,Unknown,,Not available,False,/works/OL61867W
The Last of the Mohicans,James Fenimore Cooper,James Fenimore Cooper,1,Historical Fiction,Historical Fiction,"Adventure stories, Ficción, Fiction",1826,1820,Pre-1900,200,864,Classic/Bestseller,True,,,,False,,,,,,,1789-09-15,1789,1851-09-14,1851,Deceased,37,"James Fenimore Cooper was a prolific and popular American writer of the early 19th century. He is best remembered as a novelist who wrote numerous sea-stories and the historical novels known as the Leatherstocking Tales, featuring frontiersman Natty Bumppo. Among his most famous works is the Romanti",False,/works/OL77958W
The League of the Scarlet Pimpernel,Emma Orczy,Emma Orczy,1,Historical Fiction,Historical Fiction,"Classic Literature, Fiction, History",1919,1910,1900–1949,107,210,Classic/Bestseller,True,,,,False,,,,,,,1865-09-23,1865,1947-11-12,1947,Deceased,54,"Baroness Emma Magdolna Rozália Mária Jozefa Borbála ""Emmuska"" Orczy de Orczi was born in Tarnaörs, Heves County, Hungary, the daughter of composer Baron Felix Orczy and Countess Emma Wass. In 1868, fearing a potential peasant revolution, her parents left Hungary. They lived in Budapest, Brussels, an",False,/works/OL286350W
The Lost Symbol,Dan Brown,Dan Brown,1,Historical Fiction,Historical Fiction,"Suspense & Thriller, Historical Fiction, Aventures",2009,2000,2000+,17,121,Classic/Bestseller,True,,,,False,,,,,,,,,,,Unknown,,Not available,False,/works/OL14873315W
The Mammoth Hunters,"Jean M. Auel, J.M. Auel",Jean M. Auel,2,Historical Fiction,Historical Fiction,"Fiction, Prehistoric peoples, Ayla (Fictitious character)",1611,1610,Pre-1900,415,118,Classic/Bestseller,True,,,,False,,,,,,,,,,,Unknown,,Not available,False,/works/OL2746372W
The Monikins,James Fenimore Cooper,James Fenimore Cooper,1,Historical Fiction,Historical Fiction,"Historical fiction, Classic Literature, Fiction",1835,1830,Pre-1900,191,56,Popular,True,,,,False,,,,,,,1789-09-15,1789,1851-09-14,1851,Deceased,46,"James Fenimore Cooper was a prolific and popular American writer of the early 19th century. He is best remembered as a novelist who wrote numerous sea-stories and the historical novels known as the Leatherstocking Tales, featuring frontiersman Natty Bumppo. Among his most famous works is the Romanti",False,/works/OL78058W
The Narrative of Arthur Gordon Pym,Edgar Allan Poe,Edgar Allan Poe,1,Historical Fiction,Historical Fiction,"Fiction, Young men, Stowaways",1838,1830,Pre-1900,188,392,Classic/Bestseller,True,4.38,8.0,324.0,False,Medium (200–350),94.0,2.0,14.0,110.0,0.875,,,,,Unknown,,Not available,True,/works/OL40962W
The Nightingale,Kristin Hannah,Kristin Hannah,1,Historical Fiction,Historical Fiction,"Civilians in war, Fiction, FICTION / Contemporary Women",2000,2000,2000+,26,42,Popular,True,,,,False,,,,,,,,,,,Unknown,,Not available,False,/works/OL17116910W
The Pearl,John Steinbeck,John Steinbeck,1,Historical Fiction,Historical Fiction,"American fiction (fictional works by one author), Avaricia",1945,1940,1900–1949,81,143,Classic/Bestseller,True,,,,False,,,,,,,,,,,Unknown,,Not available,False,/works/OL7966118W
The Plains of Passage,Jean M. Auel,Jean M. Auel,1,Historical Fiction,Historical Fiction,"Prehistoric peoples, Fiction, Europe",1990,1990,1950–1999,36,67,Popular,True,,,,False,,,,,,,,,,,Unknown,,Not available,False,/works/OL2746406W
The Poisonwood Bible,"Barbara Kingsolver, Dean Robertson, Aurora Ballester Gasso",Barbara Kingsolver,3,Historical Fiction,Historical Fiction,"Missionaries, Fiction, Americans",1998,1990,1950–1999,28,47,Popular,True,,,,False,,,,,,,,,,,Unknown,,Not available,False,/works/OL1846845W
The Power and the Glory,Graham Greene,Graham Greene,1,Historical Fiction,Historical Fiction,"Anti-clericalism, Catholic Church, Catholics",1940,1940,1900–1949,86,130,Classic/Bestseller,True,,,,False,,,,,,,,,,,Unknown,,Not available,False,/works/OL106084W
The Prairie,James Fenimore Cooper,James Fenimore Cooper,1,Historical Fiction,Historical Fiction,"Popular Print Disabled Books, Indians of North America",,,,,399,Classic/Bestseller,True,5.0,3.0,534.0,False,Epic (500+),21.0,1.0,5.0,27.0,0.833,1789-09-15,1789,1851-09-14,1851,Deceased,,"James Fenimore Cooper was a prolific and popular American writer of the early 19th century. He is best remembered as a novelist who wrote numerous sea-stories and the historical novels known as the Leatherstocking Tales, featuring frontiersman Natty Bumppo. Among his most famous works is the Romanti",True,/works/OL77970W
The Prince and the Pauper,Mark Twain,Mark Twain,1,Historical Fiction,Historical Fiction,"Readers, Fiction, Poor",1881,1880,Pre-1900,145,755,Classic/Bestseller,True,,,,False,,,,,,,,,,,Unknown,,Not available,False,/works/OL53994W
The Red Pony,John Steinbeck,John Steinbeck,1,Historical Fiction,Historical Fiction,"Horses, Horse",1933,1930,1900–1949,93,109,Classic/Bestseller,True,,,,False,,,,,,,,,,,Unknown,,Not available,False,/works/OL23197W
The Red Rover,James Fenimore Cooper,James Fenimore Cooper,1,Historical Fiction,Historical Fiction,"Fiction, American Sea stories",1827,1820,Pre-1900,199,85,Popular,True,,,,False,,,,,,,1789-09-15,1789,1851-09-14,1851,Deceased,38,"James Fenimore Cooper was a prolific and popular American writer of the early 19th century. He is best remembered as a novelist who wrote numerous sea-stories and the historical novels known as the Leatherstocking Tales, featuring frontiersman Natty Bumppo. Among his most famous works is the Romanti",False,/works/OL77998W
The Remains of the Day,Kazuo Ishiguro,Kazuo Ishiguro,1,Historical Fiction,Historical Fiction,"Man Booker Prize Winner, Award:man_booker_prize=1989, Literature",1989,1980,1950–1999,37,87,Popular,True,,,,False,,,,,,,,,,,Unknown,,Not available,False,/works/OL59048W
The Scarlet Letter,Nathaniel Hawthorne,Nathaniel Hawthorne,1,Historical Fiction,Historical Fiction,"Fiction, Puritans, Puritans in fiction",,,,,2425,Classic/Bestseller,True,,,,False,,,,,,,,,,,Unknown,,Not available,False,/works/OL455305W
The Scarlet Pimpernel,Emma Orczy,Emma Orczy,1,Historical Fiction,Historical Fiction,"Classic Literature, Adventure and adventurers",,,,,591,Classic/Bestseller,True,,,,False,,,,,,,1865-09-23,1865,1947-11-12,1947,Deceased,,"Baroness Emma Magdolna Rozália Mária Jozefa Borbála ""Emmuska"" Orczy de Orczi was born in Tarnaörs, Heves County, Hungary, the daughter of composer Baron Felix Orczy and Countess Emma Wass. In 1868, fearing a potential peasant revolution, her parents left Hungary. They lived in Budapest, Brussels, an",False,/works/OL1253285W
The Sea-Hawk,Rafael Sabatini,Rafael Sabatini,1,Historical Fiction,Historical Fiction,"Spanish Armada, Pirates, Barbary Pirates",,,,,201,Classic/Bestseller,True,,,,False,,,,,,,,,,,Unknown,,Not available,False,/works/OL8070951W
The Shelters of Stone,Jean M. Auel,Jean M. Auel,1,Historical Fiction,Historical Fiction,"Ayla (Fictitious character), Fiction, Prehistoric peoples",2001,2000,2000+,25,49,Popular,True,,,,False,,,,,,,,,,,Unknown,,Not available,False,/works/OL2746370W
The Source,James A. Michener,James A. Michener,1,Historical Fiction,Historical Fiction,"Fiction, Fiction in English, Jews",,,,,54,Popular,True,,,,False,,,,,,,,,,,Unknown,,Not available,False,/works/OL2385455W
The Story of Siegfried,"James Baldwin, Howard Pyle",James Baldwin,2,Historical Fiction,Historical Fiction,"Fiction, Historical, General, Germany, Siegfried (Legendary character)",1882,1880,Pre-1900,144,85,Popular,True,,,,False,,,,,,,,,,,Unknown,,Not available,False,/works/OL228717W
The Summer of My German Soldier,Bette Greene,Bette Greene,1,Historical Fiction,Historical Fiction,"World War, 1939-1945, Teenage fiction, Friendship",1973,1970,1950–1999,53,45,Popular,True,,,,False,,,,,,,,,,,Unknown,,Not available,False,/works/OL894460W
The Sun Also Rises,Ernest Hemingway,Ernest Hemingway,1,Historical Fiction,Historical Fiction,"Fiction, Historical, Expatriation, Americans",1926,1920,1900–1949,100,215,Classic/Bestseller,True,,,,False,,,,,,,,,,,Unknown,,Not available,False,/works/OL62979W
The True Confessions of Charlotte Doyle,Avi,Avi,1,Historical Fiction,Historical Fiction,"Ships, Fiction, Self-perception",1990,1990,1950–1999,36,48,Popular,True,,,,False,,,,,,,,,,,Unknown,,Not available,False,/works/OL265958W
"The Trumpet-Major, and Robert His Brother",Thomas Hardy,Thomas Hardy,1,Historical Fiction,Historical Fiction,"Fiction, History, Napoleonic Wars, 1800-1815",1880,1880,Pre-1900,146,122,Classic/Bestseller,True,,,,False,,,,,,,1840-06-02,1840,1928-01-11,1928,Deceased,40,"Thomas Hardy, OM was an English novelist and poet of the naturalist movement, although in several poems he displays elements of the previous romantic and enlightenment periods of literature, such as his fascination with the supernatural.

While he regarded himself primarily as a poet who composed ",False,/works/OL44993W
The Two Admirals: A Tale,James Fenimore Cooper,James Fenimore Cooper,1,Historical Fiction,Historical Fiction,"Seafaring life, Fiction, Admirals",1842,1840,Pre-1900,184,62,Popular,True,,,,False,,,,,,,1789-09-15,1789,1851-09-14,1851,Deceased,53,"James Fenimore Cooper was a prolific and popular American writer of the early 19th century. He is best remembered as a novelist who wrote numerous sea-stories and the historical novels known as the Leatherstocking Tales, featuring frontiersman Natty Bumppo. Among his most famous works is the Romanti",False,/works/OL78017W
The Underground Railroad,Colson Whitehead,Colson Whitehead,1,Historical Fiction,Historical Fiction,"FICTION / African American / General, History, Underground Railroad",2000,2000,2000+,26,39,Popular,True,,,,False,,,,,,,,,,,Unknown,,Not available,False,/works/OL17619932W
The Unvanquished,William Faulkner,William Faulkner,1,Historical Fiction,Historical Fiction,"African Americans, American fiction, Fathers and sons",1938,1930,1900–1949,88,42,Popular,True,,,,False,,,,,,,1897-09-25,1897,1962-07-06,1962,Deceased,41,"William Faulkner was a Nobel Prize-winning American  author. One of the most influential writers of the 20th century, his reputation is based on his novels, novellas  and short stories. He was also a published poet and an occasional screenwriter. ([Source][1].)

[1]:http://en.wikipedia.org/wiki/Wi",False,/works/OL82922W
The Wept of Wish-ton-wish: A Tale,James Fenimore Cooper,James Fenimore Cooper,1,Historical Fiction,Historical Fiction,"King Philip's War, 1675-1676, Fiction, 1675-1676 in fiction",1829,1820,Pre-1900,197,97,Popular,True,,,,False,,,,,,,1789-09-15,1789,1851-09-14,1851,Deceased,40,"James Fenimore Cooper was a prolific and popular American writer of the early 19th century. He is best remembered as a novelist who wrote numerous sea-stories and the historical novels known as the Leatherstocking Tales, featuring frontiersman Natty Bumppo. Among his most famous works is the Romanti",False,/works/OL77977W
The Winds of War,Herman Wouk,Herman Wouk,1,Historical Fiction,Historical Fiction,"Fiction in English, Fiction, World War, 1939-1945",1971,1970,1950–1999,55,52,Popular,True,,,,False,,,,,,,,,,,Unknown,,Not available,False,/works/OL729146W
"The Wing-and-wing: Or, Le Feu-follet. A Tale",James Fenimore Cooper,James Fenimore Cooper,1,Historical Fiction,Historical Fiction,"Napoleonic Wars, 1800-1815, Fiction, Historical fiction",,,,,85,Popular,True,,,,False,,,,,,,1789-09-15,1789,1851-09-14,1851,Deceased,,"James Fenimore Cooper was a prolific and popular American writer of the early 19th century. He is best remembered as a novelist who wrote numerous sea-stories and the historical novels known as the Leatherstocking Tales, featuring frontiersman Natty Bumppo. Among his most famous works is the Romanti",False,/works/OL78011W
"The adventures of Captain Bonneville, U.S.A.","Washington Irving, Benjamin Louis Eulalie De Bonneville",Washington Irving,2,Historical Fiction,Historical Fiction,"Description and travel, Explorers, Biography",,,,,145,Classic/Bestseller,True,,,,False,,,,,,,1783-04-03,1783,1859-11-28,1859,Deceased,,"American author, essayist, biographer and historian of the early 19th century. He was best known for his short stories ""The Legend of Sleepy Hollow"" and ""Rip Van Winkle"", both of which appear in his book ""The Sketch Book of Geoffrey Crayon, Gent"" (<a href=http://en.wikipedia.org/wiki/Washington_Irvi",False,/works/OL63859W
The black arrow,Robert Louis Stevenson,Robert Louis Stevenson,1,Historical Fiction,Historical Fiction,"Knights and knighthood, War stories, Adventure stories",1888,1880,Pre-1900,138,341,Classic/Bestseller,True,,,,False,,,,,,,1850-11-13,1850,1894-12-03,1894,Deceased,38,"Robert Louis Stevenson (born Robert Lewis Balfour Stevenson; 13 November 1850 – 3 December 1894) was a Scottish novelist, essayist, poet and travel writer. He is best known for works such as Treasure Island, Strange Case of Dr Jekyll and Mr Hyde, Kidnapped and A Child's Garden of Verses.",False,/works/OL24161W
The bravo,James Fenimore Cooper,James Fenimore Cooper,1,Historical Fiction,Historical Fiction,"Fiction, Historical fiction, Social conditions",1831,1830,Pre-1900,195,73,Popular,True,,,,False,,,,,,,1789-09-15,1789,1851-09-14,1851,Deceased,42,"James Fenimore Cooper was a prolific and popular American writer of the early 19th century. He is best remembered as a novelist who wrote numerous sea-stories and the historical novels known as the Leatherstocking Tales, featuring frontiersman Natty Bumppo. Among his most famous works is the Romanti",False,/works/OL78068W
"The chainbearer, or, The Littlepage manuscripts",James Fenimore Cooper,James Fenimore Cooper,1,Historical Fiction,Historical Fiction,"Fiction, History, Antirent War, N.Y., 1839-1846",,,,,45,Popular,True,,,,False,,,,,,,1789-09-15,1789,1851-09-14,1851,Deceased,,"James Fenimore Cooper was a prolific and popular American writer of the early 19th century. He is best remembered as a novelist who wrote numerous sea-stories and the historical novels known as the Leatherstocking Tales, featuring frontiersman Natty Bumppo. Among his most famous works is the Romanti",False,/works/OL78040W
The dark forest,Hugh Walpole,Hugh Walpole,1,Historical Fiction,Historical Fiction,"World War, 1914-1918, Fiction, Historical, General",1916,1910,1900–1949,110,52,Popular,True,,,,False,,,,,,,,,,,Unknown,,Not available,False,/works/OL1149276W
The deluge,Henryk Sienkiewicz,Henryk Sienkiewicz,1,Historical Fiction,Historical Fiction,"History, Fiction, Poland",1888,1880,Pre-1900,138,149,Classic/Bestseller,True,,,,False,,,,,,,1846-05-05,1846,1916-11-15,1916,Deceased,42,"Polnischer Schriftsteller und Träger des Literaturnobelpreises.

Polish epic novelist and 1905 Nobel laureate for Literature",False,/works/OL503366W
The master of Ballantrae,"Robert Louis Stevenson, Robert Luis Stevenson, robert l stevenson",Robert Louis Stevenson,3,Historical Fiction,Historical Fiction,"Fiction, Absence and presumption of death, History",1888,1880,Pre-1900,138,205,Classic/Bestseller,True,,,,False,,,,,,,1850-11-13,1850,1894-12-03,1894,Deceased,38,"Robert Louis Stevenson (born Robert Lewis Balfour Stevenson; 13 November 1850 – 3 December 1894) was a Scottish novelist, essayist, poet and travel writer. He is best known for works such as Treasure Island, Strange Case of Dr Jekyll and Mr Hyde, Kidnapped and A Child's Garden of Verses.",False,/works/OL24164W
The moon and sixpence,William Somerset Maugham,William Somerset Maugham,1,Historical Fiction,Historical Fiction,"British and irish fiction (fictional works by one author), Fiction, Psychological, Tahiti",1919,1910,1900–1949,107,397,Classic/Bestseller,True,4.7,10.0,228.0,False,Medium (200–350),,,,,,1874-01-25,1874,1965-12-16,1965,Deceased,45,"William Somerset Maugham was born at the British Embassy in Paris, France, where his father was an English lawyer handling the legal affairs of the British embassy.  His mother died of tuberculosis while he was young, a death which traumatized him for life.  Two years later, his father died of cance",False,/works/OL505740W
"The snow-image, and other tales",Nathaniel Hawthorne,Nathaniel Hawthorne,1,Historical Fiction,Historical Fiction,"Social life and customs, Fiction, American Historical fiction",1851,1850,Pre-1900,175,77,Popular,True,,,,False,,,,,,,,,,,Unknown,,Not available,False,/works/OL455455W
"The splendid spur, being memoirs of the adventures of Mr. John Marvel, a servant of His late Majesty King Charles I., in the years 1642-3","Arthur Quiller-Couch, Q",Arthur Quiller-Couch,2,Historical Fiction,Historical Fiction,"History, Fiction, Love stories",1889,1880,Pre-1900,137,46,Popular,True,,,,False,,,,,,,,,,,Unknown,,Not available,False,/works/OL3863928W
The spy,James Fenimore Cooper,James Fenimore Cooper,1,Historical Fiction,Historical Fiction,"History, Fiction, United States in fiction",1821,1820,Pre-1900,205,172,Classic/Bestseller,True,,,,False,,,,,,,1789-09-15,1789,1851-09-14,1851,Deceased,32,"James Fenimore Cooper was a prolific and popular American writer of the early 19th century. He is best remembered as a novelist who wrote numerous sea-stories and the historical novels known as the Leatherstocking Tales, featuring frontiersman Natty Bumppo. Among his most famous works is the Romanti",False,/works/OL78075W
The sword in the stone,T. H. White,T. H. White,1,Historical Fiction,Historical Fiction,"Adaptations, Arthurian romances, Britons",1938,1930,1900–1949,88,74,Popular,True,,,,False,,,,,,,,,,,Unknown,,Not available,False,/works/OL1388027W
The triumph of the Scarlet Pimpernel,Emma Orczy,Emma Orczy,1,Historical Fiction,Historical Fiction,"Sir Blakeney, Percy (Fictitious character), Fiction, History",1922,1920,1900–1949,104,45,Popular,True,,,,False,,,,,,,1865-09-23,1865,1947-11-12,1947,Deceased,57,"Baroness Emma Magdolna Rozália Mária Jozefa Borbála ""Emmuska"" Orczy de Orczi was born in Tarnaörs, Heves County, Hungary, the daughter of composer Baron Felix Orczy and Countess Emma Wass. In 1868, fearing a potential peasant revolution, her parents left Hungary. They lived in Budapest, Brussels, an",False,/works/OL8125158W
The twenty-one balloons,"William Pène Du Bois, John McDonough",William Pène Du Bois,2,Historical Fiction,Historical Fiction,"Ballooning, Balloons, Eruption, 1883",1947,1940,1900–1949,79,39,Popular,True,,,,False,,,,,,,,,,,Unknown,,Not available,False,/works/OL5279534W
The water-witch,James Fenimore Cooper,James Fenimore Cooper,1,Historical Fiction,Historical Fiction,"Historical fiction, American literature, Sea stories",1830,1830,Pre-1900,196,90,Popular,True,,,,False,,,,,,,1789-09-15,1789,1851-09-14,1851,Deceased,41,"James Fenimore Cooper was a prolific and popular American writer of the early 19th century. He is best remembered as a novelist who wrote numerous sea-stories and the historical novels known as the Leatherstocking Tales, featuring frontiersman Natty Bumppo. Among his most famous works is the Romanti",False,/works/OL78052W
The way of all flesh,Samuel Butler,Samuel Butler,1,Historical Fiction,Historical Fiction,"Conflict of generations, Fiction, Children of clergy",,,,,132,Classic/Bestseller,True,,,,False,,,,,,,,,,,Unknown,,Not available,False,/works/OL22372W
Their Eyes Were Watching God,Zora Neale Hurston,Zora Neale Hurston,1,Historical Fiction,Historical Fiction,"African American women, Fiction, Psychology",1937,1930,1900–1949,89,66,Popular,False,,,,False,,,,,,,,,,,Unknown,,Not available,False,/works/OL27778127W
These Happy Golden Years,Laura Ingalls Wilder,Laura Ingalls Wilder,1,Historical Fiction,Historical Fiction,"Juvenile fiction, Pioneer children, Frontier and pioneer life",1943,1940,1900–1949,83,54,Popular,True,,,,False,,,,,,,,,,,Unknown,,Not available,False,/works/OL1719702W
Things Fall Apart,Chinua Achebe,Chinua Achebe,1,Historical Fiction,Historical Fiction,"20th century literature, Christianity, Masculinity",1958,1950,1950–1999,68,94,Popular,True,,,,False,,,,,,,,,,,Unknown,,Not available,False,/works/OL891786W
Through Russian Snows,G. A. Henty,G. A. Henty,1,Historical Fiction,Historical Fiction,"Juvenile fiction, Campaigns, Napoleonic Wars, 1800-1815",1895,1890,Pre-1900,131,139,Classic/Bestseller,True,,,,False,,,,,,,,,,,Unknown,,Not available,False,/works/OL1794637W
Twice-Told Tales,Nathaniel Hawthorne,Nathaniel Hawthorne,1,Historical Fiction,Historical Fiction,"Supernatural, Fiction, Paranormal fiction",,,,,369,Classic/Bestseller,True,3.54,13.0,534.0,True,Epic (500+),44.0,1.0,8.0,53.0,0.889,,,,,Unknown,,Not available,True,/works/OL455489W
Typhoon,Joseph Conrad,Joseph Conrad,1,Historical Fiction,Historical Fiction,"English Sea stories, Classic Literature, Fiction",1902,1900,1900–1949,124,110,Classic/Bestseller,True,,,,False,,,,,,,,,,,Unknown,,Not available,False,/works/OL38876W
Ulysses,James Joyce,James Joyce,1,Historical Fiction,Historical Fiction,"Married people, Male friendship, Fiction",1914,1910,1900–1949,112,612,Classic/Bestseller,True,,,732.0,False,Epic (500+),,,,,,,,,,Unknown,,Not available,False,/works/OL86318W
Vingt ans apres̀,Alexandre Dumas,Alexandre Dumas,1,Historical Fiction,Historical Fiction,"Ficción, Fiction, France",,,,,268,Classic/Bestseller,True,,,,False,,,,,,,1824,1824,1895,1895,Deceased,,"Alexandre Dumas fils (French: [alɛksɑ̃dʁ dymɑ fis]; 27 July 1824 – 27 November 1895) was a French author and playwright, best known for the romantic novel La Dame aux Camélias (The Lady of the Camellias), published in 1848, which was adapted into Giuseppe Verdi's 1853 opera La traviata (The Fallen W",False,/works/OL36462W
Voskresenīe,Лев Толстой,Лев Толстой,1,Historical Fiction,Historical Fiction,"Continental european fiction (fictional works by one author), Fiction, General, Historical",1899,1890,Pre-1900,127,251,Classic/Bestseller,True,,,,False,,,,,,,1828-09-09,1828,1910-11-20,1910,Deceased,71,"Лев Николаевич Толстой (9 сентября 1828 – 20 ноября 1910) – русский писатель. Он считается одним из величайших и самых влиятельных авторов всех времён. Среди наиболее известных произведений Толстого – романы «Война и мир» (1869) и «Анна Каренина» (1878), которые часто называют вершинами реалистическ",False,/works/OL457760W
Voyager,Diana Gabaldon,Diana Gabaldon,1,Historical Fiction,Historical Fiction,"Man-woman relationships, Claire Randall (Fictitious character), Fiction",1994,1990,1950–1999,32,39,Popular,True,,,,False,,,,,,,,,,,Unknown,,Not available,False,/works/OL3261154W
War Horse,"Michael Morpurgo, Mercè Santaularia Campillo",Michael Morpurgo,2,Historical Fiction,Historical Fiction,"Crap, Fiction, Horses",1982,1980,1950–1999,44,54,Popular,True,,,,False,,,,,,,,,,,Unknown,,Not available,False,/works/OL42740W
War and Peace,Лев Толстой,Лев Толстой,1,Historical Fiction,Historical Fiction,"Classic, History, Russian Empire",1845,1840,Pre-1900,181,647,Classic/Bestseller,True,4.23,43.0,1696.0,False,Epic (500+),,,,,,1828-09-09,1828,1910-11-20,1910,Deceased,17,"Лев Николаевич Толстой (9 сентября 1828 – 20 ноября 1910) – русский писатель. Он считается одним из величайших и самых влиятельных авторов всех времён. Среди наиболее известных произведений Толстого – романы «Война и мир» (1869) и «Анна Каренина» (1878), которые часто называют вершинами реалистическ",False,/works/OL267171W
War and remembrance,Herman Wouk,Herman Wouk,1,Historical Fiction,Historical Fiction,"Classic Literature, Fiction, Fiction in English",1978,1970,1950–1999,48,61,Popular,True,,,,False,,,,,,,,,,,Unknown,,Not available,False,/works/OL729142W
Where Angels Fear to Tread,E. M. Forster,E. M. Forster,1,Historical Fiction,Historical Fiction,"Middle class, Fiction, Culture conflict",1920,1920,1900–1949,106,382,Classic/Bestseller,True,,,,False,,,,,,,1879-01-01,1879,1970-06-07,1970,Deceased,41,"Edward Morgan Forster OM, CH, was an English novelist, short story writer, essayist and librettist. He is known best for his ironic and well-plotted novels examining class difference and hypocrisy and also the attitudes towards gender and homosexuality in early 20th-century British society. Forster'",False,/works/OL88876W
Wide Sargasso Sea,Jean Rhys,Jean Rhys,1,Historical Fiction,Historical Fiction,"Stream of consciousness, Creoles, Postcolonial literature",1966,1960,1950–1999,60,48,Popular,True,,,,False,,,,,,,,,,,Unknown,,Not available,False,/works/OL1858668W
Wolf Hall,Hilary Mantel,Hilary Mantel,1,Historical Fiction,Historical Fiction,"Biographical fiction, Fiction, History",2009,2000,2000+,17,43,Popular,True,,,,False,,,,,,,,,,,Unknown,,Not available,False,/works/OL464512W
World Without End,Ken Follett,Ken Follett,1,Historical Fiction,Historical Fiction,"Fiction, Great Britain, New York Times bestseller",1961,1960,1950–1999,65,46,Popular,True,,,,False,,,,,,,1949-06-05,1949,,,Living,12,"Ken Follett is a British author of thrillers and historical novels. He has sold more then 100 million copies of his works. Four of his books have reached the number 1 ranking on the New York Times best-seller list : *The Key to Rebecca, Lie Down with Lions, Triple* and *World Without End*.",False,/works/OL1914079W
Wyandotté,James Fenimore Cooper,James Fenimore Cooper,1,Historical Fiction,Historical Fiction,"Fiction, Tuscarora Indians, History",,,,,52,Popular,True,,,,False,,,,,,,1789-09-15,1789,1851-09-14,1851,Deceased,,"James Fenimore Cooper was a prolific and popular American writer of the early 19th century. He is best remembered as a novelist who wrote numerous sea-stories and the historical novels known as the Leatherstocking Tales, featuring frontiersman Natty Bumppo. Among his most famous works is the Romanti",False,/works/OL78029W
Zanoni,"Edward Bulwer Lytton, Baron Lytton",Edward Bulwer Lytton,2,Historical Fiction,Historical Fiction,"Rosicrucians, Fiction, Occult fiction",1842,1840,Pre-1900,184,138,Classic/Bestseller,True,,,,False,,,,,,,,,,,Unknown,,Not available,False,/works/OL61849W
Zoya,Danielle Steel,Danielle Steel,1,Historical Fiction,Historical Fiction,"Fiction, Nobility, Love stories",1980,1980,1950–1999,46,57,Popular,True,,,,False,,,,,,,1947-08-14,1947,,,Living,33,"Danielle Fernandes Dominique Schuelein-Steel, better known by the name Danielle Steel, is an American novelist, currently the best selling author alive and the fourth bestselling fiction author of all time, with over 800 million copies sold. [Wikipedia][1]


  [1]: https://en.wikipedia.org/wiki/D",False,/works/OL19771W
Идиот,Fiódor Dostoievski,Fiódor Dostoievski,1,Historical Fiction,"Historical Fiction, Mystery","Notebooks, Sketchbooks, Fiction, General, Russia in fiction",1874,1870,Pre-1900,152,437,Classic/Bestseller,True,4.18,44.0,534.0,True,Epic (500+),702.0,29.0,71.0,802.0,0.71,,,,,Unknown,,Not available,True,/works/OL166925W
Пётр Первый,Alexei Tolstoy,Alexei Tolstoy,1,Historical Fiction,Historical Fiction,"Biographical fiction, Historical fiction, Fiction",1930,1930,1900–1949,96,49,Popular,True,,,,False,,,,,,,,,,,Unknown,,Not available,False,/works/OL1249815W
A Book of Short Stories,"Stuart Pratt Sherman, Washington Irving, Nathaniel Hawthorne, Edgar Allan Poe, Charles Dickens, Frank R. Stockton, Thomas Hardy, Robert Louis Stevenson, J. M. Barrie, O. Henry, Rudyard Kipling",Stuart Pratt Sherman,11,Horror,Horror,"American Short stories, English Short stories, Short stories",1914,1910,1900–1949,112,10,Moderate,True,,,,False,,,,,,,,,,,Unknown,,Not available,False,/works/OL4764967W
A Fine and Private Place,Peter S. Beagle,Peter S. Beagle,1,Horror,Horror,"Ghost stories, Fiction, Science fiction, General",1960,1960,1950–1999,66,29,Popular,True,,,,False,,,,,,,,,,,Unknown,,Not available,False,/works/OL26458W
Acceptance,Jeff VanderMeer,Jeff VanderMeer,1,Horror,Horror,"Fiction, Missing persons, Scientists",2014,2010,2000+,12,14,Moderate,True,,,,False,,,,,,,,,,,Unknown,,Not available,False,/works/OL19330481W
American Short Stories,"Charles Sears Baldwin, Washington Irving, Austin, William, James Hall, Albert Pike, Nathaniel Hawthorne, Henry Wadsworth Longfellow, Edgar Allan Poe, Nathaniel Parker Willis, Caroline M. Kirkland, Fitz-James O'Brien, Francis Bret Harte, ALBERT FALVEY WEBSTER, Bayard Taylor, Henry Cuyler Bunner, Harold Frederic",Charles Sears Baldwin,17,Horror,Horror,"American Short stories, American Horror tales, Burial vaults",1904,1900,1900–1949,122,8,Moderate,True,,,,False,,,,,,,,,,,Unknown,,Not available,False,/works/OL5032650W
Ancient Sorceries,Algernon Blackwood,Algernon Blackwood,1,Horror,Horror,"English Fantasy fiction, Literature, Fiction",1906,1900,1900–1949,120,20,Moderate,False,,,,False,,,,,,,,,,,Unknown,,Not available,False,/works/OL2700548W
Annihilation,Jeff VanderMeer,Jeff VanderMeer,1,Horror,Horror,"Nebula Award Winner, Award:nebula_award=novel, Award:nebula_award=2015",2014,2010,2000+,12,26,Popular,True,,,,False,,,,,,,,,,,Unknown,,Not available,False,/works/OL17268007W
Are You Loathsome Tonight?,Poppy Z. Brite,Poppy Z. Brite,1,Horror,Horror,"Fiction, Horror, Short stories (single author)",1998,1990,1950–1999,28,17,Moderate,True,,,,False,,,,,,,,,,,Unknown,,Not available,False,/works/OL2716181W
Austin And His Friends,Frederic H. Balfour,Frederic H. Balfour,1,Horror,Horror,"Fiction, Horror",2005,2000,2000+,21,10,Moderate,False,,,,False,,,,,,,,,,,Unknown,,Not available,False,/works/OL8719999W
Authority,Jeff VanderMeer,Jeff VanderMeer,1,Horror,Horror,"Literary, Fantasy, Fiction",2014,2010,2000+,12,18,Moderate,True,,,,False,,,,,,,,,,,Unknown,,Not available,False,/works/OL17453058W
Az ellenállás melankóliája,László Krasznahorkai,László Krasznahorkai,1,Horror,Horror,"Fiction, Hungarian Literature, Novels",1989,1980,1950–1999,37,10,Moderate,True,,,,False,,,,,,,,,,,Unknown,,Not available,False,/works/OL3428973W
Beach House,Robert Lawrence Stine,Robert Lawrence Stine,1,Horror,Horror,"Beach, Summer, Horror",1992,1990,1950–1999,34,9,Moderate,True,,,,False,,,,,,,,,,,Unknown,,Not available,False,/works/OL15093842W
Bearwalker,"Joseph Bruchac, Sally Wern Comport",Joseph Bruchac,2,Horror,Horror,"Fiction, Horror, Juvenile Fiction",2007,2000,2000+,19,11,Moderate,True,,,,False,,,,,,,,,,,Unknown,,Not available,False,/works/OL121189W
Beguiled by Night,Nicole Eigener,Nicole Eigener,1,Horror,Horror,"Series:Beguiled-by-Night, Fiction, Horror, Historical, General",2020,2020,2000+,6,9,Moderate,False,,,,False,,,,,,,,,,,Unknown,,Not available,False,/works/OL25881152W
Beware!,Robert Lawrence Stine,Robert Lawrence Stine,1,Horror,Horror,"Horror tales, American, Horror stories, Children's fiction",2002,2000,2000+,24,11,Moderate,True,,,,False,,,,,,,,,,,Unknown,,Not available,False,/works/OL274490W
Bitten,"Kelley Armstrong, Aasne Vigesaa",Kelley Armstrong,2,Horror,Horror,"Horror, Fiction, Werewolves",2001,2000,2000+,25,23,Moderate,True,,,,False,,,,,,,,,,,Unknown,,Not available,False,/works/OL5810959W
Blackwood Farm,Anne Rice,Anne Rice,1,Horror,Horror,"Literature, Vampires, Horror",1998,1990,1950–1999,28,31,Popular,True,,,,False,,,,,,,1941-10-04,1941,2021-12-11,2021,Deceased,57,"Anne Rice was born on 04 October 1941 in New Orleans, Louisiana, USA. She was the second of four daughters of Irish Catholic parents, Katherine ""Kay"" Allen and Howard O'Brien. In 1961, she married Stan Rice, who passed away in 2002. They had two children, Christopher (1978) and Michele (1966-1972). ",False,/works/OL77819W
Blood and Gold,Anne Rice,Anne Rice,1,Horror,Horror,"Fiction, Literature, Vampires",1998,1990,1950–1999,28,36,Popular,True,,,,False,,,,,,,1941-10-04,1941,2021-12-11,2021,Deceased,57,"Anne Rice was born on 04 October 1941 in New Orleans, Louisiana, USA. She was the second of four daughters of Irish Catholic parents, Katherine ""Kay"" Allen and Howard O'Brien. In 1961, she married Stan Rice, who passed away in 2002. They had two children, Christopher (1978) and Michele (1966-1972). ",False,/works/OL77795W
Bloodlust,Lisa Jane Smith,Lisa Jane Smith,1,Horror,Horror,"Juvenile fiction, Fiction, Brothers",2011,2010,2000+,15,8,Moderate,True,,,,False,,,,,,,,,,,Unknown,,Not available,False,/works/OL15621470W
Books of Blood Volume One,Clive Barker,Clive Barker,1,Horror,Horror,"Horror, Short Stories, Fiction",1985,1980,1950–1999,41,16,Moderate,True,,,,False,,,,,,,,,,,Unknown,,Not available,False,/works/OL457864W
Bram Stoker's Dracula omnibus,"Bram Stoker, Mary Shelley, Robert Louis Stevenson, Danide, Núria Pradas, Carmen Gil, Juan Antonio Molina Foix, Mario Montalbán, Leonard Wolf, ClassyBookRead, BRAM STOCKER, Anna Gasol Trullols, Destinyalready Creative Writing Ink, Bram Stroker, Fay Weldon, Bram Stoker., Bess Georges, Alba Pagán, David Stuart Davies, David Rogers, A. R. S. BEL, Ferdinand Du Chevalier, Abraham Stoker, Sarah Prescott, Alex Rouse, Bram Stoke, A. Nessi",Bram Stoker,27,Horror,Horror,"Fiction, Horror, Children: Grades 3-4, Dracula, Count (fictitious character)",1897,1890,Pre-1900,129,598,Classic/Bestseller,True,3.75,4.0,181.0,True,Short (<200),55.0,2.0,5.0,62.0,0.714,1847,1847,1912,1912,Deceased,50,Not available,True,/works/OL85875W
Cadáver exquisito,Agustina Bazterrica,Agustina Bazterrica,1,Horror,Horror,"Romance literature, New York Times reviewed, Fiction, Dystopian",2015,2010,2000+,11,12,Moderate,True,,,,False,,,,,,,,,,,Unknown,,Not available,False,/works/OL17864836W
Can Such Things Be? [24 stories],Ambrose Bierce,Ambrose Bierce,1,Horror,Horror,"American Short stories, Short stories, Horror tales",1924,1920,1900–1949,102,51,Popular,True,,,,False,,,,,,,,,,,Unknown,,Not available,False,/works/OL7973356W
Captain quad,Sean Costello,Sean Costello,1,Horror,Horror,"Fiction, Horror, General",2001,2000,2000+,25,12,Moderate,False,,,,False,,,,,,,,,,,Unknown,,Not available,False,/works/OL5950149W
Carmilla,Sheridan Le Fanu,Sheridan Le Fanu,1,Horror,Horror,"English Fantasy fiction, Fantasy fiction, English, Fiction",1871,1870,Pre-1900,155,571,Classic/Bestseller,True,3.92,65.0,64.0,False,Short (<200),,,,,,,,,,Unknown,,Not available,False,/works/OL2895536W
Carpe Corpus,Rachel Caine,Rachel Caine,1,Horror,Horror,"Fiction, Horror, Juvenile Fiction",2009,2000,2000+,17,8,Moderate,True,,,,False,,,,,,,,,,,Unknown,,Not available,False,/works/OL15168750W
Cell,Stephen King,Stephen King,1,Horror,Horror,"Computer worms, Hive minds, Zombies",2006,2000,2000+,20,61,Popular,True,,,,False,,,,,,,,,,,Unknown,,Not available,False,/works/OL81597W
Coldheart Canyon,Clive Barker,Clive Barker,1,Horror,Horror,"Ghost stories, Recluses, Fiction",2001,2000,2000+,25,10,Moderate,True,,,,False,,,,,,,,,,,Unknown,,Not available,False,/works/OL457857W
Collected Ghost Stories,Montague Rhodes James,Montague Rhodes James,1,Horror,Horror,"Ghost stories, English ghost stories, Horror stories",1931,1930,1900–1949,95,15,Moderate,True,,,,False,,,,,,,,,,,Unknown,,Not available,False,/works/OL707919W
Collected Short Stories [51 stories],Roald Dahl,Roald Dahl,1,Horror,Horror,"Short stories, Fiction Classics, Gothic & Horror",1991,1990,1950–1999,35,15,Moderate,True,,,,False,,,,,,,,,,,Unknown,,Not available,False,/works/OL10561689W
Creep From the Deep,Robert Lawrence Stine,Robert Lawrence Stine,1,Horror,Horror,"Pirates, Amusement parks, Horror stories",2008,2000,2000+,18,13,Moderate,True,,,,False,,,,,,,,,,,Unknown,,Not available,False,/works/OL15094293W
Cujo,Stephen King,Stephen King,1,Horror,Horror,"Suspense, Psychological horror, Fiction",1981,1980,1950–1999,45,81,Popular,True,,,,False,,,,,,,,,,,Unknown,,Not available,False,/works/OL81610W
Cycle of the Werewolf,Stephen King,Stephen King,1,Horror,Horror,"Maine in fiction, Werewolves, Fiction",1983,1980,1950–1999,43,27,Popular,True,,,,False,,,,,,,,,,,Unknown,,Not available,False,/works/OL81583W
Danse Macabre,Stephen King,Stephen King,1,Horror,Horror,"The Fog, The Stand, Ghost Story",1980,1980,1950–1999,46,48,Popular,True,,,,False,,,,,,,,,,,Unknown,,Not available,False,/works/OL81605W
Dark Love,"Nancy A. Collins, Edward E. Kramer, Martin H. Greenberg, Stephen King, Michael O'Donoghue, Kathe Koja, Basil Cooper, John Lutz, David J. Schow, Robert Weinberg, Ramsey Campbell, Stuart M. Kaminsky, Wendy Webb, Richard Laymon, Bob Burden, George Chesbro, John Peyton Cooke, Kathryn Ptacek, John Shirley, Michael Blumlein, Edward Gorman, Lucy Taylor, Karl Edward Wagner, Douglas E. Winter",Nancy A. Collins,24,Horror,Horror,"Horror, Depression, Nicotine",1995,1990,1950–1999,31,8,Moderate,True,,,,False,,,,,,,,,,,Unknown,,Not available,False,/works/OL14916874W
Darkness Comes,Dean Koontz,Dean Koontz,1,Horror,Horror,"Fiction, Horror, Suspense",1984,1980,1950–1999,42,35,Popular,True,,,,False,,,,,,,,,,,Unknown,,Not available,False,/works/OL263267W
"Death Note, Vol. 8","Tsugumi Ohba, Takeshi Obata",Tsugumi Ohba,2,Horror,Horror,"Series:death_note, Detective, Criminals",2005,2000,2000+,21,11,Moderate,True,,,,False,,,,,,,,,,,Unknown,,Not available,False,/works/OL8756324W
Demon Seed,Dean Koontz,Dean Koontz,1,Horror,Horror,"Fiction, Horror, Artificial intelligence",1973,1970,1950–1999,53,26,Popular,True,,,,False,,,,,,,,,,,Unknown,,Not available,False,/works/OL263284W
Derniers Contes,Edgar Allan Poe,Edgar Allan Poe,1,Horror,Horror,"Satire, Short stories, American fiction",2004,2000,2000+,22,15,Moderate,True,,,,False,,,,,,,,,,,Unknown,,Not available,False,/works/OL15179334W
Desperation,Stephen King,Stephen King,1,Horror,Horror,"Fiction, Travelers, Traffic police",1996,1990,1950–1999,30,55,Popular,True,,,,False,,,,,,,,,,,Unknown,,Not available,False,/works/OL81611W
Different Seasons,Stephen King,Stephen King,1,Horror,Horror,"First-person narrative, Post-traumatic stress disorder, World War II",1982,1980,1950–1999,44,61,Popular,True,,,,False,,,,,,,,,,,Unknown,,Not available,False,/works/OL81621W
Doctor Sleep,Stephen King,Stephen King,1,Horror,Horror,"Horror, Alcoholism, Paranormal",2013,2010,2000+,13,53,Popular,True,,,,False,,,,,,,,,,,Unknown,,Not available,False,/works/OL16806877W
Dolores Claiborne,Stephen King,Stephen King,1,Horror,Horror,"Women, Intimacy (Psychology), Confession",1992,1990,1950–1999,34,51,Popular,True,,,,False,,,,,,,,,,,Unknown,,Not available,False,/works/OL81622W
Dracul,"Dacre Stoker, J. D. Barker",Dacre Stoker,2,Horror,Horror,"Vampires, Fiction, Horror Fiction",2018,2010,2000+,8,11,Moderate,False,,,,False,,,,,,,,,,,Unknown,,Not available,False,/works/OL19754723W
Dracula,Stephanie Spinner,Stephanie Spinner,1,Horror,Horror,"Fiction, Vampires, Juvenile fiction",1982,1980,1950–1999,44,10,Moderate,True,,,,False,,,,,,,,,,,Unknown,,Not available,False,/works/OL470256W
"Dracula's guest, and other weird stories","Bram Stoker, Washington Irving, Saki, Charles Dickens, Edgar Allan Poe, Guy de Maupassant, Robert Louis Stevenson, Mark Twain, Bram Stroker, Thomas Hardy, Henry James, Michael Sims, Varla Ventura, James Anderson Foster, Sheridan Le Fanu, E. F. Benson, Paul Boehmer, Gabrielle de Cuir, Kate Orsini, Bram StokerDracula's Guest is a short story by Bram Stoker and published in the short story collection Dracula's Guest and Other Weir, Najam Saqib, Luis Angel O. E., Abraham Stoker, Bram Stocker, M. Kellermeyer, Stoker Bram, Shanower Eric",Bram Stoker,27,Horror,Horror,"Fiction, Literature, English Horror tales",1914,1910,1900–1949,112,171,Classic/Bestseller,True,4.0,2.0,480.0,False,Long (350–500),9.0,0.0,4.0,13.0,1.0,1847,1847,1912,1912,Deceased,67,Not available,True,/works/OL85864W
Drawing Blood,Poppy Z. Brite,Poppy Z. Brite,1,Horror,Horror,"Fiction, Horror, Zaklete hiše, V leposlovju",1993,1990,1950–1999,33,12,Moderate,True,,,,False,,,,,,,,,,,Unknown,,Not available,False,/works/OL21454683W
Drood,Dan Simmons,Dan Simmons,1,Horror,Horror,"Biographical Fiction, Charles Dickens, Detective",2009,2000,2000+,17,11,Moderate,True,,,,False,,,,,,,,,,,Unknown,,Not available,False,/works/OL1963255W
Eden's eyes,Sean Costello,Sean Costello,1,Horror,Horror,"Fiction, Horror, Literature",1989,1980,1950–1999,37,12,Moderate,False,,,,False,,,,,,,,,,,Unknown,,Not available,False,/works/OL5950152W
Egg Monsters from Mars,Robert Lawrence Stine,Robert Lawrence Stine,1,Horror,Horror,"Juvenile fiction, Horror tales, Horror stories",1996,1990,1950–1999,30,15,Moderate,True,,,,False,,,,,,,,,,,Unknown,,Not available,False,/works/OL72260W
Eleven,Patricia Highsmith,Patricia Highsmith,1,Horror,Horror,"Dark, Psychological, Horror",1970,1970,1950–1999,56,10,Moderate,True,,,,False,,,,,,,,,,,Unknown,,Not available,False,/works/OL59472W
Eleventh grade burns,"Z Brewer, Zac Brewer",Z Brewer,2,Horror,Horror,"Fiction, Vampires, Orphans",2010,2010,2000+,16,9,Moderate,True,,,,False,,,,,,,,,,,Unknown,,Not available,False,/works/OL8333975W
Everville,Clive Barker,Clive Barker,1,Horror,Horror,"Detective and mystery stories, Horror, Fiction",1994,1990,1950–1999,32,17,Moderate,True,,,,False,,,,,,,,,,,Unknown,,Not available,False,/works/OL257789W
Exquisite Corpse,Poppy Z. Brite,Poppy Z. Brite,1,Horror,Horror,"Fiction, Horror, Suspense, Thrillers",1996,1990,1950–1999,30,11,Moderate,True,,,,False,,,,,,,,,,,Unknown,,Not available,False,/works/OL20864713W
Fallen Hearts,V.C. Andrews,V.C. Andrews,1,Horror,Horror,"Romance fiction, Horror fiction, Detective and mystery fiction",1988,1980,1950–1999,38,38,Popular,True,,,,False,,,,,,,,,,,Unknown,,Not available,False,/works/OL260475W
Fear Street Super Chiller - Goodnight Kiss,Robert Lawrence Stine,Robert Lawrence Stine,1,Horror,Horror,"Horror, Fiction, Short stories",1992,1990,1950–1999,34,9,Moderate,True,,,,False,,,,,,,,,,,Unknown,,Not available,False,/works/OL72276W
Fear Street Super Chiller - Silent Night,Robert Lawrence Stine,Robert Lawrence Stine,1,Horror,Horror,"Horror stories, Horror, Revenge",1991,1990,1950–1999,35,12,Moderate,True,,,,False,,,,,,,,,,,Unknown,,Not available,False,/works/OL72419W
Fiction,"R. S. Gwynn, Nathaniel Hawthorne, Edgar Allan Poe, Kate Chopin, Антон Павлович Чехов, Edith Wharton, Willa Cather, James Joyce, William Faulkner, John Steinbeck, Richard Wright, Shirley Jackson, Gabriel García Márquez, Chinua Achebe, Alice Munro, Margaret Atwood, Alice Walker, Guy de Maupassant, Ernest Hemingway, Eudora Welty, Ralph Ellison, Doris Lessing, Flannery O'Connor, John Updike, Raymond Carver, Joyce Carol Oates, Bobbie Ann Mason, Denise Chávez, Louise Erdrich",R. S. Gwynn,29,Horror,Horror,"Short stories, Technique, English Short stories",1993,1990,1950–1999,33,10,Moderate,True,,,,False,,,,,,,,,,,Unknown,,Not available,False,/works/OL5107038W
Fledgling,Octavia E. Butler,Octavia E. Butler,1,Horror,Horror,"Mystery, Vampires, Fiction",2005,2000,2000+,21,19,Moderate,True,,,,False,,,,,,,,,,,Unknown,,Not available,False,/works/OL43073913W
Foe,Iain Reid,Iain Reid,1,Horror,Horror,"Married people, Fiction, Psychological",2018,2010,2000+,8,9,Moderate,False,,,,False,,,,,,,,,,,Unknown,,Not available,False,/works/OL19749336W
Frankissstein,Jeanette Winterson,Jeanette Winterson,1,Horror,Horror,"New York Times reviewed, Fiction, Women, Political",2019,2010,2000+,7,15,Moderate,False,,,,False,,,,,,,,,,,Unknown,,Not available,False,/works/OL20118357W
Fright Night,NOW Comics,NOW Comics,1,Horror,Horror,"Comics, Comic Books, Horror",1988,1980,1950–1999,38,27,Popular,False,,,,False,,,,,,,,,,,Unknown,,Not available,False,/works/OL17721909W
"Full Dark, No Stars",Stephen King,Stephen King,1,Horror,Horror,"Chevrolet Suburbans, 1955 doubled die cents, Crime",2010,2010,2000+,16,41,Popular,True,,,,False,,,,,,,,,,,Unknown,,Not available,False,/works/OL15374110W
Future perfect,"H. Bruce Franklin, Nathaniel Hawthorne, Edgar Allan Poe, Herman Melville, Ambrose Bierce",H. Bruce Franklin,5,Horror,Horror,"Short stories, Social life and customs, Manners and customs",1955,1950,1950–1999,71,15,Moderate,True,,,,False,,,,,,,,,,,Unknown,,Not available,False,/works/OL3931584W
Fuzzy Mud,Louis Sachar,Louis Sachar,1,Horror,Horror,"Environment, Juvenile Fiction, Juvenile literature",2015,2010,2000+,11,12,Moderate,True,,,,False,,,,,,,,,,,Unknown,,Not available,False,/works/OL17310713W
Gateway to Hell,Dennis Wheatley,Dennis Wheatley,1,Horror,Horror,"Fiction, English fiction, Horror",1970,1970,1950–1999,56,11,Moderate,True,,,,False,,,,,,,,,,,Unknown,,Not available,False,/works/OL1174833W
Gerald's Game,Stephen King,Stephen King,1,Horror,Horror,"Horror tales, Fiction, Horror",1992,1990,1950–1999,34,56,Popular,True,,,,False,,,,,,,,,,,Unknown,,Not available,False,/works/OL81617W
Ghost Wall,Sarah Moss,Sarah Moss,1,Horror,Horror,"Fiction, Family life, General, England, Fathers and daughters",2018,2010,2000+,8,12,Moderate,False,,,,False,,,,,,,,,,,Unknown,,Not available,False,/works/OL20384700W
GloomCookie,"Serena Valentino, Naifeh, John Gebbia, Breehn Burns, Harley Sparx",Serena Valentino,5,Horror,Horror,"Goth culture (Subculture), Comic books, Strips, Fiction",2001,2000,2000+,25,10,Moderate,True,,,,False,,,,,,,,,,,Unknown,,Not available,False,/works/OL15854298W
Goosebumps - Deep Trouble,Robert Lawrence Stine,Robert Lawrence Stine,1,Horror,Horror,"Horror, Fiction, Horror stories",1994,1990,1950–1999,32,25,Moderate,True,,,,False,,,,,,,,,,,Unknown,,Not available,False,/works/OL72255W
Goosebumps - The Barking Ghost,Robert Lawrence Stine,Robert Lawrence Stine,1,Horror,Horror,"Juvenile fiction, Dogs, Magic",1995,1990,1950–1999,31,15,Moderate,True,,,,False,,,,,,,,,,,Unknown,,Not available,False,/works/OL72229W
Great American Short Stories,"Wallace Stegner, Mary Stegner, Washington Irving, Nathaniel Hawthorne, Edgar Allan Poe, Herman Melville, Mark Twain, Bret Harte, Ambrose Bierce, Henry James, Mary Eleanor Wilkins Freeman, Hamlin Garland, O. Henry, Edith Wharton, Stephen Crane, Sherwood Anderson, Wilbur Daniel Steele, Conrad Aiken, Katherine Anne Porter, James Thurber, William March, William Faulkner, John Steinbeck, Paul Horgan, John O'Hara, Walter Van Tilburg Clark, Eudora Welty, Hortense Calisher, Mary (editor) Stegner",Wallace Stegner,29,Horror,Horror,"American fiction, Short stories, American Horror tales",1957,1950,1950–1999,69,21,Moderate,True,,,,False,,,,,,,,,,,Unknown,,Not available,False,/works/OL478168W
Great Short Stories of the World -- a collection of complete short stories chosen from the literatures of all periods and countries,"Barrett Harper Clark, Barrett H. Clark, Maxim Lieber, Charles Dickens, Fiódor Dostoievski, Антон Павлович Чехов, Nathaniel Hawthorne, Edgar Allan Poe, Mark Twain, Ambrose Bierce, Theodore Dreiser, CLARK AND LIEBER, Gerda Charles, Clark, Barrett H.; Lieber, Maxim, Barrett H. & Maxim Lieber Clark, Barrett H. / Lieber, Barrett H. and Maxim Lieber Clark, Clark & Lieber",Barrett Harper Clark,20,Horror,Horror,"Short stories, American Horror tales, American literature",1922,1920,1900–1949,104,43,Popular,True,,,,False,,,,,,,,,,,Unknown,,Not available,False,/works/OL1191826W
Great Short Works of Edgar Allan Poe,"Edgar Allan Poe, Gary Richard Thompson, G. R. Thompson",Edgar Allan Poe,3,Horror,Horror,"Busts, Narrative poetry, Supernatural",1970,1970,1950–1999,56,9,Moderate,True,,,,False,,,,,,,,,,,Unknown,,Not available,False,/works/OL40978W
"Great Tales and Poems of Edgar Allan Poe [21 stories, 34 poems]",Edgar Allan Poe,Edgar Allan Poe,1,Horror,Horror,"Laments, Narrative poetry, Poetry",1940,1940,1900–1949,86,20,Moderate,True,,,,False,,,,,,,,,,,Unknown,,Not available,False,/works/OL41024W
Grendel,"Matt Wagner, Pat McEown",Matt Wagner,2,Horror,Horror,"Horror comic books, Strips, Graphic novels, Adventure stories",1986,1980,1950–1999,40,18,Moderate,True,,,,False,,,,,,,,,,,Unknown,,Not available,False,/works/OL1651036W
Gwendy's button box,"Stephen King, Richard Chizmar, Richard T. Chizmar",Stephen King,3,Horror,Horror,"Nightmares, Preteen girls, Castle Rock (Me. : Imaginary place)",2017,2010,2000+,9,12,Moderate,True,,,,False,,,,,,,,,,,Unknown,,Not available,False,/works/OL18092161W
Haunting Adeline,H. D. Carlton,H. D. Carlton,1,Horror,Horror,"Dark Romance, Romance, Dark",2021,2020,2000+,5,18,Moderate,False,,,,False,,,,,,,,,,,Unknown,,Not available,False,/works/OL27310398W
Hearts in Atlantis,Stephen King,Stephen King,1,Horror,Horror,"Lord of the Flies (William Golding), Somatoform disorders, Penance",1998,1990,1950–1999,28,55,Popular,True,,,,False,,,,,,,,,,,Unknown,,Not available,False,/works/OL81624W
Hellboy,"Mike Mignola, John Byrne, Duncan Fegredo, Dave Stewart",Mike Mignola,4,Horror,Horror,"Private investigators, Fiction, Wizards",1999,1990,1950–1999,27,8,Moderate,True,,,,False,,,,,,,,,,,Unknown,,Not available,False,/works/OL5973391W
Hellsing,"Kohta Hirano, Duane Johnson, Wilbert Lacuna",Kohta Hirano,3,Horror,Horror,"Comic books, Strips, Fiction, Graphic novels",2003,2000,2000+,23,12,Moderate,True,,,,False,,,,,,,,,,,Unknown,,Not available,False,/works/OL8494161W
Help! We Have Strange Powers!,Robert Lawrence Stine,Robert Lawrence Stine,1,Horror,Horror,"Horror tales, Juvenile fiction, Amusement parks",2009,2000,2000+,17,10,Moderate,True,,,,False,,,,,,,,,,,Unknown,,Not available,False,/works/OL15424712W
Her Body and Other Parties,Carmen Maria Machado,Carmen Maria Machado,1,Horror,Horror,"Women, Fiction, Short stories (single author)",2017,2010,2000+,9,10,Moderate,True,,,,False,,,,,,,,,,,Unknown,,Not available,False,/works/OL19636245W
Herland,"Charlotte Perkins Gilman, Alex Goody, Eva Kumar, Evelynn D. Smith, Chavdar Georgiev, Booking, Aurora Irvine",Charlotte Perkins Gilman,7,Horror,Horror,"Utopias, Fiction, Women",1915,1910,1900–1949,111,627,Classic/Bestseller,True,3.8,10.0,112.0,False,Short (<200),115.0,11.0,19.0,145.0,0.633,1860-07-03,1860,1935-08-17,1935,Deceased,55,"Charlotte Perkins Gilman, also known as Charlotte Perkins Stetson, was a prominent American sociologist, novelist, writer of short stories, poetry, and nonfiction, and a lecturer for social reform. She was a utopian feminist during a time when her accomplishments were exceptional for women, and she ",True,/works/OL2771987W
Hidden Pictures,Jason Rekulak,Jason Rekulak,1,Horror,Horror,"Horror, Thriller, Mystery",2022,2020,2000+,4,9,Moderate,False,,,,False,,,,,,,,,,,Unknown,,Not available,False,/works/OL25337698W
Histoires Extraordinaires (Balloon-Hoax / Descent into the Maelstrom / Facts in the Case of M. Valdemar / Gold-Bug / Ligeia / Mesmeric Revelation / Metzengerstein / Morella / MS. Found in a Bottle / Murders in the Rue Morgue / Mystery of Marie Roget / Purloined Letter / Tale of the Ragged Mountains / Unparalleled Adventure of One Hans Pfaall),Edgar Allan Poe,Edgar Allan Poe,1,Horror,Horror,"Mesmerism, Fiction, Short stories",1869,1860,Pre-1900,157,8,Moderate,True,,,,False,,,,,,,,,,,Unknown,,Not available,False,/works/OL14938005W
Histoires Extraordinaires (Balloon-Hoax / Descent into the Maelstrom / Facts in the Case of M. Valdemar / Gold-Bug / Ligeia / Mesmeric Revelation / Metzengerstein / Morella / MS. Found in a Bottle / Murders in the Rue Morgue / Purloined Letter / Tale of the Ragged Mountains / Unparalleled Adventure of One Hans Pfaall),Edgar Allan Poe,Edgar Allan Poe,1,Horror,Horror,"Mesmerism, Fiction, Short stories",1857,1850,Pre-1900,169,25,Moderate,True,,,,False,,,,,,,,,,,Unknown,,Not available,False,/works/OL8202629W
Hollow City,Ransom Riggs,Ransom Riggs,1,Horror,Horror,"Orphanages, Juvenile fiction, Escapes",2013,2010,2000+,13,11,Moderate,True,,,,False,,,,,,,,,,,Unknown,,Not available,False,/works/OL17352242W
Holly,Stephen King,Stephen King,1,Horror,Horror,"American literature, Nyt:combined-print-and-e-book-fiction=2023-09-24, New York Times bestseller",2023,2020,2000+,3,11,Moderate,True,,,,False,,,,,,,,,,,Unknown,,Not available,False,/works/OL34057778W
Hourglass,Claudia Gray,Claudia Gray,1,Horror,Horror,"Fiction, Love, Vampires",2010,2010,2000+,16,8,Moderate,True,,,,False,,,,,,,,,,,Unknown,,Not available,False,/works/OL9302610W
I'm Thinking of Ending Things,Iain Reid,Iain Reid,1,Horror,Horror,"Fiction, Thrillers, General, Psychological",2016,2010,2000+,10,15,Moderate,True,,,,False,,,,,,,,,,,Unknown,,Not available,False,/works/OL20028344W
If There Be Thorns,V.C. Andrews,V.C. Andrews,1,Horror,Horror,"Series:dollanganger, Novel, Half-brothers",1981,1980,1950–1999,45,52,Popular,True,,,,False,,,,,,,,,,,Unknown,,Not available,False,/works/OL134891W
Imiginary Friend,Stephen Chbosky,Stephen Chbosky,1,Horror,Horror,"American literature, Nyt:hardcover-fiction=2019-10-20, New York Times bestseller",2019,2010,2000+,7,14,Moderate,True,,,,False,,,,,,,,,,,Unknown,,Not available,False,/works/OL20146108W
In a glass darkly,Sheridan Le Fanu,Sheridan Le Fanu,1,Horror,Horror,"English Fantasy fiction, English Ghost stories, English Occult fiction",1872,1870,Pre-1900,154,41,Popular,True,,,,False,,,,,,,,,,,Unknown,,Not available,False,/works/OL2895538W
In the Dark of the Night,John Saul,John Saul,1,Horror,Horror,"Teenage boys, Horror, Fiction",2006,2000,2000+,20,11,Moderate,False,,,,False,,,,,,,,,,,Unknown,,Not available,False,/works/OL1729048W
In the Midst of Life. Tales of Civilians,"Ambrose Bierce, A Bierce",Ambrose Bierce,2,Horror,Horror,"History, Fiction, United States Civil War, 1861-1865",1891,1890,Pre-1900,135,86,Popular,True,,,,False,,,,,,,,,,,Unknown,,Not available,False,/works/OL7973293W
In the Night Room,Peter Straub,Peter Straub,1,Horror,Horror,"Spiritualism, Death, Horror",2004,2000,2000+,22,12,Moderate,True,,,,False,,,,,,,,,,,Unknown,,Not available,False,/works/OL114300W
Innocence,Dean Koontz,Dean Koontz,1,Horror,Horror,"Romance, Paranormal, Politics",2013,2010,2000+,13,18,Moderate,True,,,,False,,,,,,,,,,,Unknown,,Not available,False,/works/OL18020246W
Insomnia,Stephen King,Stephen King,1,Horror,Horror,"Bram Stoker Award for Best Novel, Suspense, Suspense Thriller",1994,1990,1950–1999,32,58,Popular,True,,,,False,,,,,,,,,,,Unknown,,Not available,False,/works/OL81603W
It,Stephen King,Stephen King,1,Horror,Horror,"Coming of age, Thrillers, Suspense",1986,1980,1950–1999,40,96,Popular,True,,,,False,,,,,,,,,,,Unknown,,Not available,False,/works/OL81613W
Just After Sunset,Stephen King,Stephen King,1,Horror,Horror,"Portable toilets, Horror, Rest areas",2008,2000,2000+,18,40,Popular,True,,,,False,,,,,,,,,,,Unknown,,Not available,False,/works/OL81588W
Kentukis,Samanta Schweblin,Samanta Schweblin,1,Horror,Horror,"Fiction, Dystopian, Romance literature, New York Times reviewed",2014,2010,2000+,12,31,Popular,False,,,,False,,,,,,,,,,,Unknown,,Not available,False,/works/OL20760166W
Kraken,China Miéville,China Miéville,1,Horror,Horror,"Magic, Cults, Giant squids",2010,2010,2000+,16,16,Moderate,True,,,,False,,,,,,,,,,,Unknown,,Not available,False,/works/OL14990804W
La fête du mais,Thomas Tryon,Thomas Tryon,1,Horror,Horror,"Social life and customs, Manners and customs, Horror tales",1969,1960,1950–1999,57,23,Moderate,True,,,,False,,,,,,,,,,,Unknown,,Not available,False,/works/OL3524583W
La última noche en Tremore Beach,Mikel Santiago,Mikel Santiago,1,Horror,Horror,"Fiction, Suspense, Thrillers, General, Psychological",2014,2010,2000+,12,18,Moderate,True,,,,False,,,,,,,,,,,Unknown,,Not available,False,/works/OL16820669W
Las cosas que perdimos en el fuego,Mariana Enríquez,Mariana Enríquez,1,Horror,Horror,"Argentine Short stories, Cuentos argentinos, Horror",2016,2010,2000+,10,12,Moderate,True,,,,False,,,,,,,,,,,Unknown,,Not available,False,/works/OL17319533W
Lasher,Anne Rice,Anne Rice,1,Horror,Horror,"Christmas Mass, Protestantism, Toxic shock syndrome",1993,1990,1950–1999,33,38,Popular,True,,,,False,,,,,,,1941-10-04,1941,2021-12-11,2021,Deceased,52,"Anne Rice was born on 04 October 1941 in New Orleans, Louisiana, USA. She was the second of four daughters of Irish Catholic parents, Katherine ""Kay"" Allen and Howard O'Brien. In 1961, she married Stan Rice, who passed away in 2002. They had two children, Christopher (1978) and Michele (1966-1972). ",False,/works/OL77829W
Last Tale of the Flower Bride,Roshani Chokshi,Roshani Chokshi,1,Horror,Horror,"American literature, Fantasy, Fiction and Literature",2023,2020,2000+,3,9,Moderate,False,,,,False,,,,,,,,,,,Unknown,,Not available,False,/works/OL28022197W
Les històries naturals,Joan Perucho,Joan Perucho,1,Horror,Horror,"Fiction, Fantasy, Horror",1978,1970,1950–1999,48,13,Moderate,True,,,,False,,,,,,,,,,,Unknown,,Not available,False,/works/OL711564W
Lisey's Story,Stephen King,Stephen King,1,Horror,Horror,"Family secrets, Widows in fiction, Authors in fiction",2006,2000,2000+,20,53,Popular,True,,,,False,,,,,,,,,,,Unknown,,Not available,False,/works/OL81589W
Lost,Gary Devon,Gary Devon,1,Horror,Horror,Horror,1986,1980,1950–1999,40,9,Moderate,True,,,,False,,,,,,,,,,,Unknown,,Not available,False,/works/OL3748119W
Lost Souls,Poppy Z. Brite,Poppy Z. Brite,1,Horror,Horror,"Fiction, Horror, Youth",1992,1990,1950–1999,34,11,Moderate,True,,,,False,,,,,,,,,,,Unknown,,Not available,False,/works/OL20443949W
Lovecraft Country,Matt Ruff,Matt Ruff,1,Horror,Horror,"Fiction, Kidnapping, African Americans",2016,2010,2000+,10,15,Moderate,True,,,,False,,,,,,,,,,,Unknown,,Not available,False,/works/OL17356061W
Making friends with Frankenstein,Colin McNaughton,Colin McNaughton,1,Horror,Horror,"Juvenile poetry, Monsters, Children's poetry, English",1993,1990,1950–1999,33,10,Moderate,True,,,,False,,,,,,,,,,,Unknown,,Not available,False,/works/OL520950W
"Melmoth, the Wanderer! [play]","B. West, Charles Robert Maturin, B West",B. West,3,Horror,Horror,"Plays, Horror, Stage adaptations",,,,,8,Moderate,True,,,,False,,,,,,,,,,,Unknown,,Not available,False,/works/OL9044859W
Mexican Gothic,Silvia Moreno-Garcia,Silvia Moreno-Garcia,1,Horror,Horror,"English literature, Nyt:combined-print-and-e-book-fiction=2020-07-19, New York Times bestseller",2020,2020,2000+,6,18,Moderate,True,,,,False,,,,,,,,,,,Unknown,,Not available,False,/works/OL20759125W
Miss Peregrine's Home for Peculiar Children,Ransom Riggs,Ransom Riggs,1,Horror,Horror,"Orphanages, Graphic novels, Supernatural",2011,2010,2000+,15,13,Moderate,True,,,,False,,,,,,,,,,,Unknown,,Not available,False,/works/OL16151508W
Mister B. Gone,Clive Barker,Clive Barker,1,Horror,Horror,"Fiction, Horror, Devil",2007,2000,2000+,19,8,Moderate,True,,,,False,,,,,,,,,,,Unknown,,Not available,False,/works/OL13234610W
More Scary Stories to Tell in the Dark,Alvin Schwartz,Alvin Schwartz,1,Horror,Horror,"Cuentos de terror estadounidenses, American Ghost stories, American Horror tales",,,,,25,Moderate,True,,,,False,,,,,,,1927-04-25,1927,1992-03-14,1992,Deceased,,"Alvin Schwartz began his career as a journalist, but, after the publication of his bestselling book ***A Twister of Twists, a Tangler of Tongues***, he devoted himself to becoming a collector and arranger of folk wisdom, rhyme, and silliness. Schwartz is known for a body of work of more than two doz",False,/works/OL273693W
Mortina,Barbara Cantini,Barbara Cantini,1,Horror,Horror,"Children's fiction, Friendship, Fiction, Halloween",2018,2010,2000+,8,9,Moderate,False,,,,False,,,,,,,,,,,Unknown,,Not available,False,/works/OL17930801W
Mortina e l'amico fantasma,Barbara Cantini,Barbara Cantini,1,Horror,Horror,"Children's fiction, Monsters, Fiction, Halloween",2018,2010,2000+,8,10,Moderate,False,,,,False,,,,,,,,,,,Unknown,,Not available,False,/works/OL20235186W
Mortina e l'odioso cugino,Barbara Cantini,Barbara Cantini,1,Horror,Horror,"Children's fiction, Missing persons, Fiction, Parties",2018,2010,2000+,8,9,Moderate,False,,,,False,,,,,,,,,,,Unknown,,Not available,False,/works/OL19659685W
My Friends Call Me Monster,Robert Lawrence Stine,Robert Lawrence Stine,1,Horror,Horror,"Juvenile fiction, Horror tales, Teachers",2009,2000,2000+,17,10,Moderate,True,,,,False,,,,,,,,,,,Unknown,,Not available,False,/works/OL18006920W
My Heart Is a Chainsaw,Stephen Graham Jones,Stephen Graham Jones,1,Horror,Horror,"American literature, Horror films, Fiction",2021,2020,2000+,5,8,Moderate,True,,,,False,,,,,,,,,,,Unknown,,Not available,False,/works/OL24151366W
My Sweet Audrina,V.C. Andrews,V.C. Andrews,1,Horror,Horror,"Fiction, Mental disorders, Murder",1982,1980,1950–1999,44,37,Popular,True,,,,False,,,,,,,,,,,Unknown,,Not available,False,/works/OL134893W
Needful Things,Stephen King,Stephen King,1,Horror,Horror,"Suspense, City and town life, Specialty stores",1991,1990,1950–1999,35,67,Popular,True,,,,False,,,,,,,,,,,Unknown,,Not available,False,/works/OL81607W
Never Bite a Boy on the First Date,Tamara Summers,Tamara Summers,1,Horror,Horror,"Fiction, Horror, Juvenile Fiction",2009,2000,2000+,17,11,Moderate,True,,,,False,,,,,,,,,,,Unknown,,Not available,False,/works/OL14937155W
Night Chills,Dean Koontz,Dean Koontz,1,Horror,Horror,"Fiction, Horror, Horror stories",1976,1970,1950–1999,50,27,Popular,True,,,,False,,,,,,,,,,,Unknown,,Not available,False,/works/OL263291W
Night Film,Marisha Pessl,Marisha Pessl,1,Horror,Horror,"Mystery, Horror, Thriller",2013,2010,2000+,13,12,Moderate,True,,,,False,,,,,,,,,,,Unknown,,Not available,False,/works/OL16805559W
Night of the Living Dummy III,Robert Lawrence Stine,Robert Lawrence Stine,1,Horror,Horror,"Juvenile fiction, Horror tales, Brothers and sisters",1995,1990,1950–1999,31,19,Moderate,True,,,,False,,,,,,,,,,,Unknown,,Not available,False,/works/OL15094220W
Nightmare Alley,William Lindsay Gresham,William Lindsay Gresham,1,Horror,Horror,"Circus performers, Fiction, Mediums",1946,1940,1900–1949,80,11,Moderate,True,,,,False,,,,,,,,,,,Unknown,,Not available,False,/works/OL7425056W
Nightmare Hour - Time for Terror,Robert Lawrence Stine,Robert Lawrence Stine,1,Horror,Horror,"American Horror tales, Cuentos, Horror stories",1999,1990,1950–1999,27,20,Moderate,True,,,,False,,,,,,,,,,,Unknown,,Not available,False,/works/OL15094441W
Ninth Grade Slays (The Chronicles of Vladimir Tod),"Z Brewer, Zac Brewer, Heather Brewer",Z Brewer,3,Horror,Horror,"Fiction, Vampires, Orphans",2008,2000,2000+,18,10,Moderate,True,,,,False,,,,,,,,,,,Unknown,,Not available,False,/works/OL8333973W
Nona the Ninth,Tamsyn Muir,Tamsyn Muir,1,Horror,Horror,"Necromancy, Fantasy, Science fiction",2022,2020,2000+,4,8,Moderate,False,,,,False,,,,,,,,,,,Unknown,,Not available,False,/works/OL26426935W
Nouvelles histoires extraordinaires (Berenice / Black Cat / Cask of Amontillado / Colloquy of Monos and Una / Conversation of Eiros and Charmi / Devil in the Belfry / Fall of the House of Usher / Four Beasts in One / Hop-Frog / Imp of the Perverse / Island of the Fay / King Pest / Lionizing / Man of the Crowd / Masque of the Red Death / Oval Portrait / Pit and the Pendulum / Power of Words / Shadow / Silence / Some Words with a Mummy / Tell-Tale Heart / William Wilson),"Edgar Allan Poe, Charles Baudelaire",Edgar Allan Poe,2,Horror,Horror,"Short stories, Aristocracy, American Horror tales",1857,1850,Pre-1900,169,16,Moderate,True,,,,False,,,,,,,,,,,Unknown,,Not available,False,/works/OL14938033W
Nuestra parte de noche,Mariana Enríquez,Mariana Enríquez,1,Horror,Horror,"Horror, Fiction, Fantasy",2019,2010,2000+,7,10,Moderate,False,,,,False,,,,,,,,,,,Unknown,,Not available,False,/works/OL20901051W
Origins,Gabrielle Charbonnet,Gabrielle Charbonnet,1,Horror,Horror,"Fantasy, Fiction, Juvenile Fiction",2002,2000,2000+,24,8,Moderate,True,,,,False,,,,,,,,,,,Unknown,,Not available,False,/works/OL5695754W
Our Wives Under the Sea,Julia Armfield,Julia Armfield,1,Horror,Horror,"Lesbian couples, Fiction, Women marine biologists",2022,2020,2000+,4,8,Moderate,False,,,,False,,,,,,,,,,,Unknown,,Not available,False,/works/OL25323647W
Pet Sematary,Stephen King,Stephen King,1,Horror,Horror,"Fiction, Thrillers, Suspense",1983,1980,1950–1999,43,92,Popular,True,4.04,179.0,416.0,False,Long (350–500),,,,,,,,,,Unknown,,Not available,False,/works/OL81631W
Petals on the Wind,V.C. Andrews,V.C. Andrews,1,Horror,Horror,"Series:dollanganger, Fiction, Dysfunctional families",1980,1980,1950–1999,46,61,Popular,True,,,,False,,,,,,,,,,,Unknown,,Not available,False,/works/OL134890W
Present at a Hanging and Other Ghost Stories,Ambrose Bierce,Ambrose Bierce,1,Horror,Horror,"Fiction, Horror",1913,1910,1900–1949,113,44,Popular,True,,,,False,,,,,,,,,,,Unknown,,Not available,False,/works/OL7973306W
Prince Lestat,Anne Rice,Anne Rice,1,Horror,Horror,"Vampires, Fiction, FICTION / Occult & Supernatural",2014,2010,2000+,12,10,Moderate,True,,,,False,,,,,,,1941-10-04,1941,2021-12-11,2021,Deceased,73,"Anne Rice was born on 04 October 1941 in New Orleans, Louisiana, USA. She was the second of four daughters of Irish Catholic parents, Katherine ""Kay"" Allen and Howard O'Brien. In 1961, she married Stan Rice, who passed away in 2002. They had two children, Christopher (1978) and Michele (1966-1972). ",False,/works/OL20275691W
Revival,Stephen King,Stephen King,1,Horror,Horror,"Fiction, Suspense, Horror, Clergy",2014,2010,2000+,12,27,Popular,True,,,,False,,,,,,,,,,,Unknown,,Not available,False,/works/OL17200413W
Riding the Bullet,Stephen King,Stephen King,1,Horror,Horror,"Horror, Stroke, Hitchhiking",2000,2000,2000+,26,9,Moderate,True,,,,False,,,,,,,,,,,Unknown,,Not available,False,/works/OL149155W
Roadwork,Stephen King,Stephen King,1,Horror,Horror,"Brain cancer, Middle management, Organized crime",1981,1980,1950–1999,45,34,Popular,True,,,,False,,,,,,,,,,,Unknown,,Not available,False,/works/OL149102W
Savage,Richard Laymon,Richard Laymon,1,Horror,Horror,"Fiction, Horror, Serial murders",1993,1990,1950–1999,33,8,Moderate,True,,,,False,,,,,,,,,,,Unknown,,Not available,False,/works/OL3745263W
Scary Stories 3,Alvin Schwartz,Alvin Schwartz,1,Horror,Horror,"Ghost Folklore, Folklore, Ghost stories",1991,1990,1950–1999,35,28,Popular,True,,,,False,,,,,,,1927-04-25,1927,1992-03-14,1992,Deceased,64,"Alvin Schwartz began his career as a journalist, but, after the publication of his bestselling book ***A Twister of Twists, a Tangler of Tongues***, he devoted himself to becoming a collector and arranger of folk wisdom, rhyme, and silliness. Schwartz is known for a body of work of more than two doz",False,/works/OL273689W
Selected English Short Stories (Nineteenth Century),"Walker, Hugh, Sir Walter Scott, Charles Lamb, Washington Irving, Nathaniel Hawthorne, Benjamin Disraeli, Edgar Allan Poe, Elizabeth Cleghorn Gaskell, John Brown, Charles Dickens, Anthony Trollope, George Meredith, W.H. White, William Morris, Richard Garnett, F.B. Miggles Harte, Robert Louis Stevenson, George Gissing, Mary Elizabeth Coleridge, Hubert Crackenthorpe, Hugh Walker, Hugh (ed.) Walker, Hugh (introduction) Walker",Walker,24,Horror,Horror,"American fiction, American Horror tales, American literature",1914,1910,1900–1949,112,20,Moderate,True,,,,False,,,,,,,,,,,Unknown,,Not available,False,/works/OL345046W
"Selections From Poe [6 stories, 35 poems]","Edgar Allan Poe, John Montgomery Gambrill",Edgar Allan Poe,2,Horror,Horror,"Laments, Narrative poetry, Poetry",1907,1900,1900–1949,119,15,Moderate,True,,,,False,,,,,,,,,,,Unknown,,Not available,False,/works/OL41038W
Sherlock Holmes vs. Dracula,Loren D. Estleman,Loren D. Estleman,1,Horror,Horror,"Detective and mystery stories, Horror tales, Suspense",1978,1970,1950–1999,48,11,Moderate,True,,,,False,,,,,,,,,,,Unknown,,Not available,False,/works/OL92655W
Short Stories,"Schweikert, Harry Christian, Joseph Hergesheimer, Edgar Allan Poe, Nathaniel Hawthorne, Arthur Conan Doyle, Антон Павлович Чехов, No Illustrations Schweikert, H. C. Schweikert, h schweikert",Schweikert,10,Horror,Horror,"Correspondence, Short stories, Short story",1925,1920,1900–1949,101,8,Moderate,True,,,,False,,,,,,,,,,,Unknown,,Not available,False,/works/OL7562666W
Silver Under Nightfall,Rin Chupeco,Rin Chupeco,1,Horror,Horror,"Fantasy, LGBT, Adult",2022,2020,2000+,4,9,Moderate,False,,,,False,,,,,,,,,,,Unknown,,Not available,False,/works/OL27846744W
Skeleton crew,Stephen King,Stephen King,1,Horror,Horror,"American Horror tales, Nested narrative, Novellas",1985,1980,1950–1999,41,73,Popular,True,,,,False,,,,,,,,,,,Unknown,,Not available,False,/works/OL81627W
Skin and Other Stories,Roald Dahl,Roald Dahl,1,Horror,Horror,"Cruise ships, Betting pools, Caregivers",2000,2000,2000+,26,16,Moderate,True,,,,False,,,,,,,,,,,Unknown,,Not available,False,/works/OL45830W
Skulduggery Pleasant,"Derek Landy, Tom Percival",Derek Landy,2,Horror,Horror,"Fiction, Magic, Fantasy",2006,2000,2000+,20,26,Popular,True,,,,False,,,,,,,,,,,Unknown,,Not available,False,/works/OL278290W
Slappy's tales of horror,"Jamie Tolagson, Ted Naifeh, Dave Roman, Robert Lawrence Stine",Jamie Tolagson,4,Horror,Horror,"Horror stories, Graphic novels, Monsters",2015,2010,2000+,11,9,Moderate,True,,,,False,,,,,,,,,,,Unknown,,Not available,False,/works/OL20007373W
Snowman,Norman Bogner,Norman Bogner,1,Horror,Horror,"American Horror tales, Récits d'horreur américains, Fiction, General",1978,1970,1950–1999,48,14,Moderate,True,,,,False,,,,,,,,,,,Unknown,,Not available,False,/works/OL21714W
Someone Like You [18 stories],Roald Dahl,Roald Dahl,1,Horror,Horror,"Short story, Caviar, Bungarus",1953,1950,1950–1999,73,28,Popular,True,,,,False,,,,,,,,,,,Unknown,,Not available,False,/works/OL45868W
Stargazer,Claudia Gray,Claudia Gray,1,Horror,Horror,"Fiction, Vampires, Boarding schools",2009,2000,2000+,17,11,Moderate,True,,,,False,,,,,,,,,,,Unknown,,Not available,False,/works/OL9302611W
Stolen,Kelley Armstrong,Kelley Armstrong,1,Horror,Horror,"Horror, Fiction",2002,2000,2000+,24,21,Moderate,True,,,,False,,,,,,,,,,,Unknown,,Not available,False,/works/OL5810956W
Summer of night,Dan Simmons,Dan Simmons,1,Horror,Horror,"Horror, Coming of age., Haunted places",1991,1990,1950–1999,35,14,Moderate,True,,,,False,,,,,,,,,,,Unknown,,Not available,False,/works/OL1963292W
Swamp Thing Saga of the Swamp Thing,"Alan Moore, Stephen Bissette",Alan Moore,2,Horror,Horror,"Comic books, Strips, Heroes, Good and evil",1987,1980,1950–1999,39,11,Moderate,True,,,,False,,,,,,,,,,,Unknown,,Not available,False,/works/OL4381053W
Swan Song,Robert R. McCammon,Robert R. McCammon,1,Horror,Horror,"Science fiction, Fiction, Armageddon",1978,1970,1950–1999,48,12,Moderate,True,,,,False,,,,,,,,,,,Unknown,,Not available,False,/works/OL3909679W
Tales of Mystery and Imagination [29 stories],Edgar Allan Poe,Edgar Allan Poe,1,Horror,Horror,"Short stories, Aristocracy, American Horror tales",1902,1900,1900–1949,124,27,Popular,True,,,,False,,,,,,,,,,,Unknown,,Not available,False,/works/OL13537898W
Tales of Mystery and Imagination [46 stories],Edgar Allan Poe,Edgar Allan Poe,1,Horror,Horror,"Short stories, Aristocracy, Satire",1908,1900,1900–1949,118,15,Moderate,True,,,,False,,,,,,,,,,,Unknown,,Not available,False,/works/OL41082W
Tales of Mystery and Terror (Black Cat / Descent into the Maelstrom / Fall of the House of Usher / Hop-Frog / Masque of the Red Death / MS. Found in a Bottle / Oblong Box / Oval Portrait / Pit and the Pendulum / Some Words With a Mummy / Sphinx / Tell-Tale Heart / William Wilson),Edgar Allan Poe,Edgar Allan Poe,1,Horror,Horror,"Short stories, Aristocracy, American fiction",1967,1960,1950–1999,59,11,Moderate,True,,,,False,,,,,,,,,,,Unknown,,Not available,False,/works/OL41008W
"Tales of Mystery, Imagination, & Humour, and Poems [8 stories, 11 poems]",Edgar Allan Poe,Edgar Allan Poe,1,Horror,Horror,"Laments, Narrative poetry, Poetry",1852,1850,Pre-1900,174,10,Moderate,True,,,,False,,,,,,,,,,,Unknown,,Not available,False,/works/OL41040W
Tales of the Grotesque and Arabesque,Edgar Allan Poe,Edgar Allan Poe,1,Horror,Horror,"Short stories, Aristocracy, American Horror tales",1840,1840,Pre-1900,186,146,Classic/Bestseller,True,,,326.0,False,Medium (200–350),15.0,0.0,1.0,16.0,1.0,,,,,Unknown,,Not available,True,/works/OL41041W
"Ten Great Mysteries [10 stories, 5 poems]","Edgar Allan Poe, Conklin, Groff",Edgar Allan Poe,3,Horror,Horror,"Laments, Narrative poetry, Poetry",1960,1960,1950–1999,66,11,Moderate,True,,,,False,,,,,,,,,,,Unknown,,Not available,False,/works/OL273515W
Tenth Grade Bleeds,Z Brewer,Z Brewer,1,Horror,Horror,"Fiction, Juvenile Fiction, Vampires",2009,2000,2000+,17,11,Moderate,True,,,,False,,,,,,,,,,,Unknown,,Not available,False,/works/OL15184420W
The Awakening,Kelley Armstrong,Kelley Armstrong,1,Horror,Horror,"Fiction, Magic, Supernatural",2009,2000,2000+,17,13,Moderate,True,,,,False,,,,,,,,,,,Unknown,,Not available,False,/works/OL5810945W
The Bachman Books (Long Walk / Rage / Roadwork / Running Man),Stephen King,Stephen King,1,Horror,Horror,"Game shows, Television game shows, Fiction",1985,1980,1950–1999,41,19,Moderate,True,,,,False,,,,,,,,,,,Unknown,,Not available,False,/works/OL81591W
The Book Eaters,Sunyi Dean,Sunyi Dean,1,Horror,Horror,"Fiction, Lesbians, Lesbian",2022,2020,2000+,4,10,Moderate,False,,,,False,,,,,,,,,,,Unknown,,Not available,False,/works/OL25958054W
The Book of Accidents,Chuck Wendig,Chuck Wendig,1,Horror,Horror,"American literature, Horror, Fiction",2021,2020,2000+,5,11,Moderate,False,,,,False,,,,,,,,,,,Unknown,,Not available,False,/works/OL24191213W
The Burning Girls,C. J. Tudor,C. J. Tudor,1,Horror,Horror,"English literature, Fiction, Thrillers, Suspense, Horror",2019,2010,2000+,7,9,Moderate,False,,,,False,,,,,,,,,,,Unknown,,Not available,False,/works/OL21693958W
The Butterfly Garden,Dot Hutchison,Dot Hutchison,1,Horror,Horror,"Kidnapping victims, Missing persons, Kidnapping",2016,2010,2000+,10,11,Moderate,True,,,,False,,,,,,,,,,,Unknown,,Not available,False,/works/OL20036652W
The City of Mirrors,Justin Cronin,Justin Cronin,1,Horror,Horror,"Survival, Fiction, Thrillers, General",2015,2010,2000+,11,16,Moderate,True,,,,False,,,,,,,,,,,Unknown,,Not available,False,/works/OL17345511W
The Collected Works of Ambrose Bierce. Volume III. Can such things be? [42 stories],Ambrose Bierce,Ambrose Bierce,1,Horror,Horror,"Horror & Supernatural Fiction, Short Stories, American Short stories",1910,1910,1900–1949,116,14,Moderate,True,,,,False,,,,,,,,,,,Unknown,,Not available,False,/works/OL7973256W
The Collected Writings of Ambrose Bierce,Ambrose Bierce,Ambrose Bierce,1,Horror,Horror,"Literature, Collections, Fiction",1946,1940,1900–1949,80,18,Moderate,True,,,,False,,,,,,,,,,,Unknown,,Not available,False,/works/OL7973266W
"The Complete Tales & Poems of Edgar Allan Poe [73 stories, 48 poems]",Edgar Allan Poe,Edgar Allan Poe,1,Horror,Horror,"Laments, Narrative poetry, Poetry",1985,1980,1950–1999,41,9,Moderate,True,,,,False,,,,,,,,,,,Unknown,,Not available,False,/works/OL273468W
"The Complete Tales and Poems of Edgar Allan Poe [67 stories, 52 poems, 4 essays]",Edgar Allan Poe,Edgar Allan Poe,1,Horror,Horror,"Laments, Narrative poetry, Poetry",1938,1930,1900–1949,88,9,Moderate,True,,,,False,,,,,,,,,,,Unknown,,Not available,False,/works/OL41071W
The Damned,Algernon Blackwood,Algernon Blackwood,1,Horror,Horror,"Fiction, Horror",2002,2000,2000+,24,106,Classic/Bestseller,False,4.0,2.0,,False,,,,,,,,,,,Unknown,,Not available,False,/works/OL2700643W
The Damned Thing,Ambrose Bierce,Ambrose Bierce,1,Horror,Horror,"Short stories, Horror tales, Horror",2007,2000,2000+,19,27,Popular,True,,,,False,,,,,,,,,,,Unknown,,Not available,False,/works/OL20084265W
The Dark Descent,"David G. Hartwell, Stephen King, John Collier, Montague Rhodes James, Lucy Clifford, Russell Kirk, H.P. Lovecraft, Shirley Jackson, Harlan Ellison, Nathaniel Hawthorne, Ray Bradbury, Michael Shea, Edith Nesbit, Karl Edward Wagner, Robert Aickman, Fritz Leiber, Robert Bloch, Charles L. Grant, Manly Wade Wellman, Thomas M. Disch, Theodore Sturgeon, Clive Barker, Edgar Allan Poe, Sheridan Le Fanu, Charlotte Perkins Gilman, William Faulkner, Robert Smythe Hichens, Richard Matheson, Joanna Russ, Dennis Etchison, D. H. Lawrence, Tanith Lee, Flannery O'Connor, Ramsey Campbell, Henry James, Gene Wolfe, Charles Dickens, Joyce Carol Oates, Walter De la Mare, Ivan Turguenev, Robert Chambers, Oliver Onions, Fitz-James O'Brien, Ambrose Bierce, Edith Wharton, Algernon Blackwood, Philip K. Dick",David G. Hartwell,47,Horror,Horror,"Horror tales, American Horror tales, English Horror tales",1987,1980,1950–1999,39,12,Moderate,True,,,,False,,,,,,,,,,,Unknown,,Not available,False,/works/OL2989350W
The Dark Half,Stephen King,Stephen King,1,Horror,Horror,"Alcohol abuse, Parasitic twins, Alcoholism",1989,1980,1950–1999,37,61,Popular,True,,,,False,,,,,,,,,,,Unknown,,Not available,False,/works/OL81620W
The Dark-Thirty: Southern Tales of the Supernatural,Patricia McKissack,Patricia McKissack,1,Horror,Horror,"American Ghost stories, American Horror tales, Children's stories, American",1992,1990,1950–1999,34,13,Moderate,True,,,,False,,,,,,,,,,,Unknown,,Not available,False,/works/OL8044300W
The Deep,Nick Cutter,Nick Cutter,1,Horror,Horror,"FICTION / Science Fiction / Genetic Engineering, Manned undersea research stations, FICTION / Horror",2015,2010,2000+,11,9,Moderate,True,,,,False,,,,,,,,,,,Unknown,,Not available,False,/works/OL19086734W
The Dracula Book of Great Vampire Stories,"Leslie Shepard, Charles Dickens, Edgar Allan Poe, Edward Bulwer Lytton, Baron Lytton, Guy de Maupassant, Jerome Klapka Jérôme, Bram Stoker, William Hope Hodgson, M.R. James, H.P. Lovecraft, L. P. Hartley, Algernon Blackwood, Shepherd, Leslie, ed. & intro., Sheridan Le Fanu, Stenbock, Stanislaus Eric Count, Mary Elizabeth Braddon, F. G. Loring, Francis Marion Crawford, E. F. Benson, Jan Neruda, Victor Roman, Dr. Franz Hartmann, Leslie (edited) Shepard",Leslie Shepard,27,Horror,Horror,"Horror tales, Vampires, Fiction, American fiction",1977,1970,1950–1999,49,10,Moderate,True,,,,False,,,,,,,,,,,Unknown,,Not available,False,/works/OL6469892W
The Exorcist,William Peter Blatty,William Peter Blatty,1,Horror,Horror,"Fiction, Horror, Horror fiction",1971,1970,1950–1999,55,77,Popular,True,,,,False,,,,,,,,,,,Unknown,,Not available,False,/works/OL927199W
The Face of Fear,John Saul,John Saul,1,Horror,Horror,"Plastic surgeons, Fiction, Stepfathers",2008,2000,2000+,18,8,Moderate,True,,,,False,,,,,,,,,,,Unknown,,Not available,False,/works/OL1728963W
The Facts in the Case of M. Valdemar,Edgar Allan Poe,Edgar Allan Poe,1,Horror,Horror,"Mesmerism, Fiction, Short story",1846,1840,Pre-1900,180,11,Moderate,True,,,,False,,,,,,,,,,,Unknown,,Not available,False,/works/OL40987W
The Fall of the House of Usher,Edgar Allan Poe,Edgar Allan Poe,1,Horror,Horror,"American fiction (fictional works by one author), Short stories (single author), American Horror tales",,,,,237,Classic/Bestseller,True,4.23,22.0,181.0,False,Short (<200),,,,,,1809-01-19,1809,1849-10-07,1849,Deceased,,"Edgar Allan Poe was an American writer, poet, editor and literary critic, considered part of the American Romantic Movement. Best known for his tales of mystery and the macabre, Poe was one of the earliest American practitioners of the short story and is considered the inventor of the detective-fict",False,/works/OL41078W
The Fall of the House of Usher and Other Tales [15 stories],Edgar Allan Poe,Edgar Allan Poe,1,Horror,Horror,"American Horror tales, American literature, Children's fiction",1960,1960,1950–1999,66,18,Moderate,True,,,,False,,,,,,,,,,,Unknown,,Not available,False,/works/OL273484W
The Fear Street Saga - The Burning,Robert Lawrence Stine,Robert Lawrence Stine,1,Horror,Horror,"Horror, Juvenile fiction, Witchcraft",1993,1990,1950–1999,33,9,Moderate,True,,,,False,,,,,,,,,,,Unknown,,Not available,False,/works/OL72236W
The Gashlycrumb Tinies,Edward Gorey,Edward Gorey,1,Horror,Horror,"Alphabet, American wit and humor, Pictorial, English language",1981,1980,1950–1999,45,10,Moderate,True,,,,False,,,,,,,,,,,Unknown,,Not available,False,/works/OL23608W
The Ghost Next Door,Robert Lawrence Stine,Robert Lawrence Stine,1,Horror,Horror,"Horror stories, Ghosts, Ghosts in fiction",1993,1990,1950–1999,33,30,Popular,True,,,,False,,,,,,,,,,,Unknown,,Not available,False,/works/OL72274W
The Ghost Pirates,William Hope Hodgson,William Hope Hodgson,1,Horror,Horror,"Ghosts, Pirates, Adventure",1909,1900,1900–1949,117,20,Moderate,True,,,,False,,,,,,,,,,,Unknown,,Not available,False,/works/OL810401W
The Ghost of Thomas Kempe,Penelope Lively,Penelope Lively,1,Horror,Horror,"Children's stories, Fiction, Ghosts",1973,1970,1950–1999,53,9,Moderate,True,,,,False,,,,,,,,,,,Unknown,,Not available,False,/works/OL1983039W
The Great God Pan,Arthur Machen,Arthur Machen,1,Horror,Horror,"Austin osman spare, Arthur machen, Pan",1894,1890,Pre-1900,132,431,Classic/Bestseller,True,3.5,42.0,128.0,False,Short (<200),232.0,13.0,45.0,290.0,0.776,,,,,Unknown,,Not available,True,/works/OL3388961W
The Haunted Car,Robert Lawrence Stine,Robert Lawrence Stine,1,Horror,Horror,"Humorous Stories, Automobiles, Horror",1999,1990,1950–1999,27,14,Moderate,True,,,,False,,,,,,,,,,,Unknown,,Not available,False,/works/OL7961036W
The Haunting Hour - Chills in the Dead of Night,"Robert Lawrence Stine, Various",Robert Lawrence Stine,2,Horror,Horror,"American Horror tales, Children's stories, American, Fiction",2001,2000,2000+,25,17,Moderate,True,,,,False,,,,,,,,,,,Unknown,,Not available,False,/works/OL15094853W
The Hellbound Heart,Clive Barker,Clive Barker,1,Horror,Horror,"Fiction, Horror, Horror stories",1991,1990,1950–1999,35,8,Moderate,False,,,,False,,,,,,,,,,,Unknown,,Not available,False,/works/OL257785W
The House on Hackman's Hill,Joan Lowery Nixon,Joan Lowery Nixon,1,Horror,Horror,"Detective and mystery stories, Fantasy fiction, Detective and mystery fiction",1985,1980,1950–1999,41,8,Moderate,True,,,,False,,,,,,,,,,,Unknown,,Not available,False,/works/OL137786W
The Hunger,Whitley Strieber,Whitley Strieber,1,Horror,Horror,"Fiction, Vampires, Espionage",1981,1980,1950–1999,45,18,Moderate,True,,,,False,,,,,,,,,,,Unknown,,Not available,False,/works/OL1874496W
The Keep,F. Paul Wilson,F. Paul Wilson,1,Horror,Horror,"Movies, Motion Pictures, Films",1981,1980,1950–1999,45,8,Moderate,True,,,,False,,,,,,,,,,,Unknown,,Not available,False,/works/OL108168W
The Last House on Needless Street,Catriona Ward,Catriona Ward,1,Horror,Horror,"American literature, Horror, Thriller",2021,2020,2000+,5,8,Moderate,False,,,,False,,,,,,,,,,,Unknown,,Not available,False,/works/OL24312716W
The Long Walk,Stephen King,Stephen King,1,Horror,Horror,"Horror, Suspense, Fiction",1979,1970,1950–1999,47,39,Popular,True,,,,False,,,,,,,,,,,Unknown,,Not available,False,/works/OL9973101W
The Manitou,"Graham Masterton, Robert G. Slade",Graham Masterton,2,Horror,Horror,"Fiction, Fiction in English, Horror",1975,1970,1950–1999,51,15,Moderate,True,,,,False,,,,,,,,,,,Unknown,,Not available,False,/works/OL744732W
The Masque of the Red Death,Edgar Allan Poe,Edgar Allan Poe,1,Horror,Horror,"Gothic fiction, Horror, Short story",1922,1920,1900–1949,104,85,Popular,True,,,,False,,,,,,,,,,,Unknown,,Not available,False,/works/OL41050W
The Mayor of Casterbridge,Thomas Hardy,Thomas Hardy,1,Horror,Horror,"British and irish fiction (fictional works by one author), Wessex (england), Fiction, Fathers and daughters",,,,,676,Classic/Bestseller,True,,,181.0,True,Short (<200),25.0,3.0,8.0,36.0,0.727,1840-06-02,1840,1928-01-11,1928,Deceased,,"Thomas Hardy, OM was an English novelist and poet of the naturalist movement, although in several poems he displays elements of the previous romantic and enlightenment periods of literature, such as his fascination with the supernatural.

While he regarded himself primarily as a poet who composed ",True,/works/OL8193406W
The Mist,Stephen King,Stephen King,1,Horror,Horror,"Horror novel, Thunderstorms, Mist",1925,1920,1900–1949,101,20,Moderate,True,,,,False,,,,,,,,,,,Unknown,,Not available,False,/works/OL149144W
The Night Land Volume 1,William Hope Hodgson,William Hope Hodgson,1,Horror,Horror,"Classic Literature, Fantasy, Fiction",1976,1970,1950–1999,50,15,Moderate,False,,,,False,,,,,,,,,,,Unknown,,Not available,False,/works/OL810400W
The Nightwalkers,Thomas Tessier,Thomas Tessier,1,Horror,Horror,"Fiction, General, Horror",1980,1980,1950–1999,46,8,Moderate,False,,,,False,,,,,,,,,,,Unknown,,Not available,False,/works/OL2709490W
The Only Good Indians,"Stephen Graham Jones, Shaun Taylor-Corbett, Manuel de los Reyes, Rafael Martín Coronel",Stephen Graham Jones,4,Horror,Horror,"American literature, Fiction, Horror, Indians of north america",2019,2010,2000+,7,13,Moderate,False,,,,False,,,,,,,,,,,Unknown,,Not available,False,/works/OL20756942W
The Picture of Dorian Gray,Oscar Wilde,Oscar Wilde,1,Horror,Horror,"British and irish fiction (fictional works by one author), Conduct of life, Fiction, Fantasy fiction",1890,1890,Pre-1900,136,3012,Classic/Bestseller,True,4.17,128.0,320.0,False,Medium (200–350),1809.0,167.0,336.0,2312.0,0.668,1854-10-16,1854,1900-11-30,1900,Deceased,36,"An Irish writer, poet, and prominent aesthete.

Oscar Fingal O'Flahertie Wills Wilde was an Irish playwright, poet, and author of numerous short stories, and one novel. Known for his biting wit, and a plentitude of aphorisms, he became one of the most successful playwrights of the late Victorian e",True,/works/OL8193416W
The Premature Burial,Edgar Allan Poe,Edgar Allan Poe,1,Horror,Horror,"Horror, Short story, Premature burial",2013,2010,2000+,13,45,Popular,False,,,,False,,,,,,,1809-01-19,1809,1849-10-07,1849,Deceased,,"Edgar Allan Poe was an American writer, poet, editor and literary critic, considered part of the American Romantic Movement. Best known for his tales of mystery and the macabre, Poe was one of the earliest American practitioners of the short story and is considered the inventor of the detective-fict",False,/works/OL24583029W
The Queen of the Damned,Anne Rice,Anne Rice,1,Horror,Horror,"Fiction, Vampires, Horror tales",1988,1980,1950–1999,38,55,Popular,True,,,,False,,,,,,,1941-10-04,1941,2021-12-11,2021,Deceased,47,"Anne Rice was born on 04 October 1941 in New Orleans, Louisiana, USA. She was the second of four daughters of Irish Catholic parents, Katherine ""Kay"" Allen and Howard O'Brien. In 1961, she married Stan Rice, who passed away in 2002. They had two children, Christopher (1978) and Michele (1966-1972). ",False,/works/OL77828W
The Rats,James Herbert,James Herbert,1,Horror,Horror,"Fiction, English fiction, Horror",1974,1970,1950–1999,52,15,Moderate,True,,,,False,,,,,,,,,,,Unknown,,Not available,False,/works/OL464795W
The Revenge of the Hound,Michael Hardwick,Michael Hardwick,1,Horror,Horror,"Fiction, Horror, Mystery",1987,1980,1950–1999,39,8,Moderate,True,,,,False,,,,,,,,,,,Unknown,,Not available,False,/works/OL4310636W
The Rinehart Book of Short Stories,"Clarence Lee Cline, C. L. Cline, Edgar Allan Poe, Nathaniel Hawthorne, Guy de Maupassant, Robert Louis Stevenson, Антон Павлович Чехов, Rudyard Kipling, Stephen Crane, Joseph Conrad, Sherwood Anderson, D. H. Lawrence, James Joyce, Katherine Mansfield, Stephen Vincent Benét, William Somerset Maugham, William Faulkner, John Steinbeck, James Thurber, Eudora Welty, C.L. CLINE",Clarence Lee Cline,21,Horror,Horror,"Short stories, Nouvelles, American Horror tales",1952,1950,1950–1999,74,8,Moderate,True,,,,False,,,,,,,,,,,Unknown,,Not available,False,/works/OL7020901W
The Ruins,Scott Smith,Scott Smith,1,Horror,Horror,"Horror, Fiction, Mexico",2005,2000,2000+,21,9,Moderate,True,,,,False,,,,,,,,,,,Unknown,,Not available,False,/works/OL6218186W
The Secret Bedroom,Robert Lawrence Stine,Robert Lawrence Stine,1,Horror,Horror,"Fiction, Horror tales, Revenge",1991,1990,1950–1999,35,11,Moderate,True,,,,False,,,,,,,,,,,Unknown,,Not available,False,/works/OL15094332W
The Shining,Stephen King,Stephen King,1,Horror,Horror,"Fiction, Horror fiction, Demonology",1977,1970,1950–1999,49,97,Popular,True,4.17,287.0,,False,,,,,,,,,,,Unknown,,Not available,False,/works/OL81633W
The Silver Eyes (Five Nights At Freddy's #1),"Scott Cawthon, Kira Breed-Wrisley",Scott Cawthon,2,Horror,Horror,"Horror, Psychology, Murder",2001,2000,2000+,25,22,Moderate,True,,,,False,,,,,,,,,,,Unknown,,Not available,False,/works/OL17793648W
The Sleepwalker,Robert Lawrence Stine,Robert Lawrence Stine,1,Horror,Horror,"Sleepwalking, Horror, Fear Street",1990,1990,1950–1999,36,12,Moderate,True,,,,False,,,,,,,,,,,Unknown,,Not available,False,/works/OL72336W
The Southern Book Club's Guide to Slaying Vampires,Grady Hendrix,Grady Hendrix,1,Horror,Horror,"American literature, Fiction, Thrillers, General, Occult & supernatural",2020,2020,2000+,6,8,Moderate,False,,,,False,,,,,,,,,,,Unknown,,Not available,False,/works/OL20667495W
The Spook's Curse,Joseph Delaney,Joseph Delaney,1,Horror,Horror,"Apprentices, Paranormal fiction, Juvenile fiction",2005,2000,2000+,21,26,Popular,True,,,,False,,,,,,,,,,,Unknown,,Not available,False,/works/OL275976W
The Summoning,Kelley Armstrong,Kelley Armstrong,1,Horror,Horror,"Fiction, Ghost stories, Ghosts",2008,2000,2000+,18,16,Moderate,True,,,,False,,,,,,,,,,,Unknown,,Not available,False,/works/OL5810957W
The Tell-Tale Heart,Edgar Allan Poe,Edgar Allan Poe,1,Horror,Horror,"Asesinato, Cuentos de terror estadounidenses, Ficción",1958,1950,1950–1999,68,71,Popular,True,,,,False,,,,,,,,,,,Unknown,,Not available,False,/works/OL41059W
The Tell-Tale Heart and Other Writings,Edgar Allan Poe,Edgar Allan Poe,1,Horror,Horror,"Busts, Narrative poetry, Supernatural",1980,1980,1950–1999,46,8,Moderate,True,,,,False,,,,,,,,,,,Unknown,,Not available,False,/works/OL41012W
The Turn of the Screw,Henry James,Henry James,1,Horror,Horror,"Governesses, Fiction, Children, Ghost",1898,1890,Pre-1900,128,563,Classic/Bestseller,True,3.67,45.0,181.0,True,Short (<200),318.0,14.0,78.0,410.0,0.848,1843-04-15,1843,1916-02-28,1916,Deceased,55,"Henry James, was an American writer, regarded as one of the key figures of 19th-century literary realism. He was the son of Henry James, Sr., a clergyman, and the brother of philosopher and psychologist William James and diarist Alice James.  ([Source][1].)

[1]:http://en.wikipedia.org/wiki/Henry_",True,/works/OL276386W
The Two Dead Girls,Stephen King,Stephen King,1,Horror,Horror,"Horror fiction, Fiction, Death row inmates",1996,1990,1950–1999,30,13,Moderate,True,,,,False,,,,,,,,,,,Unknown,,Not available,False,/works/OL149165W
The United States in Literature [with three long stories] -- Seventh Edition,"James Edwin Miller, Carlota Cárdenas de Dwyer, Kerry M. Wood, John Smith, William Bradford, Sarah Kemble Knight, William Byrd II, Cotton Mather, Jonathan Edwards, Anne Bradstreet, Taylor, Edward, Phillis Wheatley, Philip Morin Freneau, Benjamin Franklin, J. Hector St. John de Crèvecoeur, Thomas Jefferson, Thomas Paine, Washington Irving, James Fenimore Cooper, William Cullen Bryant, Henry Wadsworth Longfellow, Oliver Wendell Holmes, John Greenleaf Whittier, James Russell Lowell, James W. C. Pennington, Francis Wright, W. E. B. Du Bois, Edgar Allan Poe, Edward Rowe Snow, Ralph Waldo Emerson, Henry David Thoreau, Seattle Chief, Margaret Fuller, Harriet Jane Hanson Robinson, Nathaniel Hawthorne, Harriet Beecher Stowe, Louisa May Alcott, Frederick Douglass, Abraham Lincoln, Robert E. Lee, Mollie Dorsey Sanford, Sidney Lanier, Elizabeth Cady Stanton, Walt Whitman, Emily Dickinson, Mark Twain, Satanta, Chief Joseph, Ambrose Bierce, Mary Eleanor Wilkins Freeman, Kate Chopin, Stephen Crane, Paul Laurence Dunbar, Edwin Arlington Robinson, Edgar Lee Masters, James Thurber, Willa Cather, Sherwood Anderson, Katherine Anne Porter, F. Scott Fitzgerald, Ernest Hemingway, William Faulkner, John Steinbeck, Richard Wright, Eudora Welty, Ezra Pound, Amy Lowell, Carl Sandburg, Langston Hughes, Marianne Moore, Archibald MacLeish, Robert Frost, Countee Cullen, Edna St. Vincent Millay, Elinor Wylie, Sara Teasdale, T. S. Eliot, James Weldon Johnson, John Crowe Ransom, Wallace Stevens, Jean Toomer, William Carlos Williams, E. E. Cummings, Phyllis McGinley, Arna Bontemps, Claude McKay, Margaret Walker, Robinson Jeffers, Louise Bogan, Lewis Thomas, Dorothy Parker, Tennessee Williams, Robert Anderson, Lillian Hellman, Patrick F. McManus, William Least Heat Moon, Richard Rodriguez, Sabine R. Ulibarrí, Lorraine Hansberry, James Baldwin, Ralph Ellison, Mona Van Duyn, Richard Wilbur, Denise Levertov, David Wagoner, Theodore Roethke, Robert Hayden, Karl Jay Shapiro, Adrienne Rich, Richard Eberhart, May Swenson, Mari Evans, Maxine Kumin, Elizabeth Bishop, Howard Nemerov, Robert Lowell, Galway Kinnell, William Stafford, Randall Jarrell, Gwendolyn Brooks, John N. Morris, Sylvia Plath, Amiri Baraka, Vern Rutsala, N. Scott Momaday, Lawson Fusao Inada, Jim Wayne Miller, James Masao Mitsui, Gary Soto, Leslie Silko, Teresa Palomo Acosta, Isaac Asimov, John Updike, Bernard Malamud, Carson McCullers, Kurt Vonnegut, Flannery O'Connor, Ray Bradbury, Eugenia Collier, Annie Dillard, Henry James, Edith Wharton, Walter Blair, Paul Farmer, Theodore Hornberger, Margaret Wasson, Conrad Richter, Bernard Augustine De Voto, Pearl S. Buck, Robert Penn Warren, William Saroyan, Conrad Aiken, Sinclair Lewis, Esther Forbes, Byrd, William, George Washington, Sr., Herman Melville, Paul Hamilton Hayne, Henry Timrod, Abram Joseph Ryan, Bret Harte, Sarah Orne Jewett, O. Henry, Tom Wolfe, Stephen Vincent Benét, Irwin Shaw, Paul Engle, W. H. Auden, Vachel Lindsay, Leonie Adams, James Wright, Ogden Nash, David McCord, Morris Bishop, Richard Willard Armour, Don Marquis, E. J. Kahn, Paul Horgan, W. L. White, John Davenport, E. B. White, Jacques Barzun, George Santayana, Cleveland Amory, Norman Cousins, Frank C. Laubach, Vannevar Bush, Jesse Stuart, Douglas Southall Freeman, Catherine Drinker Bowen, Philip Hamburger, Eugene O'Neill, Robert C. Pooley, Clarence Day, Thornton Wilder, Theresa Helburn, Brad Schulberg",James Edwin Miller,200,Horror,Horror,"Children's fiction, Classic Literature, Crime",1952,1950,1950–1999,74,12,Moderate,True,,,,False,,,,,,,,,,,Unknown,,Not available,False,/works/OL15164554W
The Vampire in Europe,Montague Summers,Montague Summers,1,Horror,Horror,"Europe, Vampires, History",1929,1920,1900–1949,97,10,Moderate,True,,,,False,,,,,,,,,,,Unknown,,Not available,False,/works/OL114030W
The Vampyre,John William Polidori,John William Polidori,1,Horror,Horror,"Fiction, Incest, Vampires",1819,1810,Pre-1900,207,149,Classic/Bestseller,True,,,,False,,,,,,,,,,,Unknown,,Not available,False,/works/OL3625242W
The Voice of the Night,Dean Koontz,Dean Koontz,1,Horror,Horror,"Fiction, Horror, Horror Stories",1980,1980,1950–1999,46,38,Popular,True,,,,False,,,,,,,,,,,Unknown,,Not available,False,/works/OL263277W
The Whisper Man,Steve Mosby,Steve Mosby,1,Horror,Horror,"Nyt:hardcover-fiction=2019-09-08, New York Times bestseller, Fathers and sons, Fiction",2019,2010,2000+,7,16,Moderate,False,,,,False,,,,,,,,,,,Unknown,,Not available,False,/works/OL20094468W
The White People,Arthur Machen,Arthur Machen,1,Horror,Horror,"Horror, Fiction, Short story",2004,2000,2000+,22,247,Classic/Bestseller,True,4.75,4.0,42.0,False,Short (<200),8.0,0.0,4.0,12.0,1.0,,,,,Unknown,,Not available,True,/works/OL3388994W
"The Works of Edgar Allan Poe [68 stories, 31 poems]",Edgar Allan Poe,Edgar Allan Poe,1,Horror,Horror,"Laments, Narrative poetry, Poetry",1985,1980,1950–1999,41,10,Moderate,True,,,,False,,,,,,,,,,,Unknown,,Not available,False,/works/OL40980W
The Works of Edgar Allan Poe in Five Volumes,Edgar Allan Poe,Edgar Allan Poe,1,Horror,Horror,"Short stories, Aristocracy, Satire",1903,1900,1900–1949,123,50,Popular,True,,,,False,,,,,,,1809-01-19,1809,1849-10-07,1849,Deceased,94,"Edgar Allan Poe was an American writer, poet, editor and literary critic, considered part of the American Romantic Movement. Best known for his tales of mystery and the macabre, Poe was one of the earliest American practitioners of the short story and is considered the inventor of the detective-fict",False,/works/OL273463W
The best ghost stories,"Daniel Defoe, Montague Rhodes James, Edward Bulwer Lytton, Baron Lytton, Leopold Kompert, E. F. Benson, Algernon Blackwood, Rudyard Kipling, Brander Matthews, Ambrose Bierce, Vincent O'Sullivan, Ellis Parker Butler",Daniel Defoe,12,Horror,Horror,"Ghost stories, Short stories, Horror tales",1919,1910,1900–1949,107,17,Moderate,True,,,,False,,,,,,,,,,,Unknown,,Not available,False,/works/OL6729469W
The dark pond,"Joseph Bruchac, Sally Wern Comport",Joseph Bruchac,2,Horror,Horror,"Fiction, Ponds, Shawnee Indians",2004,2000,2000+,22,9,Moderate,True,,,,False,,,,,,,,,,,Unknown,,Not available,False,/works/OL121162W
The great and secret show,Clive Barker,Clive Barker,1,Horror,Horror,"Fiction, Horror, Carnivals",1989,1980,1950–1999,37,16,Moderate,True,,,,False,,,,,,,,,,,Unknown,,Not available,False,/works/OL257784W
The omnibus of crime,Dorothy L. Sayers,Dorothy L. Sayers,1,Horror,Horror,"Detective and mystery stories, Supernatural, Horror",1929,1920,1900–1949,97,8,Moderate,True,,,,False,,,,,,,,,,,Unknown,,Not available,False,/works/OL2234979W
The return,Rachel Harrison,Rachel Harrison,1,Horror,Horror,"American literature, Fiction, Horror, Suspense",1920,1920,1900–1949,106,8,Moderate,False,,,,False,,,,,,,,,,,Unknown,,Not available,False,/works/OL20660812W
Thinner,Stephen King,Stephen King,1,Horror,Horror,"Gluttony, Magic, Romani",1984,1980,1950–1999,42,63,Popular,True,,,,False,,,,,,,,,,,Unknown,,Not available,False,/works/OL149210W
Twilight's Child,V.C. Andrews,V.C. Andrews,1,Horror,Horror,"Fiction, Families",1991,1990,1950–1999,35,25,Moderate,True,,,,False,,,,,,,,,,,Unknown,,Not available,False,/works/OL134886W
We Used to Live Here,Marcus Kliewer,Marcus Kliewer,1,Horror,Horror,"Horror, Thriller, Fiction",2024,2020,2000+,2,9,Moderate,False,,,,False,,,,,,,,,,,Unknown,,Not available,False,/works/OL37618590W
Welcome to Dead House,Robert Lawrence Stine,Robert Lawrence Stine,1,Horror,Horror,"Horror tales, Juvenile fiction, Haunted houses",1992,1990,1950–1999,34,39,Popular,True,,,,False,,,,,,,,,,,Unknown,,Not available,False,/works/OL72352W
Whisper in the dark,"Joseph Bruchac, Sally Wern Comport",Joseph Bruchac,2,Horror,Horror,"Aunts, Fear, Fiction",2005,2000,2000+,21,9,Moderate,True,,,,False,,,,,,,,,,,Unknown,,Not available,False,/works/OL15069304W
Who Goes There?,"John W. Campbell, William F. Nolan",John W. Campbell,2,Horror,Horror,"American Science fiction, Fiction, Horror",1948,1940,1900–1949,78,14,Moderate,False,,,,False,,,,,,,,,,,Unknown,,Not available,False,/works/OL3892381W
Who's Your Mummy?,Robert Lawrence Stine,Robert Lawrence Stine,1,Horror,Horror,"Mummies, Uncles, Juvenile fiction",2009,2000,2000+,17,10,Moderate,True,,,,False,,,,,,,,,,,Unknown,,Not available,False,/works/OL15974036W
Wings in the Night,Robert E. Howard,Robert E. Howard,1,Horror,Horror,"Fiction, Fantasy, Short stories",2005,2000,2000+,21,25,Moderate,False,,,,False,,,,,,,,,,,Unknown,,Not available,False,/works/OL3384260W
Witchcraft for Wayward Girls,Grady Hendrix,Grady Hendrix,1,Horror,Horror,"Horror, Thriller, Witchcraft",2024,2020,2000+,2,8,Moderate,False,,,,False,,,,,,,,,,,Unknown,,Not available,False,/works/OL37939883W
Works (Buried Talents / Dance of the Dead / Dress of White Silk / From Shadowed Places / I Am Legend / Mad House / Person to Person / Prey / The Funeral / The Near Departed / Witch War),Richard Matheson,Richard Matheson,1,Horror,Horror,"Occult, American Horror tales, Vampires",1970,1970,1950–1999,56,9,Moderate,True,,,,False,,,,,,,,,,,Unknown,,Not available,False,/works/OL64225W
13 Steps Down,Ruth Rendell,Ruth Rendell,1,Mystery,Mystery,"Mystery, Fiction, Serial murders",2004,2000,2000+,22,33,Popular,True,4.0,1.0,320.0,False,Medium (200–350),6.0,0.0,3.0,9.0,1.0,,,,,Unknown,,Not available,True,/works/OL12129W
4:50 from Paddington,Agatha Christie,Agatha Christie,1,Mystery,Mystery,"Fiction, Mystery, Jane Marple (Fictitious character)",1957,1950,1950–1999,69,140,Classic/Bestseller,True,,,,False,,,,,,,,,,,Unknown,,Not available,False,/works/OL471500W
61 hours,Lee Child,Lee Child,1,Mystery,Mystery,"Mystery, Winter storms, Assassins",2010,2010,2000+,16,30,Popular,True,3.76,17.0,349.0,False,Medium (200–350),131.0,3.0,49.0,183.0,0.942,,,,,Unknown,,Not available,True,/works/OL14959778W
A Blunt Instrument,Georgette Heyer,Georgette Heyer,1,Mystery,Mystery,"1930s, Contemporary, Country homes",1938,1930,1900–1949,88,49,Popular,True,3.17,6.0,258.0,False,Medium (200–350),58.0,2.0,19.0,79.0,0.905,1902-08-16,1902,1974-07-04,1974,Deceased,36,"Georgette Heyer was born on 16 August 1902 in Wimbledon, London, England, UK. She was the eldest child of Sylvia Watkins and George Heyer; her brother George Boris was born four years later, and her brother Frank nine years later. During her childhood, the family lived also in Paris, France, but the",True,/works/OL4092518W
A Caribbean Mystery,Agatha Christie,Agatha Christie,1,Mystery,Mystery,"Agatha Christie, Miss Marple, Series",1964,1960,1950–1999,62,107,Classic/Bestseller,True,3.91,11.0,236.0,False,Medium (200–350),236.0,12.0,38.0,286.0,0.76,,,,,Unknown,,Not available,True,/works/OL472458W
A Certain Justice,P. D. James,P. D. James,1,Mystery,Mystery,"Mystery, Detective and mystery stories, Police",1997,1990,1950–1999,29,54,Popular,True,5.0,2.0,589.0,False,Epic (500+),,,,,,,,,,Unknown,,Not available,False,/works/OL510869W
A Judgement in Stone,Ruth Rendell,Ruth Rendell,1,Mystery,Mystery,"Detective and mystery stories, Fiction, Mystery",1977,1970,1950–1999,49,34,Popular,True,2.33,3.0,253.0,False,Medium (200–350),19.0,0.0,6.0,25.0,1.0,,,,,Unknown,,Not available,True,/works/OL12128W
A Mind to Murder,P. D. James,P. D. James,1,Mystery,Mystery,"Kriminalroman, Englisch, Belletristische Darstellung",1963,1960,1950–1999,63,49,Popular,True,4.09,11.0,244.0,False,Medium (200–350),67.0,3.0,14.0,84.0,0.824,,,,,Unknown,,Not available,True,/works/OL510881W
A Murder Is Announced,Agatha Christie,Agatha Christie,1,Mystery,Mystery,"Fiction, Mystery, Agatha Christie",1950,1950,1950–1999,76,127,Classic/Bestseller,True,,,,False,,,,,,,,,,,Unknown,,Not available,False,/works/OL471771W
A Shilling for Candles (Inspector Alan Grant #2),Josephine Tey,Josephine Tey,1,Mystery,Mystery,"Police, Alan Grant (Fictitious character), Fiction",1936,1930,1900–1949,90,84,Popular,True,3.8,5.0,176.0,False,Short (<200),12.0,0.0,13.0,25.0,1.0,1896-07-25,1896,1952-02-13,1952,Deceased,40,"Josephine Tey is one of the best-known and best-loved of all crime writers. She began to write full-time after the successful publication of her first novel, The Man in the Queue (1929), which introduced Inspector Grant of Scotland Yard. In 1937 she returned to crime writing with A Shilling for Cand",True,/works/OL80941W
A Tan and Sandy Silence (Travis McGee Mysteries),John D. MacDonald,John D. MacDonald,1,Mystery,Mystery,"Fiction, Travis McGee (Fictitious character), Private investigators",1971,1970,1950–1999,55,32,Popular,True,5.0,1.0,648.0,False,Epic (500+),14.0,1.0,7.0,22.0,0.875,,,,,Unknown,,Not available,True,/works/OL2446158W
A dark-adapted eye,"Ruth Rendell, Harriet Walter, Richard Bravery",Ruth Rendell,3,Mystery,Mystery,"Mystery & Detective - General, Non-Classifiable, Mystery and detective stories",1986,1980,1950–1999,40,39,Popular,True,4.25,4.0,352.0,False,Long (350–500),29.0,3.0,8.0,40.0,0.727,,,,,Unknown,,Not available,True,/works/OL12069W
After the Funeral,Agatha Christie,Agatha Christie,1,Mystery,Mystery,"Fiction, Mystery, Hercule Poirot (Fictitious character)",1953,1950,1950–1999,73,114,Classic/Bestseller,True,,,,False,,,,,,,,,,,Unknown,,Not available,False,/works/OL471943W
Along Came a Spider,James Patterson,James Patterson,1,Mystery,Mystery,"Fiction, Police, Secret service",1993,1990,1950–1999,33,65,Popular,True,3.96,47.0,,False,,,,,,,,,,,Unknown,,Not available,False,/works/OL167178W
An African Millionaire,Grant Allen,Grant Allen,1,Mystery,Mystery,"Criminal rogue, Mystery, Fiction, Mystery & detective, Collections & anthologies",1897,1890,Pre-1900,129,40,Popular,True,,,173.0,False,Short (<200),8.0,0.0,1.0,9.0,1.0,1848-02-24,1848,1899-10-25,1899,Deceased,49,"Grant Allen is a pen-name of Charles Grant Blairfindie Allen, a Canadian science writer and novelist, and a proponent of the theory of evolution. - Wikipedia",True,/works/OL1797196W
An Unsuitable Job for a Woman,P. D. James,P. D. James,1,Mystery,Mystery,"Fiction, Women private investigators, Cordelia Gray (Fictitious character)",1972,1970,1950–1999,54,60,Popular,True,4.11,9.0,285.0,False,Medium (200–350),47.0,3.0,15.0,65.0,0.833,,,,,Unknown,,Not available,True,/works/OL510865W
Appointment with Death,Agatha Christie,Agatha Christie,1,Mystery,Mystery,"Belgians, Belgians in fiction, Fiction",1938,1930,1900–1949,88,111,Classic/Bestseller,True,3.69,16.0,285.0,True,Medium (200–350),222.0,11.0,46.0,279.0,0.807,,,,,Unknown,,Not available,True,/works/OL471667W
Armadale,Wilkie Collins,Wilkie Collins,1,Mystery,Mystery,"Classic Literature, Fate and fatalism, Fathers and sons",1866,1860,Pre-1900,160,261,Classic/Bestseller,True,,,,False,,,,,,,,,,,Unknown,,Not available,False,/works/OL176085W
At Bertram's Hotel,Agatha Christie,Agatha Christie,1,Mystery,Mystery,"Fiction, Jane Marple (Fictitious character), Women detectives",1965,1960,1950–1999,61,114,Classic/Bestseller,True,,,,False,,,,,,,,,,,Unknown,,Not available,False,/works/OL265415W
At First Sight,Nicholas Sparks,Nicholas Sparks,1,Mystery,Mystery,"Fiction, Suspense, Married people, North carolina",2001,2000,2000+,25,32,Popular,True,3.33,3.0,285.0,True,Medium (200–350),239.0,13.0,15.0,267.0,0.536,1965-12-31,1965,,,Living,36,"Nicholas Sparks is one of the world’s most beloved storytellers. All of his books have been New York Times bestsellers, with over 105 million copies sold worldwide, in more than 50 languages, including over 75 million copies in the United States alone.

Sparks wrote one of his best-known stories, ",True,/works/OL8472271W
At Risk,Patricia Cornwell,Patricia Cornwell,1,Mystery,Mystery,"Fiction, Ficción, Public prosecutors",1746,1740,Pre-1900,280,36,Popular,True,3.5,2.0,185.0,False,Short (<200),19.0,0.0,7.0,26.0,1.0,,,,,Unknown,,Not available,True,/works/OL134369W
"At the Villa Rose, in Four acts","A. E. W. Mason, A. E. Mason",A. E. W. Mason,2,Mystery,Mystery,"Inspector Hanaud (fictional character), Mystery, Fiction, General",,,,,108,Classic/Bestseller,True,4.5,2.0,242.0,False,Medium (200–350),7.0,1.0,2.0,10.0,0.667,1865,1865,1948,1948,Deceased,,Not available,True,/works/OL532399W
Atlantis Found,Clive Cussler,Clive Cussler,1,Mystery,Mystery,"Fiction, Dirk Pitt (Fictitious character), Geographical myths",1999,1990,1950–1999,27,31,Popular,True,3.91,23.0,534.0,False,Epic (500+),90.0,10.0,37.0,137.0,0.787,,,,,Unknown,,Not available,True,/works/OL84866W
Back Spin,Harlan Coben,Harlan Coben,1,Mystery,Mystery,"Mystery, Kidnapping, Sports agents",1997,1990,1950–1999,29,36,Popular,True,3.0,6.0,384.0,False,Long (350–500),39.0,2.0,12.0,53.0,0.857,,,,,Unknown,,Not available,True,/works/OL79316W
Basil,Wilkie Collins,Wilkie Collins,1,Mystery,Mystery,"Fiction, Fathers and sons, Young men",1852,1850,Pre-1900,174,417,Classic/Bestseller,True,,,,False,,,,,,,,,,,Unknown,,Not available,False,/works/OL176086W
Bitter Medicine (A V. I. Warshawski Novel),"Sara Paretsky, Susan Ericksen",Sara Paretsky,2,Mystery,Mystery,"Fiction, V. I. Warshawski (Fictitious character), Women private investigators",1987,1980,1950–1999,39,30,Popular,True,,,300.0,False,Medium (200–350),7.0,0.0,1.0,8.0,1.0,,,,,Unknown,,Not available,True,/works/OL18002W
Black As He's Painted,Ngaio Marsh,Ngaio Marsh,1,Mystery,Mystery,"Fiction, Fiction in English, Mystery",1974,1970,1950–1999,52,30,Popular,True,,,226.0,False,Medium (200–350),9.0,2.0,4.0,15.0,0.667,1895-04-23,1895,1982-02-18,1982,Deceased,79,"Dame Ngaio Marsh, one of New Zealand’s most remarkable and charismatic women, was world-renowned as a leading crime fiction writer and as an eminent Shakespearian producer.
--ngaio-marsh.org",True,/works/OL460812W
Black house,"Stephen King, Peter Straub",Stephen King,2,Mystery,Mystery,"Fiction, Ficción, Novela de misterio",2001,2000,2000+,25,59,Popular,True,4.5,4.0,616.0,False,Epic (500+),53.0,1.0,14.0,68.0,0.933,,,,,Unknown,,Not available,True,/works/OL81596W
Blindman's Bluff,Faye Kellerman,Faye Kellerman,1,Mystery,Mystery,"Fiction, Mystery & detective, Police procedural, Crime, Thrillers, Suspense",2009,2000,2000+,17,31,Popular,True,4.0,1.0,358.0,False,Long (350–500),5.0,1.0,3.0,9.0,0.75,,,,,Unknown,,Not available,True,/works/OL14937156W
Bonecrack,Dick Francis,Dick Francis,1,Mystery,Mystery,"Horse racing, Fiction",1971,1970,1950–1999,55,39,Popular,True,4.0,3.0,255.0,False,Medium (200–350),20.0,0.0,15.0,35.0,1.0,,,,,Unknown,,Not available,True,/works/OL463350W
By the Pricking of My Thumbs,Agatha Christie,Agatha Christie,1,Mystery,Mystery,"Fiction, Married people, Mystery",1968,1960,1950–1999,58,84,Popular,True,4.33,6.0,185.0,False,Short (<200),50.0,2.0,16.0,68.0,0.889,,,,,Unknown,,Not available,True,/works/OL471619W
Calamity town,Ellery Queen,Ellery Queen,1,Mystery,Mystery,"Mystery, Detective and mystery stories, Novelists",1942,1940,1900–1949,84,34,Popular,True,2.0,1.0,245.0,False,Medium (200–350),13.0,2.0,4.0,19.0,0.667,,,,,Unknown,,"Ellery Queen is both a fictional character and a pseudonym used by two American cousins from Brooklyn, New York: Daniel (David) Nathan, alias Frederic Dannay (October 20, 1905–September 3, 1982) and Manford (Emanuel) Lepofsky, alias Manfred Bennington Lee (January 11, 1905–April 3, 1971), to write d",True,/works/OL14857824W
Call Mr. Fortune,H. C. Bailey,H. C. Bailey,1,Mystery,Mystery,"Detective and mystery stories, Fiction, Short stories (single author), Forensic scientists -- Fiction",1921,1920,1900–1949,105,30,Popular,True,3.0,1.0,262.0,False,Medium (200–350),7.0,0.0,5.0,12.0,1.0,1878,1878,1961,1961,Deceased,43,"H. C. Bailey (full name Henry Christopher Bailey) was an English author of mysteries. He took to writing early, publishing <a href=https://openlibrary.org/works/OL16889283W/My_lady_of_Orange>*My Lady of Orange*</a> (1901) during his senior year at Oxford, and spent many years as a journalist and aut",True,/works/OL13112015W
Cards on the Table,Agatha Christie,Agatha Christie,1,Mystery,Mystery,"Fiction, Hercule Poirot (Fictitious character), Private investigators",1936,1930,1900–1949,90,107,Classic/Bestseller,True,,,,False,,,,,,,,,,,Unknown,,Not available,False,/works/OL471637W
Cat Among the Pigeons,Agatha Christie,Agatha Christie,1,Mystery,Mystery,"Fiction, Mystery, Boarding schools",1959,1950,1950–1999,67,96,Popular,True,3.87,15.0,262.0,False,Medium (200–350),83.0,5.0,41.0,129.0,0.891,,,,,Unknown,,Not available,True,/works/OL471641W
Champagne for One,Rex Stout,Rex Stout,1,Mystery,Mystery,"Fiction, Mystery, Private investigators",1958,1950,1950–1999,68,30,Popular,True,,,268.0,False,Medium (200–350),30.0,0.0,1.0,31.0,1.0,1886,1886,1975,1975,Deceased,72,"Rex Todhunter Stout (December 1, 1886 – October 27, 1975) was an American writer noted for his detective fiction. His best-known characters are the detective Nero Wolfe and his assistant Archie Goodwin, who were featured in 33 novels and 39 novellas or short stories between 1934 and 1975.",True,/works/OL137511W
City Primeval,Elmore Leonard,Elmore Leonard,1,Mystery,Mystery,"Mystery, Fiction, Detroit (mich.)",1980,1980,1950–1999,46,31,Popular,True,2.0,1.0,288.0,False,Medium (200–350),17.0,0.0,4.0,21.0,1.0,1925-10-11,1925,2013-08-20,2013,Deceased,55,"Elmore John Leonard Jr. was an American novelist, short story writer, and screenwriter. His earliest novels, published in the 1950s, were Westerns, but he went on to specialize in crime fiction and suspense thrillers, many of which have been adapted into motion pictures. *--Wikipedia*",True,/works/OL111707W
"Cleek, the man of the forty faces",Thomas W. Hanshew,Thomas W. Hanshew,1,Mystery,Mystery,"Mystery, Crime, Detective",1910,1910,1900–1949,116,35,Popular,True,,,289.0,False,Medium (200–350),2.0,0.0,0.0,2.0,,1857,1857,1914,1914,Deceased,53,"American actor and writer. His best-known fictional creation was detective Hamilton Cleek, a master of disguise, whose adventures were collected in *The Man of Forty Faces* (1910) and other volumes.",True,/works/OL197189W
Clutch of constables,Ngaio Marsh,Ngaio Marsh,1,Mystery,Mystery,"Fiction, Fiction in English, Mystery",1968,1960,1950–1999,58,34,Popular,True,4.0,1.0,285.0,True,Medium (200–350),12.0,1.0,7.0,20.0,0.875,1895-04-23,1895,1982-02-18,1982,Deceased,73,"Dame Ngaio Marsh, one of New Zealand’s most remarkable and charismatic women, was world-renowned as a leading crime fiction writer and as an eminent Shakespearian producer.
--ngaio-marsh.org",True,/works/OL460807W
Colour scheme,Ngaio Marsh,Ngaio Marsh,1,Mystery,Mystery,"Mystery, Police",1943,1940,1900–1949,83,33,Popular,True,3.0,1.0,309.0,False,Medium (200–350),10.0,1.0,12.0,23.0,0.923,1895-04-23,1895,1982-02-18,1982,Deceased,48,"Dame Ngaio Marsh, one of New Zealand’s most remarkable and charismatic women, was world-renowned as a leading crime fiction writer and as an eminent Shakespearian producer.
--ngaio-marsh.org",True,/works/OL460813W
Crooked House,Agatha Christie,Agatha Christie,1,Mystery,Mystery,"Mystery, Fiction, Jane Marple (Fictitious character)",1949,1940,1900–1949,77,115,Classic/Bestseller,True,,,,False,,,,,,,,,,,Unknown,,Not available,False,/works/OL471891W
Curtain,Agatha Christie,Agatha Christie,1,Mystery,Mystery,"Fiction, Hercule Poirot (Fictitious character), Private investigators",1975,1970,1950–1999,51,112,Classic/Bestseller,True,4.29,17.0,285.0,True,Medium (200–350),141.0,7.0,40.0,188.0,0.851,,,,,Unknown,,Not available,True,/works/OL472470W
DEVIL IN A BLUE DRESS (Easy Rawlins Mysteries),Walter Mosley,Walter Mosley,1,Mystery,Mystery,"Fiction, Mystery & detective, General, Rawlins, Easy (fictitious character), Los angeles (calif.)",1990,1990,1950–1999,36,39,Popular,True,,,218.0,False,Medium (200–350),116.0,9.0,8.0,133.0,0.471,1952,1952,,,Living,38,American novelist,True,/works/OL115528W
Dance Hall of the Dead,Tony Hillerman,Tony Hillerman,1,Mystery,Mystery,"Mystery, Police in fiction, Navajo Indians in fiction",1973,1970,1950–1999,53,32,Popular,True,4.0,1.0,285.0,True,Medium (200–350),42.0,0.0,7.0,49.0,1.0,1925-05-27,1925,2008-10-26,2008,Deceased,48,Anthony Grove Hillerman was an American author of detective novels and nonfiction works best known for his Navajo Tribal Police mystery novels. Several of his works have been adapted as theatrical and television movies.,True,/works/OL55903W
Dead Man's Folly,Agatha Christie,Agatha Christie,1,Mystery,Mystery,"Fiction, Historical Fiction, Mystery",1956,1950,1950–1999,70,96,Popular,True,3.8,10.0,262.0,False,Medium (200–350),82.0,2.0,33.0,117.0,0.943,,,,,Unknown,,Not available,True,/works/OL471713W
Dead Men Tell No Tales,Ernest William Hornung,Ernest William Hornung,1,Mystery,Mystery,"Fiction, Mystery, General",1899,1890,Pre-1900,127,128,Classic/Bestseller,True,,,,False,,,,,,,,,,,Unknown,,Not available,False,/works/OL250350W
Death Comes as the End,Agatha Christie,Agatha Christie,1,Mystery,Mystery,"Fiction, Murder, Mystery",1944,1940,1900–1949,82,87,Popular,True,4.5,4.0,140.0,False,Short (<200),67.0,0.0,21.0,88.0,1.0,,,,,Unknown,,Not available,True,/works/OL471898W
Death and the Dancing Footman,Ngaio Marsh,Ngaio Marsh,1,Mystery,Mystery,"Fiction, Fiction in English, Mystery",1941,1940,1900–1949,85,35,Popular,True,4.2,5.0,322.0,False,Medium (200–350),17.0,3.0,16.0,36.0,0.842,1895-04-23,1895,1982-02-18,1982,Deceased,46,"Dame Ngaio Marsh, one of New Zealand’s most remarkable and charismatic women, was world-renowned as a leading crime fiction writer and as an eminent Shakespearian producer.
--ngaio-marsh.org",True,/works/OL460819W
Death at the Bar,Ngaio Marsh,Ngaio Marsh,1,Mystery,Mystery,"Fiction, Fiction in English, Mystery",1940,1940,1900–1949,86,40,Popular,True,3.75,4.0,251.0,False,Medium (200–350),26.0,4.0,13.0,43.0,0.765,1895-04-23,1895,1982-02-18,1982,Deceased,45,"Dame Ngaio Marsh, one of New Zealand’s most remarkable and charismatic women, was world-renowned as a leading crime fiction writer and as an eminent Shakespearian producer.
--ngaio-marsh.org",True,/works/OL460814W
Death at the president's lodging,J. I. M. Stewart,J. I. M. Stewart,1,Mystery,Mystery,"Fiction, Mystery, Suspense",1936,1930,1900–1949,90,29,Popular,True,,,194.0,False,Short (<200),12.0,1.0,7.0,20.0,0.875,1906-09-30,1906,1994-11-12,1994,Deceased,30,"""John Innes Mackintosh Stewart was a Scottish novelist and academic. He is equally well known for the works of literary criticism and contemporary novels published under his real name and for the crime fiction published under the pseudonym of Michael Innes. Many devotees of the Innes books were unaw",True,/works/OL1381246W
Death in Holy Orders,P. D. James,P. D. James,1,Mystery,Mystery,"Mystery, Detective and mystery stories, Police",2001,2000,2000+,25,45,Popular,True,,,507.0,False,Epic (500+),18.0,1.0,6.0,25.0,0.857,,,,,Unknown,,Not available,True,/works/OL510942W
Death in a White Tie,Ngaio Marsh,Ngaio Marsh,1,Mystery,Mystery,"Fiction, Fiction in English, Mystery",1938,1930,1900–1949,88,40,Popular,True,4.67,3.0,285.0,True,Medium (200–350),20.0,1.0,12.0,33.0,0.923,1895-04-23,1895,1982-02-18,1982,Deceased,43,"Dame Ngaio Marsh, one of New Zealand’s most remarkable and charismatic women, was world-renowned as a leading crime fiction writer and as an eminent Shakespearian producer.
--ngaio-marsh.org",True,/works/OL460795W
Death in the Clouds,Agatha Christie,Agatha Christie,1,Mystery,Mystery,"Detective and mystery stories, Fiction, Hercule Poirot (Fictitious character)",1935,1930,1900–1949,91,107,Classic/Bestseller,True,4.29,17.0,263.0,False,Medium (200–350),217.0,8.0,78.0,303.0,0.907,,,,,Unknown,,Not available,True,/works/OL472324W
Death of a Ghost,Margery Allingham,Margery Allingham,1,Mystery,Mystery,"Fiction, Mystery, Private investigators",1934,1930,1900–1949,92,33,Popular,True,3.0,3.0,258.0,False,Medium (200–350),31.0,3.0,10.0,44.0,0.769,1904-05-20,1904,1966-06-30,1966,Deceased,30,"Margery Louise Allingham was an English writer of detective fiction, best remembered for her ""golden age"" stories featuring gentleman sleuth Albert Campion. - Wikipedia",True,/works/OL2004214W
Death on the Nile,Agatha Christie,Agatha Christie,1,Mystery,Mystery,"Belgians, Fiction, Hercule Poirot (Fictitious character)",1937,1930,1900–1949,89,188,Classic/Bestseller,True,,,,False,,,,,,,,,,,Unknown,,Not available,False,/works/OL471724W
Den femte kvinnan,Henning Mankell,Henning Mankell,1,Mystery,Mystery,"Kurt Wallander (fictitious person), Mystery, Thriller",1996,1990,1950–1999,30,33,Popular,True,3.92,13.0,590.0,False,Epic (500+),36.0,2.0,23.0,61.0,0.92,,,,,Unknown,,Not available,True,/works/OL158657W
Den skrattande polisen,"Maj Sjöwall, Per Wahlöö",Maj Sjöwall,2,Mystery,Mystery,"Fiction, Police, Martin Beck (Fictitious character)",1968,1960,1950–1999,58,33,Popular,True,4.14,7.0,368.0,False,Long (350–500),9.0,0.0,12.0,21.0,1.0,,,,,Unknown,,Not available,True,/works/OL3899219W
Den vita lejoninnan,Henning Mankell,Henning Mankell,1,Mystery,Mystery,"Fiction, Police, Apartheid",1996,1990,1950–1999,30,30,Popular,True,4.0,13.0,538.0,False,Epic (500+),12.0,2.0,17.0,31.0,0.895,,,,,Unknown,,Not available,True,/works/OL158630W
Destination Unknown,Agatha Christie,Agatha Christie,1,Mystery,Mystery,"English Detective and mystery stories, Mystery, Detective and mystery stories",1954,1950,1950–1999,72,79,Popular,True,3.82,11.0,159.0,False,Short (<200),115.0,5.0,26.0,146.0,0.839,,,,,Unknown,,Not available,True,/works/OL471738W
Det slutna rummet,"Maj Sjöwall, Per Wahlöö",Maj Sjöwall,2,Mystery,Mystery,"Crime, Murder and detective stories, Fiction",1972,1970,1950–1999,54,31,Popular,True,3.5,4.0,295.0,False,Medium (200–350),6.0,0.0,5.0,11.0,1.0,,,,,Unknown,,Not available,True,/works/OL3899220W
Disclosure,Michael Crichton,Michael Crichton,1,Mystery,Mystery,"Detective and mystery fiction, Fiction, Legal stories",1993,1990,1950–1999,33,44,Popular,True,3.62,13.0,416.0,False,Long (350–500),36.0,3.0,25.0,64.0,0.893,,,,,Unknown,,Not available,True,/works/OL46877W
Drop Shot,Harlan Coben,Harlan Coben,1,Mystery,Mystery,"Mystery, Sports agents, Crimes against",1996,1990,1950–1999,30,49,Popular,True,4.4,5.0,351.0,False,Long (350–500),33.0,1.0,12.0,46.0,0.923,,,,,Unknown,,Not available,True,/works/OL79325W
Dumb Witness,Agatha Christie,Agatha Christie,1,Mystery,Mystery,"Fiction, Hercule Poirot (Fictitious character), Private investigators",1937,1930,1900–1949,89,97,Popular,True,4.0,11.0,285.0,True,Medium (200–350),98.0,7.0,41.0,146.0,0.854,,,,,Unknown,,Not available,True,/works/OL472189W
Duplicate Death,Georgette Heyer,Georgette Heyer,1,Mystery,Mystery,"1950s, Contemporary, Suspense",1951,1950,1950–1999,75,41,Popular,True,3.67,3.0,286.0,False,Medium (200–350),55.0,1.0,13.0,69.0,0.929,1902-08-16,1902,1974-07-04,1974,Deceased,49,"Georgette Heyer was born on 16 August 1902 in Wimbledon, London, England, UK. She was the eldest child of Sylvia Watkins and George Heyer; her brother George Boris was born four years later, and her brother Frank nine years later. During her childhood, the family lived also in Paris, France, but the",True,/works/OL4092679W
Elephants Can Remember,Agatha Christie,Agatha Christie,1,Mystery,Mystery,"Fiction, Mystery, Detective and mystery stories",1969,1960,1950–1999,57,110,Classic/Bestseller,True,3.77,13.0,224.0,False,Medium (200–350),136.0,5.0,30.0,171.0,0.857,,,,,Unknown,,Not available,True,/works/OL471776W
Encyclopedia Brown Strikes Again,Donald J. Sobol,Donald J. Sobol,1,Mystery,Mystery,"Donald J. Sobol, Leonard Shortall, Youth",1965,1960,1950–1999,61,31,Popular,True,5.0,3.0,82.0,False,Short (<200),42.0,4.0,7.0,53.0,0.636,1924-10-04,1924,2012-07-11,2012,Deceased,41,"Donald J. Sobol was born and raised in New York City. He graduated from the Fieldston School in New York City in 1942 and joined the Army Corps of Engineers during World War II. After the war, he got a degree from Oberlin College. He worked in New York for several years, working his way up from copy",True,/works/OL1974290W
Endless Night,Agatha Christie,Agatha Christie,1,Mystery,Mystery,"Fiction, Mystery, Detective and mystery stories",1905,1900,1900–1949,121,84,Popular,True,4.0,8.0,194.0,False,Short (<200),223.0,14.0,34.0,271.0,0.708,,,,,Unknown,,Not available,True,/works/OL472508W
Enter a Murderer (Roderick Alleyn #2),Ngaio Marsh,Ngaio Marsh,1,Mystery,Mystery,"Mystery, Police, Fiction in English",1935,1930,1900–1949,91,36,Popular,True,3.75,4.0,287.0,False,Medium (200–350),22.0,2.0,14.0,38.0,0.875,1895-04-23,1895,1982-02-18,1982,Deceased,40,"Dame Ngaio Marsh, one of New Zealand’s most remarkable and charismatic women, was world-renowned as a leading crime fiction writer and as an eminent Shakespearian producer.
--ngaio-marsh.org",True,/works/OL460798W
Envious Casca,Georgette Heyer,Georgette Heyer,1,Mystery,Mystery,"1940s, Contemporary, Family reunions",1941,1940,1900–1949,85,35,Popular,True,3.8,5.0,226.0,False,Medium (200–350),45.0,3.0,14.0,62.0,0.824,1902-08-16,1902,1974-07-04,1974,Deceased,39,"Georgette Heyer was born on 16 August 1902 in Wimbledon, London, England, UK. She was the eldest child of Sylvia Watkins and George Heyer; her brother George Boris was born four years later, and her brother Frank nine years later. During her childhood, the family lived also in Paris, France, but the",True,/works/OL4092550W
Every dead thing,John Connolly,John Connolly,1,Mystery,Mystery,"Private investigators, Serial murders, Ex-police officers",1999,1990,1950–1999,27,33,Popular,True,3.86,7.0,480.0,False,Long (350–500),29.0,3.0,14.0,46.0,0.824,,,,,Unknown,,Not available,True,/works/OL1998806W
Evil Under the Sun,Agatha Christie,Agatha Christie,1,Mystery,Mystery,"Hercule Poirot (Fictitious character), Private investigators, Detective and mystery stories",1941,1940,1900–1949,85,120,Classic/Bestseller,True,,,,False,,,,,,,,,,,Unknown,,Not available,False,/works/OL472049W
Fade Away,Harlan Coben,Harlan Coben,1,Mystery,Mystery,"Sports agents, Mystery fiction, Basketball players",1996,1990,1950–1999,30,32,Popular,True,3.75,4.0,480.0,False,Long (350–500),19.0,2.0,9.0,30.0,0.818,,,,,Unknown,,Not available,True,/works/OL14963198W
"Farewell, My Lovely",Raymond Chandler,Raymond Chandler,1,Mystery,Mystery,"Fiction, Detective and mystery stories, Philip Marlowe (Fictitious character)",1940,1940,1900–1949,86,58,Popular,True,3.85,20.0,256.0,False,Medium (200–350),88.0,5.0,23.0,116.0,0.821,1888,1888,1959,1959,Deceased,52,Not available,True,/works/OL3295514W
Fifty Candles,Earl Derr Biggers,Earl Derr Biggers,1,Mystery,Mystery,"Mystery, Suspense, Fiction",1926,1920,1900–1949,100,258,Classic/Bestseller,True,,,,False,,,,,,,,,,,Unknown,,Not available,False,/works/OL6438811W
Five Get into a Fix,Enid Blyton,Enid Blyton,1,Mystery,Mystery,"Famous Five (Fictitious characters), Juvenile fiction, Adventure stories",1958,1950,1950–1999,68,30,Popular,True,,,,False,,,,,,,,,,,Unknown,,Not available,False,/works/OL1948510W
Five Little Pigs,Agatha Christie,Agatha Christie,1,Mystery,Mystery,"Hercule Poirot (Fictitious character), Private investigators, Detective and mystery stories",1942,1940,1900–1949,84,111,Classic/Bestseller,True,,,,False,,,,,,,,,,,Unknown,,Not available,False,/works/OL471666W
Five get into trouble,Enid Blyton,Enid Blyton,1,Mystery,Mystery,"Famous Five, Five get into a fix, Childrens book",1949,1940,1900–1949,77,35,Popular,True,3.0,2.0,,False,,,,,,,,,,,Unknown,,Not available,False,/works/OL1948661W
Fragile Things,Neil Gaiman,Neil Gaiman,1,Mystery,Mystery,"Mystery, Short stories, Fiction",2006,2000,2000+,20,32,Popular,True,3.75,8.0,346.0,False,Medium (200–350),110.0,6.0,16.0,132.0,0.727,1960-11-10,1960,,,Living,46,"Neil Richard MacKinnon Gaiman born Neil Richard Gaiman, 10 November 1960) is an English author of short fiction, novels, comic books, graphic novels, audio theatre, and films. His notable works include the comic book series The Sandman and novels Stardust, American Gods, Coraline, and The Graveyard ",True,/works/OL679359W
"Friends, Lovers, Chocolate",Alexander McCall Smith,Alexander McCall Smith,1,Mystery,Mystery,"Isabel Dalhousie (Fictitious character), Fiction, Women editors",2005,2000,2000+,21,29,Popular,True,3.25,4.0,283.0,False,Medium (200–350),15.0,0.0,5.0,20.0,1.0,1948,1948,,,Living,57,"Alexander McCall Smith, often referred to as ‘Sandy’,  is one of the world’s most prolific and best-loved authors. For many years he was a professor of Medical Law and worked in universities in the UK and abroad before turning his hand to writing fiction. He has written and contributed to more than ",True,/works/OL2435437W
"Gone, Baby, Gone",Dennis Lehane,Dennis Lehane,1,Mystery,Mystery,"Fiction, Patrick Kenzie (Fictitious character), Private investigators",1998,1990,1950–1999,28,43,Popular,True,4.0,5.0,501.0,False,Epic (500+),18.0,1.0,11.0,30.0,0.917,1965-08-04,1965,,,Living,33,"Dennis Lehane is an American author. He has published more than a dozen novels; the first several were a series of mysteries featuring recurring characters, including *A Drink Before the War*. Four of his novels were adapted into award-wining films of the same names:  *Mystic River* (2003),  *Shutte",True,/works/OL17210W
Greenmantle,John Buchan,John Buchan,1,Mystery,Mystery,"Fiction, Thrillers, Espionage, Hannay, Richard (fictitious character), Great britain",1915,1910,1900–1949,111,521,Classic/Bestseller,True,,,,False,,,,,,,1875-08-26,1875,1940-02-11,1940,Deceased,40,"A Scottish novelist, historian and Unionist politician who served as Governor General of Canada, the 15th since Canadian Confederation (<a href=https://en.wikipedia.org/wiki/John_Buchan>Wikipedia</a>).",False,/works/OL76501W
Hallowe'en Party,Agatha Christie,Agatha Christie,1,Mystery,Mystery,"Fiction, Mystery, Murder",1969,1960,1950–1999,57,100,Popular,True,3.44,16.0,194.0,False,Short (<200),247.0,17.0,61.0,325.0,0.782,,,,,Unknown,,Not available,True,/works/OL471832W
Harry Potter and the Deathly Hallows,J. K. Rowling,J. K. Rowling,1,Mystery,Mystery,"The Elder Wand, Children's books, Dementors",2007,2000,2000+,19,144,Classic/Bestseller,True,,,,False,,,,,,,,,,,Unknown,,Not available,False,/works/OL82586W
Harry Potter and the Philosopher's Stone,J. K. Rowling,J. K. Rowling,1,Mystery,Mystery,"Series:Harry_Potter, Ghosts, Monsters",1997,1990,1950–1999,29,400,Classic/Bestseller,True,,,,False,,,,,,,,,,,Unknown,,Not available,False,/works/OL82563W
Heart of Darkness,Joseph Conrad,Joseph Conrad,1,Mystery,Mystery,"Form:novella, Genre:historical fiction, Fiction",1899,1890,Pre-1900,127,553,Classic/Bestseller,True,,,,False,,,,,,,,,,,Unknown,,Not available,False,/works/OL38663W
Hercule Poirot's Christmas,Agatha Christie,Agatha Christie,1,Mystery,Mystery,"Hercule Poirot (Fictitious character), Private investigators, Murder",1939,1930,1900–1949,87,110,Classic/Bestseller,True,4.09,23.0,191.0,False,Short (<200),249.0,20.0,62.0,331.0,0.756,,,,,Unknown,,Not available,True,/works/OL471841W
His Last Bow [8 stories],Arthur Conan Doyle,Arthur Conan Doyle,1,Mystery,Mystery,"Short stories, Detective and mystery fiction, Fiction",1917,1910,1900–1949,109,583,Classic/Bestseller,True,,,,False,,,,,,,,,,,Unknown,,Not available,False,/works/OL262452W
"I Say No Or, The Love-Letter Answered And Other Stories",Wilkie Collins,Wilkie Collins,1,Mystery,Mystery,"Social life and customs, Fiction, Mystery",,,,,107,Classic/Bestseller,True,,,376.0,False,Long (350–500),1.0,0.0,0.0,1.0,,,,,,Unknown,,Not available,True,/works/OL176023W
In Cold Blood,Truman Capote,Truman Capote,1,Mystery,Mystery,"True, Crime, Murder",1965,1960,1950–1999,61,121,Classic/Bestseller,True,,,,False,,,,,,,,,,,Unknown,,Not available,False,/works/OL1992198W
In the frame,Dick Francis,Dick Francis,1,Mystery,Mystery,"Fiction, Horse racing, Horses",1653,1650,Pre-1900,373,30,Popular,True,4.0,3.0,285.0,True,Medium (200–350),14.0,1.0,11.0,26.0,0.917,,,,,Unknown,,Not available,True,/works/OL463342W
Intruder in the Dust,William Faulkner,William Faulkner,1,Mystery,Mystery,"Fiction, Crimes against, American Manuscripts",1948,1940,1900–1949,78,38,Popular,True,,,237.0,False,Medium (200–350),17.0,1.0,1.0,19.0,0.5,1897-09-25,1897,1962-07-06,1962,Deceased,51,"William Faulkner was a Nobel Prize-winning American  author. One of the most influential writers of the 20th century, his reputation is based on his novels, novellas  and short stories. He was also a published poet and an occasional screenwriter. ([Source][1].)

[1]:http://en.wikipedia.org/wiki/Wi",True,/works/OL82916W
Jezebel's Daughter,Wilkie Collins,Wilkie Collins,1,Mystery,Mystery,"Fiction, Mystery, Mental illness",1880,1880,Pre-1900,146,98,Popular,True,5.0,1.0,46.0,False,Short (<200),3.0,0.0,1.0,4.0,1.0,,,,,Unknown,,Not available,True,/works/OL176075W
Jupiter's Bones,Faye Kellerman,Faye Kellerman,1,Mystery,Mystery,"Mystery, Cults, Detective and mystery stories",1999,1990,1950–1999,27,34,Popular,True,3.0,1.0,401.0,False,Long (350–500),4.0,0.0,6.0,10.0,1.0,,,,,Unknown,,Not available,True,/works/OL462952W
Kill Alex Cross,James Patterson,James Patterson,1,Mystery,Mystery,"Drinking water, Kidnapping, Investigation",2011,2010,2000+,15,30,Popular,True,3.75,4.0,514.0,False,Epic (500+),123.0,3.0,19.0,145.0,0.864,,,,,Unknown,,Not available,True,/works/OL15951484W
L' Argent des autres,Émile Gaboriau,Émile Gaboriau,1,Mystery,Mystery,"Fiction, Mystery & detective, General, Mystery",1874,1870,Pre-1900,152,34,Popular,True,,,285.0,True,Medium (200–350),1.0,0.0,0.0,1.0,,,,,,Unknown,,Not available,True,/works/OL1546080W
L'affaire Lerouge,Émile Gaboriau,Émile Gaboriau,1,Mystery,Mystery,"Fiction, Mystery, Mystery & detective, General",,,,,148,Classic/Bestseller,True,,,,False,,,,,,,,,,,Unknown,,Not available,False,/works/OL1546094W
L.A. Requiem,Robert Crais,Robert Crais,1,Mystery,Mystery,"Fiction, Private investigators, Ex-police officers",1999,1990,1950–1999,27,31,Popular,True,3.8,5.0,450.0,False,Long (350–500),21.0,2.0,7.0,30.0,0.778,1953,1953,,,Living,46,Not available,True,/works/OL2005852W
La corde au cou,Émile Gaboriau,Émile Gaboriau,1,Mystery,Mystery,"Fiction, Mystery, French",1883,1880,Pre-1900,143,30,Popular,True,,,204.0,False,Medium (200–350),2.0,0.0,0.0,2.0,,,,,,Unknown,,Not available,True,/works/OL1546079W
Lifeguard,"James Patterson, Andrew Gross",James Patterson,2,Mystery,Mystery,"Fiction, Art thefts, Lifeguards",2005,2000,2000+,21,39,Popular,True,,,327.0,False,Medium (200–350),29.0,0.0,10.0,39.0,1.0,,,,,Unknown,,Not available,True,/works/OL167162W
Longshot,Dick Francis,Dick Francis,1,Mystery,Mystery,"Horse racing in fiction, Horse racing, Fiction",1738,1730,Pre-1900,288,38,Popular,True,,,396.0,False,Long (350–500),18.0,1.0,5.0,24.0,0.833,,,,,Unknown,,Not available,True,/works/OL463334W
"Look to the Lady; or, The Gyrth Chalice Mystery",Margery Allingham,Margery Allingham,1,Mystery,Mystery,"Fiction, Mystery, Private investigators",1931,1930,1900–1949,95,30,Popular,True,3.0,1.0,254.0,False,Medium (200–350),19.0,0.0,7.0,26.0,1.0,1904-05-20,1904,1966-06-30,1966,Deceased,27,"Margery Louise Allingham was an English writer of detective fiction, best remembered for her ""golden age"" stories featuring gentleman sleuth Albert Campion. - Wikipedia",True,/works/OL2004230W
Lord Edgware Dies,Agatha Christie,Agatha Christie,1,Mystery,Mystery,"Hercule Poirot (Fictitious character), Private investigators, Fiction",1933,1930,1900–1949,93,113,Classic/Bestseller,True,,,,False,,,,,,,,,,,Unknown,,Not available,False,/works/OL471767W
Lord Peter Views the Body,Dorothy L. Sayers,Dorothy L. Sayers,1,Mystery,Mystery,"Fiction, Private investigators, Lord Peter Wimsey (Fictitious character)",1928,1920,1900–1949,98,63,Popular,True,3.25,4.0,285.0,True,Medium (200–350),39.0,2.0,6.0,47.0,0.75,,,,,Unknown,,Not available,True,/works/OL2234926W
Los mares del Sur,Manuel Vázquez Montalbán,Manuel Vázquez Montalbán,1,Mystery,Mystery,"Barcelona, Mystery, Detective",1979,1970,1950–1999,47,60,Popular,True,3.0,2.0,224.0,False,Medium (200–350),18.0,1.0,6.0,25.0,0.857,1939-07-27,1939,2003-10-18,2003,Deceased,40,"Manuel Vázquez Montalbán (Barcelona, España, 14 de junio de 1939 - Bangkok, Tailandia, 18 de octubre de 2003) fue un escritor español conocido sobre todo por sus novelas protagonizadas por el detective Pepe Carvalho. Personalidad casi inabarcable, se definió a sí mismo como ""periodista, novelista, p",True,/works/OL992605W
Maigret et le clochard,Georges Simenon,Georges Simenon,1,Mystery,Mystery,"Fiction, French fiction, Mystery",1963,1960,1950–1999,63,34,Popular,True,3.6,5.0,160.0,False,Short (<200),58.0,5.0,16.0,79.0,0.762,,,,,Unknown,,Not available,True,/works/OL1242947W
Mannen på balkongen,"Maj Sjöwall, Per Wahlöö",Maj Sjöwall,2,Mystery,Mystery,"Fiction, Mystery, Beck, Martin (fictitious character)",1968,1960,1950–1999,58,35,Popular,True,4.0,4.0,288.0,False,Medium (200–350),5.0,0.0,6.0,11.0,1.0,,,,,Unknown,,Not available,True,/works/OL3899217W
Mannen som gick upp i rök,"Maj Sjöwall, Per Wahlöö",Maj Sjöwall,2,Mystery,Mystery,"Police in fiction, Police, Martin Beck (Fictitious character)",1966,1960,1950–1999,60,42,Popular,True,3.86,7.0,135.0,False,Short (<200),5.0,0.0,8.0,13.0,1.0,1935-09-25,1935,2020-04-29,2020,Deceased,31,"Swedish writer. Together with her husband [Per Wahlöö](/a/OL1460559A), author of crime novels about detective Martin Beck, using the signature Sjöwall/Wahlöö.",True,/works/OL3899216W
Mannen son log,Henning Mankell,Henning Mankell,1,Mystery,Mystery,"Mystery, Detectives, Fiction",2001,2000,2000+,25,31,Popular,True,3.67,9.0,376.0,False,Long (350–500),21.0,3.0,19.0,43.0,0.864,,,,,Unknown,,Not available,True,/works/OL158693W
Memento Mori,Muriel Spark,Muriel Spark,1,Mystery,Mystery,"Fiction, Older people, Death",1958,1950,1950–1999,68,51,Popular,True,4.67,3.0,258.0,False,Medium (200–350),86.0,4.0,7.0,97.0,0.636,1918,1918,2006,2006,Deceased,40,"Dame Muriel Spark, DBE was a prolific Scottish novelist, short story writer, and poet whose darkly comedic voice made her one of the most distinctive writers of the twentieth century. 

Spark received the James Tait Black Memorial Prize in 1965 for The Mandelbaum Gate, the Ingersoll Foundation TS ",True,/works/OL26398W
Miss Marple's Final Cases and Two Other Stories [8 stories],Agatha Christie,Agatha Christie,1,Mystery,Mystery,"Agatha Christie, British, Golden Age",1979,1970,1950–1999,47,35,Popular,True,4.5,2.0,192.0,False,Short (<200),,,,,,,,,,Unknown,,Not available,False,/works/OL260390W
Miss or Mrs.?,"Wilkie Collins, Collins, William",Wilkie Collins,3,Mystery,Mystery,"19th century, Detective and mystery stories, English, England",1892,1890,Pre-1900,134,56,Popular,True,3.0,1.0,186.0,False,Short (<200),4.0,0.0,1.0,5.0,1.0,,,,,Unknown,,Not available,True,/works/OL176077W
Missing pieces,Joy Fielding,Joy Fielding,1,Mystery,Mystery,"Family therapists, Fiction, Mystery",1997,1990,1950–1999,29,29,Popular,True,3.0,1.0,398.0,False,Long (350–500),10.0,2.0,2.0,14.0,0.5,1945-03-18,1945,,,Living,52,"Joy Fielding (born on March 18, 1945) is a Canadian novelist and actress.",True,/works/OL86274W
Mrs. McGinty's Dead,Agatha Christie,Agatha Christie,1,Mystery,Mystery,"Fiction, Hercule Poirot (Fictitious character), Private investigators",1951,1950,1950–1999,75,89,Popular,True,3.5,10.0,272.0,False,Medium (200–350),99.0,6.0,47.0,152.0,0.887,,,,,Unknown,,Not available,True,/works/OL472044W
Murder being once done,"Ruth Rendell, Robin Bailey",Ruth Rendell,2,Mystery,Mystery,"Fiction, Police, Inspector Wexford (Fictitious character)",1972,1970,1950–1999,54,32,Popular,True,5.0,1.0,272.0,False,Medium (200–350),19.0,0.0,3.0,22.0,1.0,,,,,Unknown,,Not available,True,/works/OL12077W
Murder in Mesopotamia,Agatha Christie,Agatha Christie,1,Mystery,Mystery,"Fiction, Hercule Poirot (Fictitious character), Private investigators",1936,1930,1900–1949,90,108,Classic/Bestseller,True,,,,False,,,,,,,,,,,Unknown,,Not available,False,/works/OL472572W
Murder in Three Acts,Agatha Christie,Agatha Christie,1,Mystery,Mystery,"Fiction, Hercule Poirot (Fictitious character), Murder in fiction",1934,1930,1900–1949,92,103,Classic/Bestseller,True,3.62,13.0,176.0,False,Short (<200),320.0,13.0,57.0,390.0,0.814,,,,,Unknown,,Not available,True,/works/OL471765W
Murder in the Mews,Agatha Christie,Agatha Christie,1,Mystery,Mystery,"Hercule Poirot (Fictitious character), Fiction, Mystery",1955,1950,1950–1999,71,34,Popular,True,4.0,1.0,288.0,False,Medium (200–350),32.0,3.0,13.0,48.0,0.812,,,,,Unknown,,Not available,True,/works/OL472074W
Murder on the Links,Agatha Christie,Agatha Christie,1,Mystery,Mystery,"Fiction, Hercule Poirot (Fictitious character), Private investigators",1923,1920,1900–1949,103,272,Classic/Bestseller,True,,,,False,,,,,,,,,,,Unknown,,Not available,False,/works/OL472073W
Murder on the Orient Express,Agatha Christie,Agatha Christie,1,Mystery,Mystery,"Agatha Christie, Private investigator, P.I.",1933,1930,1900–1949,93,247,Classic/Bestseller,True,,,,False,,,,,,,,,,,Unknown,,Not available,False,/works/OL471576W
My Lady's Money,"Wilkie Collins, guzman agustin, Francisco Arellano Selma",Wilkie Collins,3,Mystery,Mystery,"Fiction, Mystery, British and irish fiction (fictional works by one author)",1870,1870,Pre-1900,156,76,Popular,False,,,224.0,False,Medium (200–350),1.0,0.0,0.0,1.0,,,,,,Unknown,,Not available,True,/works/OL176072W
Mystery of Edwin Drood,"Charles Dickens, Editora Mundial",Charles Dickens,2,Mystery,Mystery,"Mystery, Murder, Unfinished Novel",1871,1870,Pre-1900,155,30,Popular,False,,,678.0,False,Epic (500+),0.0,0.0,0.0,0.0,,,,,,Unknown,,Not available,True,/works/OL40501507W
Mystic river,Dennis Lehane,Dennis Lehane,1,Mystery,Mystery,"Mystery, Murder, Male friendship",2001,2000,2000+,25,53,Popular,True,4.18,17.0,480.0,False,Long (350–500),76.0,4.0,24.0,104.0,0.857,1965-08-04,1965,,,Living,36,"Dennis Lehane is an American author. He has published more than a dozen novels; the first several were a series of mysteries featuring recurring characters, including *A Drink Before the War*. Four of his novels were adapted into award-wining films of the same names:  *Mystic River* (2003),  *Shutte",True,/works/OL17211W
Mördare utan ansikte,Henning Mankell,Henning Mankell,1,Mystery,Mystery,"Fiction, Literature, Mystery",1993,1990,1950–1999,33,42,Popular,True,3.61,36.0,333.0,False,Medium (200–350),80.0,5.0,59.0,144.0,0.922,,,,,Unknown,,Not available,True,/works/OL158674W
N or M?,Agatha Christie,Agatha Christie,1,Mystery,Mystery,"Fiction, Married people, Mystery",1941,1940,1900–1949,85,76,Popular,True,3.73,11.0,173.0,False,Short (<200),78.0,3.0,29.0,110.0,0.906,,,,,Unknown,,Not available,True,/works/OL472130W
Nemesis,Agatha Christie,Agatha Christie,1,Mystery,Mystery,"Fiction, Mystery, Women detectives",1970,1970,1950–1999,56,103,Classic/Bestseller,True,4.09,11.0,194.0,False,Short (<200),175.0,12.0,32.0,219.0,0.727,,,,,Unknown,,Not available,True,/works/OL472594W
Night Shift,Stephen King,Stephen King,1,Mystery,Mystery,"Euthanasia, Terminal illness, Vampires",1960,1960,1950–1999,66,65,Popular,True,,,300.0,False,Medium (200–350),628.0,31.0,76.0,735.0,0.71,,,,,Unknown,,Not available,True,/works/OL81608W
No name,Wilkie Collins,Wilkie Collins,1,Mystery,Mystery,"Fiction, Orphans, Disinheritance",1862,1860,Pre-1900,164,236,Classic/Bestseller,True,,,,False,,,,,,,,,,,Unknown,,Not available,False,/works/OL176090W
Nothing to Lose,Lee Child,Lee Child,1,Mystery,Mystery,"Mystery, Conspiracies in fiction, Conspiracies",1998,1990,1950–1999,28,31,Popular,True,3.38,8.0,544.0,False,Epic (500+),60.0,2.0,23.0,85.0,0.92,,,,,Unknown,,Not available,True,/works/OL37510149W
One False Move,Harlan Coben,Harlan Coben,1,Mystery,Mystery,"Mystery, Fiction, Women basketball players",1998,1990,1950–1999,28,36,Popular,True,1.0,1.0,430.0,False,Long (350–500),30.0,0.0,10.0,40.0,1.0,,,,,Unknown,,Not available,True,/works/OL79320W
"One, Two, Buckle My Shoe",Agatha Christie,Agatha Christie,1,Mystery,Mystery,"Fiction, Hercule Poirot (Fictitious character), Private investigators",1940,1940,1900–1949,86,104,Classic/Bestseller,True,3.73,11.0,276.0,False,Medium (200–350),121.0,8.0,43.0,172.0,0.843,,,,,Unknown,,Not available,True,/works/OL471702W
Opening night,Ngaio Marsh,Ngaio Marsh,1,Mystery,Mystery,"Fiction, Fiction in English, Mystery",1951,1950,1950–1999,75,33,Popular,True,,,210.0,False,Medium (200–350),14.0,2.0,9.0,25.0,0.818,1895-04-23,1895,1982-02-18,1982,Deceased,56,"Dame Ngaio Marsh, one of New Zealand’s most remarkable and charismatic women, was world-renowned as a leading crime fiction writer and as an eminent Shakespearian producer.
--ngaio-marsh.org",True,/works/OL460786W
Original Sin,P. D. James,P. D. James,1,Mystery,Mystery,"Fiction, Police in fiction, Police",1994,1990,1950–1999,32,39,Popular,True,4.5,2.0,534.0,False,Epic (500+),12.0,2.0,4.0,18.0,0.667,,,,,Unknown,,Not available,True,/works/OL510905W
Parker Pyne Investigates,Agatha Christie,Agatha Christie,1,Mystery,Mystery,"Detective and mystery stories, English Detective and mystery stories, Fiction",1933,1930,1900–1949,93,69,Popular,True,4.0,2.0,201.0,False,Medium (200–350),65.0,2.0,24.0,91.0,0.923,,,,,Unknown,,Not available,True,/works/OL472884W
Partners in Crime,Agatha Christie,Agatha Christie,1,Mystery,Mystery,"English Detective and mystery stories, Fiction, Mystery",1929,1920,1900–1949,97,83,Popular,True,4.4,5.0,138.0,False,Short (<200),80.0,5.0,15.0,100.0,0.75,,,,,Unknown,,Not available,True,/works/OL471928W
Peril at End House,Agatha Christie,Agatha Christie,1,Mystery,Mystery,"Captain Hastings (Fictitious character), English Detective and mystery stories, Fiction",1932,1930,1900–1949,94,111,Classic/Bestseller,True,,,130.0,False,Short (<200),193.0,11.0,75.0,279.0,0.872,,,,,Unknown,,Not available,True,/works/OL472165W
Player Piano,"Kurt Vonnegut, Christian Rummel",Kurt Vonnegut,2,Mystery,Mystery,"Fiction, Classic Literature, Mystery",1952,1950,1950–1999,74,70,Popular,True,3.76,29.0,498.0,False,Long (350–500),172.0,7.0,53.0,232.0,0.883,1922-11-11,1922,2007-04-11,2007,Deceased,30,"Kurt Vonnegut, Jr. was an American novelist who wrote works blending satire, black comedy, and science fiction, such as [*Slaughterhouse-Five* (1969)][1], [*Cat's Cradle* (1963)][2], and [*Breakfast of Champions* (1973)][3]. He was known for his humanist beliefs as well as being honorary president o",True,/works/OL98484W
Poirot investigates,Agatha Christie,Agatha Christie,1,Mystery,Mystery,"Hercule Poirot (Fictitious character), Private investigators, Chief Inspector Japp (Fictitious character)",1924,1920,1900–1949,102,216,Classic/Bestseller,True,,,,False,,,,,,,,,,,Unknown,,Not available,False,/works/OL471940W
Poirot's Early Cases,Agatha Christie,Agatha Christie,1,Mystery,Mystery,"Hercule Poirot (Fictitious character), Private investigators, Detective and mystery stories",1963,1960,1950–1999,63,63,Popular,True,4.2,5.0,304.0,False,Medium (200–350),62.0,4.0,13.0,79.0,0.765,,,,,Unknown,,Not available,True,/works/OL471915W
Poison in the Pen (Miss Silver #29),Patricia Wentworth,Patricia Wentworth,1,Mystery,Mystery,"Women private investigators--England--Fiction, Mystery fiction, Silver Maud (Fictitious character)--Fiction",1955,1950,1950–1999,71,32,Popular,True,,,315.0,False,Medium (200–350),11.0,0.0,8.0,19.0,1.0,1878-11-10,1878,1961-01-28,1961,Deceased,77,This popular British writer of crime fiction was born Dora Amy Elles in India but was educated and lived in England (<a href=http://en.wikipedia.org/wiki/Patricia_Wentworth>Wikipedia</a>).  The private detective featured in many of her novels was <a href=http://en.wikipedia.org/wiki/Miss_Silver>Miss,True,/works/OL3901494W
Police At the Funeral,Margery Allingham,Margery Allingham,1,Mystery,Mystery,"Fiction, Mystery, Private investigators",1931,1930,1900–1949,95,32,Popular,True,3.33,3.0,258.0,False,Medium (200–350),23.0,2.0,10.0,35.0,0.833,1904-05-20,1904,1966-06-30,1966,Deceased,27,"Margery Louise Allingham was an English writer of detective fiction, best remembered for her ""golden age"" stories featuring gentleman sleuth Albert Campion. - Wikipedia",True,/works/OL2004242W
Prayers for rain,Dennis Lehane,Dennis Lehane,1,Mystery,Mystery,"Fiction, Patrick Kenzie (Fictitious character), Private investigators",1999,1990,1950–1999,27,34,Popular,True,3.0,2.0,349.0,False,Medium (200–350),11.0,2.0,6.0,19.0,0.75,1965-08-04,1965,,,Living,34,"Dennis Lehane is an American author. He has published more than a dozen novels; the first several were a series of mysteries featuring recurring characters, including *A Drink Before the War*. Four of his novels were adapted into award-wining films of the same names:  *Mystic River* (2003),  *Shutte",True,/works/OL17206W
Prester John,John Buchan,John Buchan,1,Mystery,Mystery,"Fiction, Scots, Clergy",,,,,339,Classic/Bestseller,True,,,,False,,,,,,,1875-08-26,1875,1940-02-11,1940,Deceased,,"A Scottish novelist, historian and Unionist politician who served as Governor General of Canada, the 15th since Canadian Confederation (<a href=https://en.wikipedia.org/wiki/John_Buchan>Wikipedia</a>).",False,/works/OL76595W
Private,"James Patterson, Maxine Paetro",James Patterson,2,Mystery,Mystery,"Private investigators, Mystery fiction, Fiction",2008,2000,2000+,18,32,Popular,True,3.17,6.0,348.0,False,Medium (200–350),100.0,3.0,21.0,124.0,0.875,,,,,Unknown,,Not available,True,/works/OL14920152W
Promise Me,Harlan Coben,Harlan Coben,1,Mystery,Mystery,"Missing children in fiction, Detective and mystery stories, Sports agents",2006,2000,2000+,20,42,Popular,True,4.33,9.0,412.0,False,Long (350–500),,,,,,,,,,Unknown,,Not available,False,/works/OL79329W
Q Is for Quarry,Sue Grafton,Sue Grafton,1,Mystery,Mystery,"Detectives privados, Kinsey Millhone (Fictitious character), Novela",2002,2000,2000+,24,33,Popular,True,4.25,4.0,285.0,True,Medium (200–350),17.0,3.0,15.0,35.0,0.833,1940-04-24,1940,2017-12-28,2017,Deceased,62,"New York Times-bestselling author Sue Grafton is published in twenty-eight countries and twenty-six languages--including Estonian, Bulgarian, and Indonesian. Books in her alphabet series, begun in 1982, are international bestsellers with readership in the millions. And like Raymond Chandler and Ross",True,/works/OL14852230W
R. Holmes & Co.,John Kendrick Bangs,John Kendrick Bangs,1,Mystery,Mystery,"Criminals, Fiction, Private investigators",1906,1900,1900–1949,120,156,Classic/Bestseller,True,,,,False,,,,,,,,,,,Unknown,,Not available,False,/works/OL1868679W
"Raffles, Further Adventures of the Amateur Cracksman",Ernest William Hornung,Ernest William Hornung,1,Mystery,Mystery,"Criminals, English Detective and mystery stories, Fiction",1901,1900,1900–1949,125,51,Popular,True,,,285.0,True,Medium (200–350),5.0,0.0,0.0,5.0,,,,,,Unknown,,Not available,True,/works/OL1798843W
Rat race,Dick Francis,Dick Francis,1,Mystery,Mystery,"Horse racing in fiction, Horse racing, Fiction",1970,1970,1950–1999,56,36,Popular,True,4.0,1.0,198.0,False,Short (<200),29.0,2.0,8.0,39.0,0.8,,,,,Unknown,,Not available,True,/works/OL463327W
Red Queen,Victoria Aveyard,Victoria Aveyard,1,Mystery,Mystery,"Love & Romance, Ability, Resistance to Government",2015,2010,2000+,11,35,Popular,True,4.15,81.0,388.0,False,Long (350–500),1570.0,95.0,140.0,1805.0,0.596,1990-07-27,1990,,,Living,25,American writer of young adult and fantasy fiction and screenplays,True,/works/OL17356883W
Road Rage (Inspector Wexford),Ruth Rendell,Ruth Rendell,1,Mystery,Mystery,"Fiction, Mystery & detective, Police procedural, Traditional, Wexford, Inspector (fictitious character)",1770,1770,Pre-1900,256,36,Popular,True,,,338.0,False,Medium (200–350),6.0,0.0,2.0,8.0,1.0,,,,,Unknown,,Not available,True,/works/OL12098W
Roseanna,"Maj Sjöwall, Per Wahlöö",Maj Sjöwall,2,Mystery,Mystery,"Murder, Police, Martin Beck (Fictitious character)",1967,1960,1950–1999,59,56,Popular,True,3.33,9.0,201.0,False,Medium (200–350),,,,,,,,,,Unknown,,Not available,False,/works/OL3899224W
Sad Cypress,Agatha Christie,Agatha Christie,1,Mystery,Mystery,"Fiction, Hercule Poirot (Fictitious character), Private investigators",1939,1930,1900–1949,87,86,Popular,True,4.1,10.0,240.0,False,Medium (200–350),93.0,4.0,35.0,132.0,0.897,,,,,Unknown,,Not available,True,/works/OL471870W
Scary stories to tell in the dark,Alvin Schwartz,Alvin Schwartz,1,Mystery,Mystery,"Cuentos de terror estadounidenses, American Ghost stories, American Horror tales",1981,1980,1950–1999,45,32,Popular,True,4.0,31.0,111.0,False,Short (<200),429.0,15.0,58.0,502.0,0.795,1927-04-25,1927,1992-03-14,1992,Deceased,54,"Alvin Schwartz began his career as a journalist, but, after the publication of his bestselling book ***A Twister of Twists, a Tangler of Tongues***, he devoted himself to becoming a collector and arranger of folk wisdom, rhyme, and silliness. Schwartz is known for a body of work of more than two doz",True,/works/OL268379W
Serpent's Tooth,Faye Kellerman,Faye Kellerman,1,Mystery,Mystery,"Fiction, Thrillers, Suspense, Police",1997,1990,1950–1999,29,30,Popular,True,3.0,1.0,400.0,False,Long (350–500),7.0,0.0,8.0,15.0,1.0,,,,,Unknown,,Not available,True,/works/OL462947W
Shattered,Dick Francis,Dick Francis,1,Mystery,Mystery,"Mystery, Detective and mystery stories, Translations into Russian",2000,2000,2000+,26,30,Popular,True,4.0,1.0,285.0,True,Medium (200–350),8.0,0.0,6.0,14.0,1.0,,,,,Unknown,,Not available,True,/works/OL463347W
Shroud for a Nightingale,P. D. James,P. D. James,1,Mystery,Mystery,"Adam Dalgliesh (Fictitious character), Detective and mystery stories, Fiction",1971,1970,1950–1999,55,53,Popular,True,4.17,6.0,458.0,False,Long (350–500),39.0,0.0,17.0,56.0,1.0,,,,,Unknown,,Not available,True,/works/OL510913W
Simisola,Ruth Rendell,Ruth Rendell,1,Mystery,Mystery,"Wexford, Inspector (fictitious character), Fiction, Mystery & detective, General, England",1994,1990,1950–1999,32,36,Popular,True,5.0,1.0,352.0,False,Long (350–500),5.0,1.0,1.0,7.0,0.5,,,,,Unknown,,Not available,True,/works/OL12076W
Skinwalkers,Tony Hillerman,Tony Hillerman,1,Mystery,Mystery,"Fiction, Navajo Indians, Police",1986,1980,1950–1999,40,31,Popular,True,,,,False,,,,,,,1925-05-27,1925,2008-10-26,2008,Deceased,61,Anthony Grove Hillerman was an American author of detective novels and nonfiction works best known for his Navajo Tribal Police mystery novels. Several of his works have been adapted as theatrical and television movies.,False,/works/OL55954W
Sleeping Murder,Agatha Christie,Agatha Christie,1,Mystery,Mystery,"Fiction, Jane Marple (Fictitious character), Women detectives",1940,1940,1900–1949,86,117,Classic/Bestseller,True,,,,False,,,,,,,,,,,Unknown,,Not available,False,/works/OL472250W
Stalker,Faye Kellerman,Faye Kellerman,1,Mystery,Mystery,"Mystery, Detective and mystery stories, Police",2000,2000,2000+,26,33,Popular,True,3.0,1.0,366.0,False,Long (350–500),,,,,,,,,,Unknown,,Not available,False,/works/OL462990W
Stone Kiss,Faye Kellerman,Faye Kellerman,1,Mystery,Mystery,"Fiction, Thriller, Mystery",2002,2000,2000+,24,36,Popular,True,,,456.0,False,Long (350–500),17.0,0.0,9.0,26.0,1.0,,,,,Unknown,,Not available,True,/works/OL462940W
Sweet danger,Margery Allingham,Margery Allingham,1,Mystery,Mystery,"Fiction, Mystery, Private investigators",1933,1930,1900–1949,93,43,Popular,True,,,258.0,False,Medium (200–350),,,,,,1904-05-20,1904,1966-06-30,1966,Deceased,29,"Margery Louise Allingham was an English writer of detective fiction, best remembered for her ""golden age"" stories featuring gentleman sleuth Albert Campion. - Wikipedia",False,/works/OL12690629W
Taken at the Flood,Agatha Christie,Agatha Christie,1,Mystery,Mystery,"Hercule Poirot (Fictitious character), Fiction, Mystery",1948,1940,1900–1949,78,85,Popular,True,3.36,14.0,226.0,False,Medium (200–350),81.0,3.0,35.0,119.0,0.921,,,,,Unknown,,Not available,True,/works/OL472279W
Tales of Chinatown,Sax Rohmer,Sax Rohmer,1,Mystery,Mystery,"Chinese, Fiction, Mystery",1922,1920,1900–1949,104,67,Popular,True,,,285.0,True,Medium (200–350),1.0,0.0,0.0,1.0,,,,,,Unknown,,Not available,True,/works/OL2288682W
Tales of Terror and Mystery,Arthur Conan Doyle,Arthur Conan Doyle,1,Mystery,Mystery,"Classic Literature, English Detective and mystery stories, English Horror tales",1963,1960,1950–1999,63,168,Classic/Bestseller,True,,,,False,,,,,,,,,,,Unknown,,Not available,False,/works/OL262586W
Tears of the Giraffe (No. 1 Ladies Detective Agency,Alexander McCall Smith,Alexander McCall Smith,1,Mystery,Mystery,"Fiction, Mystery & detective, Women sleuths, Botswana, Ramotswe, Precious (fictitious character)",2000,2000,2000+,26,35,Popular,True,4.0,1.0,255.0,False,Medium (200–350),21.0,2.0,7.0,30.0,0.778,1948,1948,,,Living,52,"Alexander McCall Smith, often referred to as ‘Sandy’,  is one of the world’s most prolific and best-loved authors. For many years he was a professor of Medical Law and worked in universities in the UK and abroad before turning his hand to writing fiction. He has written and contributed to more than ",True,/works/OL2435463W
The A.B.C. Murders,Agatha Christie,Agatha Christie,1,Mystery,Mystery,"Fiction, Mystery, Agatha Christie",1936,1930,1900–1949,90,142,Classic/Bestseller,True,,,,False,,,,,,,,,,,Unknown,,Not available,False,/works/OL471509W
The Adventure of the Christmas Pudding,Agatha Christie,Agatha Christie,1,Mystery,Mystery,"Fiction, Hercule Poirot (Fictitious character), Jane Marple (Fictitious character)",1960,1960,1950–1999,66,50,Popular,True,3.89,9.0,264.0,False,Medium (200–350),51.0,2.0,20.0,73.0,0.909,,,,,Unknown,,Not available,True,/works/OL472416W
The Adventures of Sherlock Holmes [12 stories],Arthur Conan Doyle,Arthur Conan Doyle,1,Mystery,Mystery,"Classic Literature, Murder, Mystery",1892,1890,Pre-1900,134,1134,Classic/Bestseller,True,,,,False,,,,,,,,,,,Unknown,,Not available,False,/works/OL262421W
The After House,Mary Roberts Rinehart,Mary Roberts Rinehart,1,Mystery,Mystery,"Classic Literature, Fiction, Mystery and suspense",1914,1910,1900–1949,112,203,Classic/Bestseller,True,,,,False,,,,,,,,,,,Unknown,,Not available,False,/works/OL137397W
The Alington Inheritance (A Miss Silver Mystery),Patricia Wentworth,Patricia Wentworth,1,Mystery,Mystery,"England, Fiction, Silver, Maud (fictitious character), London (england)",1958,1950,1950–1999,68,36,Popular,True,2.0,1.0,198.0,False,Short (<200),5.0,0.0,2.0,7.0,1.0,1878-11-10,1878,1961-01-28,1961,Deceased,80,This popular British writer of crime fiction was born Dora Amy Elles in India but was educated and lived in England (<a href=http://en.wikipedia.org/wiki/Patricia_Wentworth>Wikipedia</a>).  The private detective featured in many of her novels was <a href=http://en.wikipedia.org/wiki/Miss_Silver>Miss,True,/works/OL3901333W
The Amateur Cracksman,Ernest William Hornung,Ernest William Hornung,1,Mystery,Mystery,"Classic Literature, Criminals, English Detective and mystery stories",1899,1890,Pre-1900,127,223,Classic/Bestseller,True,,,,False,,,,,,,,,,,Unknown,,Not available,False,/works/OL250352W
The Angel of Terror,Edgar Wallace,Edgar Wallace,1,Mystery,Mystery,"Fiction, Mystery, Suspense",1923,1920,1900–1949,103,254,Classic/Bestseller,True,,,,False,,,,,,,,,,,Unknown,,Not available,False,/works/OL1518053W
The Austere Academy,"Lemony Snicket, Brett Helquist, Michael Kupperman",Lemony Snicket,3,Mystery,Mystery,"Humour, Steampunk, Mystery",2000,2000,2000+,26,38,Popular,True,4.12,41.0,216.0,False,Medium (200–350),103.0,7.0,82.0,192.0,0.921,1970-02-28,1970,,,Living,30,"Lemony Snicket is the legal nom de plume of American novelist Daniel Handler (born February 28, 1970). Snicket is the author of several children's books, serving as the narrator of *A Series of Unfortunate Events* (his best known work) and appearing as a character within the series. Because of this,",True,/works/OL15104126W
The Big Four,Agatha Christie,Agatha Christie,1,Mystery,Mystery,"Fiction, Mystery, Private investigators",1927,1920,1900–1949,99,121,Classic/Bestseller,True,,,,False,,,,,,,,,,,Unknown,,Not available,False,/works/OL471947W
The Black Robe,Wilkie Collins,Wilkie Collins,1,Mystery,Mystery,"Classic Literature, Fiction, Mystery",1881,1880,Pre-1900,145,303,Classic/Bestseller,True,,,,False,,,,,,,,,,,Unknown,,Not available,False,/works/OL176068W
The Black Tower,P. D. James,P. D. James,1,Mystery,Mystery,"Adam Dalgliesh (Fictitious character), Fiction, Fiction in English",1975,1970,1950–1999,51,56,Popular,True,3.83,6.0,342.0,False,Medium (200–350),25.0,2.0,12.0,39.0,0.857,,,,,Unknown,,Not available,True,/works/OL510867W
The Bobbsey Twins,Laura Lee Hope,Laura Lee Hope,1,Mystery,Mystery,"Laura Lee Hope, Bobbsey Twins, Series",1904,1900,1900–1949,122,94,Popular,True,,,285.0,True,Medium (200–350),23.0,3.0,2.0,28.0,0.4,,,,,Unknown,,"Laura Lee Hope is a pseudonym used by the Stratemeyer Syndicate for the Bobbsey Twins and several other series of children's novels. Actual writers taking up the pen of Laura Lee Hope include Edward Stratemeyer, Howard and Lilian Garis, Elizabeth Ward, Harriet (Stratemeyer) Adams, and Nancy Axelrad.",True,/works/OL4072567W
The Body in the Library,Agatha Christie,Agatha Christie,1,Mystery,Mystery,"Fiction, Mystery, Women detectives",1942,1940,1900–1949,84,127,Classic/Bestseller,True,,,,False,,,,,,,,,,,Unknown,,Not available,False,/works/OL471610W
The Boxcar Children,Gertrude Chandler Warner,Gertrude Chandler Warner,1,Mystery,Mystery,"Orphans, Juvenile fiction, Brothers and sisters",1924,1920,1900–1949,102,87,Popular,True,4.21,39.0,166.0,False,Short (<200),336.0,32.0,72.0,440.0,0.692,1890-04-16,1890,1979-08-30,1979,Deceased,34,"Gertrude Chandler Warner was an American author, mainly of children's stories. She was most famous for writing the original book of The Boxcar Children and for the next eighteen books in the series.

Warner once said that she did much of her writing while convalescing from illnesses or accidents, ",True,/works/OL24656586W
The Bungalow Mystery,Leslie McFarlane,Leslie McFarlane,1,Mystery,Mystery,"Children's fiction, Drew, Nancy (fictitious character), Fiction, Mystery and detective stories",1930,1930,1900–1949,96,39,Popular,True,4.0,11.0,139.0,False,Short (<200),150.0,10.0,35.0,195.0,0.778,1902-10-25,1902,1977-09-06,1977,Deceased,28,"Charles Leslie McFarlane (October 25, 1902 – September 6, 1977) was a Canadian journalist, novelist, screenwriter, and filmmaker, who is most famous for ghostwriting many of the early books in the very successful Hardy Boys series, using the pseudonym Franklin W. Dixon, and the Nancy Drew series und",True,/works/OL38989W
The Circular Staircase,Mary Roberts Rinehart,Mary Roberts Rinehart,1,Mystery,Mystery,"Classic Literature, Fiction, Detective and mystery stories",1908,1900,1900–1949,118,182,Classic/Bestseller,True,,,,False,,,,,,,,,,,Unknown,,Not available,False,/works/OL137396W
The Client,John Grisham,John Grisham,1,Mystery,Mystery,"Suicide, Fifth Amendment, Lawyers",1993,1990,1950–1999,33,80,Popular,True,3.58,33.0,421.0,False,Long (350–500),212.0,19.0,63.0,294.0,0.768,,,,,Unknown,,Not available,True,/works/OL77022W
The Clocks,Agatha Christie,Agatha Christie,1,Mystery,Mystery,"Fiction, Mystery, Hercule Poirot (Fictitious character)",1963,1960,1950–1999,63,99,Popular,True,3.33,12.0,258.0,False,Medium (200–350),124.0,6.0,32.0,162.0,0.842,,,,,Unknown,,Not available,True,/works/OL471670W
The Crime at Black Dudley (Albert Campion #1),Margery Allingham,Margery Allingham,1,Mystery,Mystery,"Fiction, Mystery, Murder",1929,1920,1900–1949,97,46,Popular,True,,,204.0,False,Medium (200–350),58.0,2.0,22.0,82.0,0.917,1904-05-20,1904,1966-06-30,1966,Deceased,25,"Margery Louise Allingham was an English writer of detective fiction, best remembered for her ""golden age"" stories featuring gentleman sleuth Albert Campion. - Wikipedia",True,/works/OL2004298W
The Curious Incident of the Dog in the Night-Time,Mark Haddon,Mark Haddon,1,Mystery,Mystery,"England, Fiction, Mystery & detective, General, Young adult fiction",2002,2000,2000+,24,108,Classic/Bestseller,True,3.95,242.0,248.0,False,Medium (200–350),1323.0,92.0,351.0,1766.0,0.792,1962-09-26,1962,,,Living,40,"Mark Haddon (born 26 September 1962) is an English novelist, best known for *The Curious Incident of the Dog in the Night-Tim*e (2003). He won the Whitbread Award, the Dolly Gray Children's Literature Award, the Guardian Prize, and a Commonwealth Writers' Prize for his work.",True,/works/OL2965102W
The Da Vinci Code,Dan Brown,Dan Brown,1,Mystery,Mystery,"Suspense & Thriller, Spiritual Fiction, Hieros gamos",2003,2000,2000+,23,203,Classic/Bestseller,True,,,,False,,,,,,,,,,,Unknown,,Not available,False,/works/OL76837W
The Dead Alive,Wilkie Collins,Wilkie Collins,1,Mystery,Mystery,"Fiction, Mystery, Legal",1874,1870,Pre-1900,152,114,Classic/Bestseller,True,,,,False,,,,,,,,,,,Unknown,,Not available,False,/works/OL176060W
The Drowning Pool,Ross Macdonald,Ross Macdonald,1,Mystery,Mystery,"Fiction, Lew Archer (Fictitious character), Private investigators",1950,1950,1950–1999,76,36,Popular,True,4.67,3.0,285.0,True,Medium (200–350),11.0,0.0,2.0,13.0,1.0,,,,,Unknown,,Not available,True,/works/OL2460957W
The Evil Genius. A Domestis Story,Wilkie Collins,Wilkie Collins,1,Mystery,Mystery,"Mystery, Fiction, General",,,,,103,Classic/Bestseller,True,3.5,2.0,330.0,False,Medium (200–350),19.0,0.0,2.0,21.0,1.0,,,,,Unknown,,Not available,True,/works/OL176021W
The Final Detail,Harlan Coben,Harlan Coben,1,Mystery,Mystery,"Mystery, Sports agents, Fiction",1999,1990,1950–1999,27,31,Popular,True,3.33,3.0,464.0,False,Long (350–500),29.0,0.0,8.0,37.0,1.0,,,,,Unknown,,Not available,True,/works/OL79333W
The Firm,John Grisham,John Grisham,1,Mystery,Mystery,"Certified Public Accountants, Bar examinations, Funerals",1991,1990,1950–1999,35,94,Popular,True,4.0,22.0,443.0,False,Long (350–500),364.0,28.0,66.0,458.0,0.702,,,,,Unknown,,Not available,True,/works/OL76972W
The Four Pools Mystery,Jean Webster,Jean Webster,1,Mystery,Mystery,"Fiction, Mystery & detective, General, New york (n.y.)",1908,1900,1900–1949,118,98,Popular,True,,,285.0,True,Medium (200–350),4.0,1.0,1.0,6.0,0.5,1876,1876,1916,1916,Deceased,32,Not available,True,/works/OL4322161W
The Franchise Affair (Inspector Alan Grant #3),Josephine Tey,Josephine Tey,1,Mystery,Mystery,"Fiction, Mystery",1948,1940,1900–1949,78,105,Classic/Bestseller,True,3.62,8.0,285.0,True,Medium (200–350),29.0,2.0,22.0,53.0,0.917,1896-07-25,1896,1952-02-13,1952,Deceased,52,"Josephine Tey is one of the best-known and best-loved of all crime writers. She began to write full-time after the successful publication of her first novel, The Man in the Queue (1929), which introduced Inspector Grant of Scotland Yard. In 1937 she returned to crime writing with A Shilling for Cand",True,/works/OL80946W
The Frozen Deep,"Wilkie Collins, George du Maurier, James Mahoney, Charles Dickens, Richard Brydges Beechey, John Everett Millais, J. Mahony",Wilkie Collins,7,Mystery,Mystery,"English Detective and mystery stories, Fiction, Mystery",,,,,99,Popular,True,4.0,1.0,285.0,True,Medium (200–350),11.0,0.0,1.0,12.0,1.0,,,,,Unknown,,Not available,True,/works/OL176074W
The Green Mile,Stephen King,Stephen King,1,Mystery,Mystery,"Horror fiction, Fiction, Death row inmates",1996,1990,1950–1999,30,91,Popular,True,4.31,110.0,556.0,False,Epic (500+),1510.0,80.0,233.0,1823.0,0.744,,,,,Unknown,,Not available,True,/works/OL81629W
The Guardian Angel,"Oliver Wendell Holmes, Sr.",Oliver Wendell Holmes,2,Mystery,Mystery,"Classic Literature, Fiction, Historical Fiction",1867,1860,Pre-1900,159,30,Popular,True,,,420.0,False,Long (350–500),3.0,0.0,0.0,3.0,,,,,,Unknown,,Not available,True,/works/OL1109042W
The Guilty River,Wilkie Collins,Wilkie Collins,1,Mystery,Mystery,"Fiction, Mystery, Classic Literature",1886,1880,Pre-1900,140,126,Classic/Bestseller,True,,,,False,,,,,,,,,,,Unknown,,Not available,False,/works/OL176066W
The Hidden Staircase,Leslie McFarlane,Leslie McFarlane,1,Mystery,Mystery,"Detective and mystery stories, Fiction, Juvenile fiction",1930,1930,1900–1949,96,43,Popular,True,3.73,26.0,128.0,False,Short (<200),330.0,35.0,56.0,421.0,0.615,1902-10-25,1902,1977-09-06,1977,Deceased,28,"Charles Leslie McFarlane (October 25, 1902 – September 6, 1977) was a Canadian journalist, novelist, screenwriter, and filmmaker, who is most famous for ghostwriting many of the early books in the very successful Hardy Boys series, using the pseudonym Franklin W. Dixon, and the Nancy Drew series und",True,/works/OL39160W
The Hollow,Agatha Christie,Agatha Christie,1,Mystery,Mystery,"Fiction, Hercule Poirot (Fictitious character), Private investigators",1946,1940,1900–1949,80,107,Classic/Bestseller,True,,,285.0,True,Medium (200–350),149.0,11.0,37.0,197.0,0.771,,,,,Unknown,,Not available,True,/works/OL472526W
The Hound of the Baskervilles,Arthur Conan Doyle,Arthur Conan Doyle,1,Mystery,Mystery,"Crime novel, English Civil War, Mires",,,,,1309,Classic/Bestseller,True,,,,False,,,,,,,,,,,Unknown,,Not available,False,/works/OL262454W
The House in Lordship Lane,A. E. W. Mason,A. E. W. Mason,1,Mystery,Mystery,"Inspector Hanaud (fictional character), Mystery, Fiction, Mystery & detective, General",1946,1940,1900–1949,80,56,Popular,False,,,285.0,True,Medium (200–350),1.0,0.0,0.0,1.0,,1865,1865,1948,1948,Deceased,81,Not available,True,/works/OL532435W
The House on the Cliff,Leslie McFarlane,Leslie McFarlane,1,Mystery,Mystery,"Fiction, Juvenile Fiction, Mystery",1927,1920,1900–1949,99,34,Popular,True,4.17,6.0,156.0,False,Short (<200),62.0,3.0,24.0,89.0,0.889,1902-10-25,1902,1977-09-06,1977,Deceased,25,"Charles Leslie McFarlane (October 25, 1902 – September 6, 1977) was a Canadian journalist, novelist, screenwriter, and filmmaker, who is most famous for ghostwriting many of the early books in the very successful Hardy Boys series, using the pseudonym Franklin W. Dixon, and the Nancy Drew series und",True,/works/OL47927W
The Ivy Tree,Mary Stewart,Mary Stewart,1,Mystery,Mystery,"Missing persons, False personation, Fiction",1961,1960,1950–1999,65,33,Popular,True,4.5,14.0,285.0,True,Medium (200–350),78.0,3.0,23.0,104.0,0.885,,,,,Unknown,,Not available,True,/works/OL213274W
The Labours of Hercules,Agatha Christie,Agatha Christie,1,Mystery,Mystery,"Fiction, Hercule Poirot (Fictitious character), Private investigators",1947,1940,1900–1949,79,89,Popular,True,4.22,9.0,255.0,False,Medium (200–350),74.0,1.0,28.0,103.0,0.966,,,,,Unknown,,Not available,True,/works/OL471948W
The Law and the Lady,"Wilkie Collins, Camille de Cendrey, Jenny Bourne Taylor",Wilkie Collins,3,Mystery,Mystery,"Classic Literature, Fiction, Mystery",1875,1870,Pre-1900,151,384,Classic/Bestseller,True,,,,False,,,,,,,,,,,Unknown,,Not available,False,/works/OL176081W
The Lighthouse,P. D. James,P. D. James,1,Mystery,Mystery,"Murder, Police, Investigation",2005,2000,2000+,21,32,Popular,True,4.0,3.0,285.0,True,Medium (200–350),22.0,2.0,10.0,34.0,0.833,,,,,Unknown,,Not available,True,/works/OL510888W
The Listerdale Mystery,Agatha Christie,Agatha Christie,1,Mystery,Mystery,"Mystery, Fiction, English literature",1934,1930,1900–1949,92,48,Popular,True,4.5,2.0,272.0,False,Medium (200–350),18.0,3.0,9.0,30.0,0.75,,,,,Unknown,,Not available,True,/works/OL472540W
The Lodger,Marie Belloc Lowndes,Marie Belloc Lowndes,1,Mystery,Mystery,"Classic Literature, Fiction, Serial murders",1913,1910,1900–1949,113,163,Classic/Bestseller,True,,,,False,,,,,,,,,,,Unknown,,Not available,False,/works/OL1172118W
The Man Who Was Thursday,Gilbert Keith Chesterton,Gilbert Keith Chesterton,1,Mystery,Mystery,"Anarchists, Novela de misterio, Police",1908,1900,1900–1949,118,1105,Classic/Bestseller,True,,,,False,,,,,,,,,,,Unknown,,Not available,False,/works/OL76487W
The Man in the Brown Suit,Agatha Christie,Agatha Christie,1,Mystery,Mystery,"Fiction, Mystery, English literature",1924,1920,1900–1949,102,201,Classic/Bestseller,True,,,,False,,,,,,,,,,,Unknown,,Not available,False,/works/OL472549W
The Midwich Cuckoos,John Wyndham,John Wyndham,1,Mystery,Mystery,"Mystery, Literature, Science Fiction & Fantasy",1957,1950,1950–1999,69,35,Popular,True,3.89,9.0,189.0,False,Short (<200),52.0,4.0,21.0,77.0,0.84,1903-07-10,1903,1969-03-11,1969,Deceased,54,"John Wyndham Parkes Lucas Beynon Harris (10 July 1903 – 11 March 1969) was an English science fiction writer best known for his works written using the pen name John Wyndham, although he also used other combinations of his names, such as John Beynon and Lucas Parkes. Some of his works were set in po",True,/works/OL1911335W
The Mirror Crack'd from Side to Side,Agatha Christie,Agatha Christie,1,Mystery,Mystery,"Fiction, Mystery, Jane Marple (Fictitious character)",1960,1960,1950–1999,66,126,Classic/Bestseller,True,,,,False,,,,,,,,,,,Unknown,,Not available,False,/works/OL471990W
The Moon-Spinners,Mary Stewart,Mary Stewart,1,Mystery,Mystery,"Fiction, General, Romans, Nouvelles",1962,1960,1950–1999,64,33,Popular,True,4.55,11.0,384.0,False,Long (350–500),86.0,5.0,20.0,111.0,0.8,,,,,Unknown,,Not available,True,/works/OL213273W
The Moving Finger,Agatha Christie,Agatha Christie,1,Mystery,Mystery,"Fiction, Women detectives, Jane Marple (Fictitious character)",1942,1940,1900–1949,84,115,Classic/Bestseller,True,,,,False,,,,,,,,,,,Unknown,,Not available,False,/works/OL471905W
The Murder Room,P. D. James,P. D. James,1,Mystery,Mystery,"Mystery, Detective and mystery stories, Police",1775,1770,Pre-1900,251,40,Popular,True,4.0,3.0,512.0,False,Epic (500+),18.0,1.0,9.0,28.0,0.9,,,,,Unknown,,Not available,True,/works/OL510896W
The Murder at the Vicarage,Agatha Christie,Agatha Christie,1,Mystery,Mystery,"Women detectives, Fiction, Classic",1930,1930,1900–1949,96,127,Classic/Bestseller,True,,,,False,,,,,,,,,,,Unknown,,Not available,False,/works/OL471895W
The Murder of Roger Ackroyd,Agatha Christie,Agatha Christie,1,Mystery,Mystery,"Detective fiction, Mystery, Murder",1926,1920,1900–1949,100,221,Classic/Bestseller,True,,,,False,,,,,,,,,,,Unknown,,Not available,False,/works/OL471932W
The Mysterious Key And What It Opened,Louisa May Alcott,Louisa May Alcott,1,Mystery,Mystery,"Fiction, Mystery, Thrillers, General",2004,2000,2000+,22,129,Classic/Bestseller,False,,,,False,,,,,,,,,,,Unknown,,Not available,False,/works/OL30040W
The Mystery at Lilac Inn,Leslie McFarlane,Leslie McFarlane,1,Mystery,Mystery,"Drew, Nancy (fictitious character), Fiction, Mystery and detective stories, Children's fiction",1930,1930,1900–1949,96,31,Popular,True,3.9,10.0,156.0,False,Short (<200),71.0,5.0,32.0,108.0,0.865,1902-10-25,1902,1977-09-06,1977,Deceased,28,"Charles Leslie McFarlane (October 25, 1902 – September 6, 1977) was a Canadian journalist, novelist, screenwriter, and filmmaker, who is most famous for ghostwriting many of the early books in the very successful Hardy Boys series, using the pseudonym Franklin W. Dixon, and the Nancy Drew series und",True,/works/OL39241W
The Mystery of the Blue Train,Agatha Christie,Agatha Christie,1,Mystery,Mystery,"Crimes against, Detective and mystery stories, Divorce",1928,1920,1900–1949,98,124,Classic/Bestseller,True,,,,False,,,,,,,,,,,Unknown,,Not available,False,/works/OL471603W
The Name of the Wind,"Patrick Rothfuss, Marc Simonetti",Patrick Rothfuss,2,Mystery,Mystery,"Orphans, American fantasy fiction, Adult books for young adults",2007,2000,2000+,19,76,Popular,True,4.34,255.0,736.0,False,Epic (500+),1244.0,78.0,345.0,1667.0,0.816,1973-06-06,1973,,,Living,34,"Patrick Rothfuss (born June 6, 1973) is an American author, best known for his epic fantasy series *The Kingkiller Chronicle*. Born in Madison, Wisconsin, he matriculated at the University of Wisconsin-Stevens Point, initially studying chemical engineering before switching to English.

Rothfuss sp",True,/works/OL8479867W
The Naming of the Dead (An Inspector Rebus),Ian Rankin,Ian Rankin,1,Mystery,Mystery,"Detective and mystery stories, Police, Inspector Rebus (Fictitious character)",2006,2000,2000+,20,31,Popular,True,4.0,5.0,285.0,True,Medium (200–350),11.0,0.0,7.0,18.0,1.0,,,,,Unknown,,Not available,True,/works/OL483762W
The New York Trilogy,Paul Auster,Paul Auster,1,Mystery,Mystery,"Fiction, City and town life, Social life and customs",1987,1980,1950–1999,39,70,Popular,True,4.16,19.0,314.0,False,Medium (200–350),116.0,7.0,39.0,162.0,0.848,1947-02-03,1947,2024-04-30,2024,Deceased,40,"Paul Benjamin Auster (February 3, 1947 – April 30, 2024) was an American writer, novelist, memoirist, poet, and filmmaker. His notable works include *The New York Trilogy* (1987), *Moon Palace* (1989), *The Music of Chance* (1990), *The Book of Illusions* (2002), *The Brooklyn Follies* (2005), *Invi",True,/works/OL1682133W
The Nine Tailors,Dorothy L. Sayers,Dorothy L. Sayers,1,Mystery,Mystery,"Fiction, Private investigators, Lord Wimsey, Peter (Fictitious character)",1934,1930,1900–1949,92,69,Popular,True,3.83,6.0,285.0,True,Medium (200–350),97.0,8.0,15.0,120.0,0.652,,,,,Unknown,,Not available,True,/works/OL2234946W
The Outsider,Stephen King,Stephen King,1,Mystery,Mystery,"Murder, Rape victims, Alibi",2018,2010,2000+,8,31,Popular,True,3.73,15.0,475.0,False,Long (350–500),129.0,3.0,25.0,157.0,0.893,,,,,Unknown,,Not available,True,/works/OL17937105W
The Pale Horse,Agatha Christie,Agatha Christie,1,Mystery,Mystery,"English Detective and mystery stories, Fiction, Mystery",1952,1950,1950–1999,74,73,Popular,True,3.8,5.0,306.0,False,Medium (200–350),64.0,6.0,19.0,89.0,0.76,,,,,Unknown,,Not available,True,/works/OL471919W
The Paradise Mystery,Joseph Smith Fletcher,Joseph Smith Fletcher,1,Mystery,Mystery,"Classic Literature, Fiction, Mystery",1920,1920,1900–1949,106,174,Classic/Bestseller,True,,,,False,,,,,,,,,,,Unknown,,Not available,False,/works/OL1797752W
The Partner,John Grisham,John Grisham,1,Mystery,Mystery,"Judges, Apparent Death, Fiction",1997,1990,1950–1999,29,72,Popular,True,3.3,10.0,398.0,False,Long (350–500),149.0,21.0,35.0,205.0,0.625,,,,,Unknown,,Not available,True,/works/OL77004W
The Pelican Brief,John Grisham,John Grisham,1,Mystery,Mystery,"White House Chief of Staff, Central Intelligence Agency, Law firms",1992,1990,1950–1999,34,82,Popular,True,3.78,27.0,285.0,True,Medium (200–350),181.0,11.0,62.0,254.0,0.849,,,,,Unknown,,Not available,True,/works/OL76965W
The Queen of Hearts,Wilkie Collins,Wilkie Collins,1,Mystery,Mystery,"Fiction, Mystery, British and irish fiction (fictional works by one author)",1859,1850,Pre-1900,167,141,Classic/Bestseller,True,,,,False,,,,,,,,,,,Unknown,,Not available,False,/works/OL176073W
The Quest of the Sacred Slipper,Sax Rohmer,Sax Rohmer,1,Mystery,Mystery,"Classic Literature, Fiction, Mystery",1914,1910,1900–1949,112,37,Popular,True,,,285.0,True,Medium (200–350),1.0,0.0,0.0,1.0,,,,,,Unknown,,Not available,True,/works/OL2288674W
The Quickie,"James Patterson, Michael Ledwidge",James Patterson,2,Mystery,Mystery,"Fiction, Murder, Policewomen in fiction",2007,2000,2000+,19,34,Popular,True,5.0,2.0,368.0,False,Long (350–500),57.0,3.0,12.0,72.0,0.8,,,,,Unknown,,Not available,True,/works/OL167152W
The Remorseful Day,Colin Dexter,Colin Dexter,1,Mystery,Mystery,"Mystery, Detective and mystery stories, Police",1999,1990,1950–1999,27,30,Popular,True,3.0,3.0,388.0,False,Long (350–500),9.0,1.0,4.0,14.0,0.8,,,,,Unknown,,Not available,True,/works/OL43030827W
The Ritual Bath,Faye Kellerman,Faye Kellerman,1,Mystery,Mystery,"Fiction, Jewish women, Police",1986,1980,1950–1999,40,32,Popular,True,2.75,4.0,220.0,False,Medium (200–350),17.0,2.0,11.0,30.0,0.846,,,,,Unknown,,Not available,True,/works/OL462938W
The Runaway Jury,John Grisham,John Grisham,1,Mystery,Mystery,"Fiction, Jury in fiction, Jury",1996,1990,1950–1999,30,82,Popular,True,3.68,31.0,468.0,False,Long (350–500),175.0,13.0,58.0,246.0,0.817,,,,,Unknown,,Not available,True,/works/OL76984W
The Secret Adversary,Agatha Christie,Agatha Christie,1,Mystery,Mystery,"Classic Literature, English language, Fiction",1922,1920,1900–1949,104,800,Classic/Bestseller,True,,,,False,,,,,,,,,,,Unknown,,Not available,False,/works/OL471789W
The Secret at Shadow Ranch,Leslie McFarlane,Leslie McFarlane,1,Mystery,Mystery,"Detective and mystery stories, Juvenile literature, Mystery and detective stories",1931,1930,1900–1949,95,41,Popular,True,4.22,9.0,184.0,False,Short (<200),103.0,14.0,23.0,140.0,0.622,1902-10-25,1902,1977-09-06,1977,Deceased,29,"Charles Leslie McFarlane (October 25, 1902 – September 6, 1977) was a Canadian journalist, novelist, screenwriter, and filmmaker, who is most famous for ghostwriting many of the early books in the very successful Hardy Boys series, using the pseudonym Franklin W. Dixon, and the Nancy Drew series und",True,/works/OL39394W
The Secret of Chimneys,Agatha Christie,Agatha Christie,1,Mystery,Mystery,"Fiction, Mystery, Superintendent Battle (Fictitious character)",1925,1920,1900–1949,101,121,Classic/Bestseller,True,,,,False,,,,,,,,,,,Unknown,,Not available,False,/works/OL472542W
The Secret of the Old Clock,Leslie McFarlane,Leslie McFarlane,1,Mystery,Mystery,"American Detective and mystery stories, Children's stories, American, Detective and mystery stories",1930,1930,1900–1949,96,41,Popular,True,4.14,22.0,198.0,False,Short (<200),219.0,30.0,53.0,302.0,0.639,1902-10-25,1902,1977-09-06,1977,Deceased,28,"Charles Leslie McFarlane (October 25, 1902 – September 6, 1977) was a Canadian journalist, novelist, screenwriter, and filmmaker, who is most famous for ghostwriting many of the early books in the very successful Hardy Boys series, using the pseudonym Franklin W. Dixon, and the Nancy Drew series und",True,/works/OL39275W
The Seven Dials Mystery,Agatha Christie,Agatha Christie,1,Mystery,Mystery,"English Detective and mystery stories, Fiction, Mystery",1920,1920,1900–1949,106,91,Popular,True,4.2,10.0,150.0,False,Short (<200),113.0,5.0,35.0,153.0,0.875,,,,,Unknown,,Not available,True,/works/OL471784W
The Shore Road Mystery,Leslie McFarlane,Leslie McFarlane,1,Mystery,Mystery,"Detective and mystery stories, Fiction, Hardy Boys (Fictitious characters)",1928,1920,1900–1949,98,31,Popular,True,4.67,3.0,160.0,False,Short (<200),65.0,6.0,14.0,85.0,0.7,1902-10-25,1902,1977-09-06,1977,Deceased,26,"Charles Leslie McFarlane (October 25, 1902 – September 6, 1977) was a Canadian journalist, novelist, screenwriter, and filmmaker, who is most famous for ghostwriting many of the early books in the very successful Hardy Boys series, using the pseudonym Franklin W. Dixon, and the Nancy Drew series und",True,/works/OL47933W
The Sirens of Titan,"Kurt Vonnegut, William Teason, Richard M. Powers",Kurt Vonnegut,3,Mystery,Mystery,"Ciencia-ficción, Classic Literature, Fiction",1959,1950,1950–1999,67,62,Popular,True,,,209.0,False,Medium (200–350),199.0,13.0,31.0,243.0,0.705,1922-11-11,1922,2007-04-11,2007,Deceased,37,"Kurt Vonnegut, Jr. was an American novelist who wrote works blending satire, black comedy, and science fiction, such as [*Slaughterhouse-Five* (1969)][1], [*Cat's Cradle* (1963)][2], and [*Breakfast of Champions* (1973)][3]. He was known for his humanist beliefs as well as being honorary president o",True,/works/OL98485W
The Sittaford Mystery,Agatha Christie,Agatha Christie,1,Mystery,Mystery,"English Detective and mystery stories, Detective and mystery stories, Murder",1931,1930,1900–1949,95,90,Popular,True,3.27,11.0,452.0,False,Long (350–500),139.0,7.0,39.0,185.0,0.848,,,,,Unknown,,Not available,True,/works/OL471664W
The Skull Beneath the Skin,P. D. James,P. D. James,1,Mystery,Mystery,"Fiction, Cordelia Gray (Fictitious character), Women private investigators",1982,1980,1950–1999,44,51,Popular,True,3.5,6.0,414.0,False,Long (350–500),17.0,0.0,8.0,25.0,1.0,,,,,Unknown,,Not available,True,/works/OL510887W
The Street Lawyer,John Grisham,John Grisham,1,Mystery,Mystery,"Fiction, Legal stories, Lawyers",1989,1980,1950–1999,37,59,Popular,True,3.85,20.0,334.0,False,Medium (200–350),165.0,17.0,43.0,225.0,0.717,,,,,Unknown,,Not available,True,/works/OL77014W
The Summons,John Grisham,John Grisham,1,Mystery,Mystery,"Mississippi in fiction, Mystery, Cuentos jurídicos",2002,2000,2000+,24,55,Popular,True,3.35,17.0,344.0,False,Medium (200–350),117.0,7.0,30.0,154.0,0.811,,,,,Unknown,,Not available,True,/works/OL77016W
The Talleyrand Maxim,Joseph Smith Fletcher,Joseph Smith Fletcher,1,Mystery,Mystery,"Fiction, Mystery & detective, General, Thrillers, Suspense, Wills in fiction",1920,1920,1900–1949,106,115,Classic/Bestseller,True,,,,False,,,,,,,,,,,Unknown,,Not available,False,/works/OL1797757W
The Thirteen Problems,Agatha Christie,Agatha Christie,1,Mystery,Mystery,"Jane Marple (Fictitious character), Fiction, Mystery",1932,1930,1900–1949,94,93,Popular,True,3.83,12.0,175.0,False,Short (<200),153.0,11.0,44.0,208.0,0.8,,,,,Unknown,,Not available,True,/works/OL471921W
The Tiger in the Smoke,Margery Allingham,Margery Allingham,1,Mystery,Mystery,"Albert Campion (Fictitious character), Mystery, Private investigators",1952,1950,1950–1999,74,57,Popular,True,4.0,1.0,294.0,False,Medium (200–350),37.0,4.0,11.0,52.0,0.733,1904-05-20,1904,1966-06-30,1966,Deceased,48,"Margery Louise Allingham was an English writer of detective fiction, best remembered for her ""golden age"" stories featuring gentleman sleuth Albert Campion. - Wikipedia",True,/works/OL2004314W
The Unfinished Clue,Georgette Heyer,Georgette Heyer,1,Mystery,Mystery,"Mystery, Police, Contemporary",1934,1930,1900–1949,92,31,Popular,True,4.5,2.0,285.0,True,Medium (200–350),42.0,0.0,15.0,57.0,1.0,1902-08-16,1902,1974-07-04,1974,Deceased,32,"Georgette Heyer was born on 16 August 1902 in Wimbledon, London, England, UK. She was the eldest child of Sylvia Watkins and George Heyer; her brother George Boris was born four years later, and her brother Frank nine years later. During her childhood, the family lived also in Paris, France, but the",True,/works/OL4092672W
The Way the Crow Flies,Ann-Marie MacDonald,Ann-Marie MacDonald,1,Mystery,Mystery,"Fiction, Historical, General, Ontario, Cold War",2003,2000,2000+,23,32,Popular,True,4.0,1.0,1067.0,False,Epic (500+),14.0,2.0,1.0,17.0,0.333,,,,,Unknown,,Not available,True,/works/OL264851W
The cask,Freeman Wills Crofts,Freeman Wills Crofts,1,Mystery,Mystery,"British and irish fiction (fictional works by one author), Mystery, Detective",1920,1920,1900–1949,106,45,Popular,True,4.0,1.0,319.0,False,Medium (200–350),8.0,0.0,6.0,14.0,1.0,1879-06-01,1879,1957-04-11,1957,Deceased,41,"Freeman Wills Crofts was born in Dublin, the son of a deceased Army Medical Service surgeon-lieutenant. His mother re-married Jonathan Harding, the Vicar of Gilford, and Crofts spent his childhood in the Gilford vicarage. He attended Methodist College and Campbell College in Belfast. At age eighteen",True,/works/OL5204285W
The daffodil murder,Edgar Wallace,Edgar Wallace,1,Mystery,Mystery,"Fiction, Mystery, Mystery & detective, General",1921,1920,1900–1949,105,137,Classic/Bestseller,True,,,,False,,,,,,,,,,,Unknown,,Not available,False,/works/OL1517945W
The dead secret,Wilkie Collins,Wilkie Collins,1,Mystery,Mystery,"Fiction, Social life and customs, Inheritance and succession",1857,1850,Pre-1900,169,167,Classic/Bestseller,True,,,,False,,,,,,,,,,,Unknown,,Not available,False,/works/OL176087W
The edge,Dick Francis,Dick Francis,1,Mystery,Mystery,"Fiction, Horse racing, Railroad travel",1988,1980,1950–1999,38,31,Popular,True,,,324.0,False,Medium (200–350),,,,,,,,,,Unknown,,Not available,False,/works/OL463339W
The gold coast,Nelson DeMille,Nelson DeMille,1,Mystery,Mystery,"Fiction, Thrillers, Espionage, New jersey, Mystery & detective, General",1990,1990,1950–1999,36,43,Popular,True,4.0,3.0,510.0,False,Epic (500+),10.0,2.0,7.0,19.0,0.778,,,,,Unknown,,Not available,True,/works/OL22903W
The house by the church-yard,Sheridan Le Fanu,Sheridan Le Fanu,1,Mystery,Mystery,"Ireland in fiction, Fiction, Historical, General",1863,1860,Pre-1900,163,118,Classic/Bestseller,True,,,,False,,,,,,,,,,,Unknown,,Not available,False,/works/OL2895540W
The legacy of Cain,Wilkie Collins,Wilkie Collins,1,Mystery,Mystery,"Fiction, Fathers and daughters, Clergy in fiction",1859,1850,Pre-1900,167,187,Classic/Bestseller,True,,,,False,,,,,,,,,,,Unknown,,Not available,False,/works/OL176076W
The magic Faraway Tree,Enid Blyton,Enid Blyton,1,Mystery,Mystery,"Children's stories, Children's fiction, Faraway tree (imaginary place), Fiction",1943,1940,1900–1949,83,48,Popular,True,4.1,21.0,116.0,False,Short (<200),308.0,22.0,41.0,371.0,0.651,,,,,Unknown,,Not available,True,/works/OL1948587W
The mysterious Mr Quin,Agatha Christie,Agatha Christie,1,Mystery,Mystery,"Mystery, English Detective and mystery stories, Fiction",1930,1930,1900–1949,96,71,Popular,True,4.0,1.0,486.0,False,Long (350–500),72.0,1.0,15.0,88.0,0.938,,,,,Unknown,,Not available,True,/works/OL472043W
The mystery of Edwin Drood,"Charles Dickens, Samuel Luke Fildes, Charles Bernard Derosne, TC, John Cuming Walters",Charles Dickens,5,Mystery,Mystery,"Missing persons, Triangles (Interpersonal relations), Fiction",1870,1870,Pre-1900,156,598,Classic/Bestseller,True,,,,False,,,,,,,,,,,Unknown,,Not available,False,/works/OL8763148W
The secret of the old mill,"Leslie McFarlane, Tony Carpentieri",Leslie McFarlane,2,Mystery,Mystery,"Counterfeits and counterfeiting, Detective and mystery stories, Fiction",1927,1920,1900–1949,99,31,Popular,True,3.83,6.0,,False,,,,,,,1902-10-25,1902,1977-09-06,1977,Deceased,25,"Charles Leslie McFarlane (October 25, 1902 – September 6, 1977) was a Canadian journalist, novelist, screenwriter, and filmmaker, who is most famous for ghostwriting many of the early books in the very successful Hardy Boys series, using the pseudonym Franklin W. Dixon, and the Nancy Drew series und",False,/works/OL47910W
The summer of the Danes,Edith Pargeter,Edith Pargeter,1,Mystery,Mystery,"Catholics, Detective and mystery stories, Herbalists",1991,1990,1950–1999,35,35,Popular,True,3.0,1.0,351.0,False,Long (350–500),12.0,1.0,9.0,22.0,0.9,1913,1913,1995,1995,Deceased,78,"Edith Mary Pargeter OBE BEM (28 September 1913 – 14 October 1995), also known by her pen name Ellis Peters, was an English author of works in many categories, especially history and historical fiction, and was also honoured for her translations of Czech classics. She is probably best known for her m",True,/works/OL40289W
The tower treasure,Leslie McFarlane,Leslie McFarlane,1,Mystery,Mystery,"Children's stories, Mystery and detective stories, Siblings",1927,1920,1900–1949,99,46,Popular,True,3.5,14.0,159.0,False,Short (<200),191.0,27.0,40.0,258.0,0.597,1902-10-25,1902,1977-09-06,1977,Deceased,25,"Charles Leslie McFarlane (October 25, 1902 – September 6, 1977) was a Canadian journalist, novelist, screenwriter, and filmmaker, who is most famous for ghostwriting many of the early books in the very successful Hardy Boys series, using the pseudonym Franklin W. Dixon, and the Nancy Drew series und",True,/works/OL47915W
The two destinies,Wilkie Collins,Wilkie Collins,1,Mystery,Mystery,"Fiction, Mystery, Married people",1876,1870,Pre-1900,150,89,Popular,True,3.0,2.0,98.0,False,Short (<200),2.0,1.0,2.0,5.0,0.667,,,,,Unknown,,Not available,True,/works/OL176082W
The witness for the defence,A. E. W. Mason,A. E. W. Mason,1,Mystery,Mystery,"Courtroom drama, Mystery, Fiction, Mystery & detective, General",1913,1910,1900–1949,113,45,Popular,True,4.0,1.0,232.0,False,Medium (200–350),4.0,0.0,2.0,6.0,1.0,1865,1865,1948,1948,Deceased,48,Not available,True,/works/OL532449W
They Came to Baghdad,Agatha Christie,Agatha Christie,1,Mystery,Mystery,"English Spy stories, Fiction, Mystery",1951,1950,1950–1999,75,95,Popular,True,4.67,3.0,388.0,False,Long (350–500),98.0,5.0,17.0,120.0,0.773,,,,,Unknown,,Not available,True,/works/OL472215W
They Do It with Mirrors,Agatha Christie,Agatha Christie,1,Mystery,Mystery,"Fiction, Jane Marple (Fictitious character), Women detectives",1952,1950,1950–1999,74,114,Classic/Bestseller,True,,,,False,,,,,,,,,,,Unknown,,Not available,False,/works/OL471871W
Third Girl,Agatha Christie,Agatha Christie,1,Mystery,Mystery,"Fiction, Mystery, Belgians",1966,1960,1950–1999,60,99,Popular,True,3.43,7.0,272.0,False,Medium (200–350),103.0,7.0,34.0,144.0,0.829,,,,,Unknown,,Not available,True,/works/OL472536W
Thirteen reasons why,Jay Asher,Jay Asher,1,Mystery,Mystery,"Mystery, Nyt:paperback_books=2011-06-11, Suicide",2007,2000,2000+,19,32,Popular,True,,,285.0,True,Medium (200–350),1018.0,66.0,153.0,1237.0,0.699,1975,1975,,,Living,32,Not available,True,/works/OL9264548W
Trent's Last Case,E. C. Bentley,E. C. Bentley,1,Mystery,Mystery,"Fiction, General, Mystery & detective",,,,,356,Classic/Bestseller,True,,,,False,,,,,,,,,,,Unknown,,Not available,False,/works/OL1315930W
Unnatural Death,Dorothy L. Sayers,Dorothy L. Sayers,1,Mystery,Mystery,"Private investigators, Lord Wimsey, Peter (Fictitious character)",1927,1920,1900–1949,99,73,Popular,True,4.25,12.0,285.0,False,Medium (200–350),31.0,2.0,23.0,56.0,0.92,,,,,Unknown,,Not available,True,/works/OL2234912W
Villospår,Henning Mankell,Henning Mankell,1,Mystery,Mystery,"Mystery, Literature, Fiction",1995,1990,1950–1999,31,31,Popular,True,4.07,15.0,506.0,False,Epic (500+),29.0,2.0,23.0,54.0,0.92,,,,,Unknown,,Not available,True,/works/OL158689W
We Have Always Lived in the Castle,"Shirley Jackson, Bernadette Dunne",Shirley Jackson,2,Mystery,Mystery,"Mystery, First-person narrative, Fiction",1962,1960,1950–1999,64,39,Popular,True,4.34,59.0,158.0,False,Short (<200),465.0,17.0,107.0,589.0,0.863,1872-09-28,1872,1947-12-05,1947,Deceased,90,Not available,True,/works/OL3171087W
"Weep No More, My Lady",Mary Higgins Clark,Mary Higgins Clark,1,Mystery,Mystery,"Detective and mystery stories, Lottery winners",1987,1980,1950–1999,39,38,Popular,True,3.0,7.0,320.0,False,Medium (200–350),137.0,16.0,20.0,173.0,0.556,1927-12-24,1927,2020-01-31,2020,Deceased,60,"The #1 New York Times bestselling author Mary Higgins Clark has written thirty-eight suspense novels, four collections of short stories, a his­torical novel, a memoir, and two children’s books. With bestselling author Alafair Burke she writes the Under Suspicion series including The Cinderella Murde",True,/works/OL13076W
Whose Body?,Dorothy L. Sayers,Dorothy L. Sayers,1,Mystery,Mystery,"Mystery, Detectives, Lord Wimsey, Peter (Fictitious character)",1923,1920,1900–1949,103,319,Classic/Bestseller,True,,,,False,,,,,,,,,,,Unknown,,Not available,False,/works/OL2234917W
Why shoot a butler?,Georgette Heyer,Georgette Heyer,1,Mystery,Mystery,"1930s, Contemporary, Suspense",1933,1930,1900–1949,93,41,Popular,True,3.0,3.0,285.0,True,Medium (200–350),39.0,1.0,17.0,57.0,0.944,1902-08-16,1902,1974-07-04,1974,Deceased,31,"Georgette Heyer was born on 16 August 1902 in Wimbledon, London, England, UK. She was the eldest child of Sylvia Watkins and George Heyer; her brother George Boris was born four years later, and her brother Frank nine years later. During her childhood, the family lived also in Paris, France, but the",True,/works/OL4092687W
Wolf to the Slaughter,Ruth Rendell,Ruth Rendell,1,Mystery,Mystery,"Fiction, Police, Inspector Wexford (Fictitious character)",1878,1870,Pre-1900,148,31,Popular,True,4.5,2.0,199.0,False,Short (<200),14.0,0.0,6.0,20.0,1.0,,,,,Unknown,,Not available,True,/works/OL12120W
16 Lighthouse Road,Debbie Macomber,Debbie Macomber,1,Romance,Romance,"Washington (state), Fiction, Romance, Contemporary",2001,2000,2000+,25,31,Popular,True,,,,False,,,,,,,,,,,Unknown,,Not available,False,/works/OL1911536W
"204 Rosewood Lane (Cedar Cove, Book 2)",Debbie Macomber,Debbie Macomber,1,Romance,Romance,"Fiction, Romance, City and town life",2002,2000,2000+,24,32,Popular,True,,,,False,,,,,,,,,,,Unknown,,Not available,False,/works/OL1911337W
"311 Pelican Court (Cedar Cove, Book 3)",Debbie Macomber,Debbie Macomber,1,Romance,Romance,"Mystery, Romance, Private Investigators",2003,2000,2000+,23,27,Popular,True,,,,False,,,,,,,,,,,Unknown,,Not available,False,/works/OL1911338W
"44 Cranberry Point (Cedar Cove, Book 4)",Debbie Macomber,Debbie Macomber,1,Romance,Romance,"North carolina, Fiction, Romance, General",2004,2000,2000+,22,33,Popular,True,,,,False,,,,,,,,,,,Unknown,,Not available,False,/works/OL1911339W
50 Harbor Street,Debbie Macomber,Debbie Macomber,1,Romance,Romance,"Bed and breakfast accommodations, Married people",2004,2000,2000+,22,28,Popular,True,,,,False,,,,,,,,,,,Unknown,,Not available,False,/works/OL1911541W
92 Pacific Boulevard,Debbie Macomber,Debbie Macomber,1,Romance,Romance,"Fiction, Cedar Cove (Wash. : Imaginary place), City and town life",2009,2000,2000+,17,21,Moderate,True,,,,False,,,,,,,,,,,Unknown,,Not available,False,/works/OL1911543W
A Breath of Snow and Ashes,Diana Gabaldon,Diana Gabaldon,1,Romance,Romance,"Fantasy fiction, Fiction",1992,1990,1950–1999,34,25,Moderate,True,,,,False,,,,,,,,,,,Unknown,,Not available,False,/works/OL3261142W
A Court of Thorns and Roses,Sarah J. Maas,Sarah J. Maas,1,Romance,Romance,"Fantasy, Love, Blessing and cursing",2013,2010,2000+,13,38,Popular,True,3.9,145.0,368.5,True,Long (350–500),3898.0,186.0,326.0,4410.0,0.637,1986-03-05,1986,,,Living,27,"Sarah J. Maas is the #1 New York Times and internationally bestselling author of the Crescent City, A Court of Thorns and Roses, and the Throne of Glass series. Her books have sold more than twelve million copies and are published in thirty-seven languages. A New York native, Sarah lives in Philadel",True,/works/OL17352669W
A Good Yarn,Debbie Macomber,Debbie Macomber,1,Romance,Romance,"Fiction, Relationship Novel, Romance",2005,2000,2000+,21,23,Moderate,True,4.0,2.0,384.0,False,Long (350–500),28.0,4.0,10.0,42.0,0.714,,,,,Unknown,,Not available,True,/works/OL1911562W
A Room with a View,E. M. Forster,E. M. Forster,1,Romance,Romance,"British, Fiction, Young women",1905,1900,1900–1949,121,755,Classic/Bestseller,True,3.76,21.0,226.0,False,Medium (200–350),271.0,24.0,38.0,333.0,0.613,1879-01-01,1879,1970-06-07,1970,Deceased,26,"Edward Morgan Forster OM, CH, was an English novelist, short story writer, essayist and librettist. He is known best for his ironic and well-plotted novels examining class difference and hypocrisy and also the attitudes towards gender and homosexuality in early 20th-century British society. Forster'",True,/works/OL88813W
A Torre Negra,Stephen King,Stephen King,1,Romance,Romance,"Thrillers, Supernatural, Dark fantasy",1991,1990,1950–1999,35,71,Popular,True,4.17,87.0,583.0,False,Epic (500+),397.0,20.0,156.0,573.0,0.886,,,,,Unknown,,Not available,True,/works/OL81625W
A Virgin River Christmas,Robyn Carr,Robyn Carr,1,Romance,Romance,"Fiction, Veterans, War widows",2008,2000,2000+,18,20,Moderate,True,,,,False,,,,,,,,,,,Unknown,,Not available,False,/works/OL4279480W
A Woman Called Fancy,"Frank Yerby, Hadasah Shapira",Frank Yerby,2,Romance,Romance,"History, Racism, Post",1951,1950,1950–1999,75,21,Moderate,True,,,,False,,,,,,,1916-09-05,1916,1991-11-29,1991,Deceased,35,"Frank Yerby was born in Augusta, Georgia, the son of a mixed-race marriage (his father was African American and his mother was caucasian). In 1937 he obtained a B.A. in English at Paine College and in 1938 he got an M.A. in English at Fisk University. After university, he taught English at Florida A",False,/works/OL4906751W
A paixão segundo G.H.,Clarice Lispector,Clarice Lispector,1,Romance,Romance,"Romance, Fiction, Brazil",1964,1960,1950–1999,62,30,Popular,True,,,,False,,,,,,,,,,,Unknown,,Not available,False,/works/OL1002138W
A woman of substance,Barbara Taylor Bradford,Barbara Taylor Bradford,1,Romance,Romance,"Fiction, Businesswomen, Fiction in English",1979,1970,1950–1999,47,35,Popular,True,,,,False,,,,,,,1933-05-10,1933,2024-11-24,2024,Deceased,46,"Barbara Taylor Bradford is a best-selling British-American novelist. 
Her debut novel, A Woman of Substance, was published in 1979 and sold over 30 million copies worldwide.
She wrote 39 novels, all bestsellers in England and the United States.",False,/works/OL11375137W
Abel Sánchez,Miguel de Unamuno,Miguel de Unamuno,1,Romance,Romance,"Spanish language, Readers, Continental european fiction (fictional works by one author)",1917,1910,1900–1949,109,108,Classic/Bestseller,True,4.25,4.0,102.0,False,Short (<200),9.0,0.0,4.0,13.0,1.0,1864-09-29,1864,1936-12-31,1936,Deceased,53,"Miguel de Unamuno y Jugo (Bilbao, 29 de septiembre de 1864 - Salamanca, 31 de diciembre de 1936) fue un escritor y filósofo español perteneciente a la generación del 98. En su obra cultivó gran variedad de géneros literarios, incluyendo novela, ensayo, teatro y poesía. Rector de la Universidad de Sa",True,/works/OL503503W
After You,"Jojo Moyes, Ana Momplet Chico, María del Mar López Gil",Jojo Moyes,3,Romance,Romance,"Man-woman relationships, Families, Contemporary women",2014,2010,2000+,12,37,Popular,True,,,,False,,,,,,,1969-08-04,1969,,,Living,45,"Pauline Sara Jo Moyes was born on 4 August 1969 and in Maidstone, Kent, England, UK, but  grew up in London. She was the only child of Elizabeth J. McKee and James C. Moyes. She studied at Royal Holloway, University of London and Bedford New College, London University. She lives on a farmhouse in Gr",False,/works/OL28347181W
All the Bright Places,Jennifer Niven,Jennifer Niven,1,Romance,Romance,"Suicide, Friendship, Emotional problems",2014,2010,2000+,12,26,Popular,True,,,,False,,,,,,,,,,,Unknown,,Not available,False,/works/OL17323489W
American wives and English husbands,Gertrude Atherton,Gertrude Atherton,1,Romance,Romance,"England, English aristocracy, Romance",1898,1890,Pre-1900,128,21,Moderate,True,,,,False,,,,,,,,,,,Unknown,,Not available,False,/works/OL1797267W
Americanah,Chimamanda Ngozi Adichie,Chimamanda Ngozi Adichie,1,Romance,Romance,"Nigerians, Immigrants, Refugees",,,,,58,Popular,True,3.85,46.0,768.0,False,Epic (500+),682.0,45.0,70.0,797.0,0.609,1977,1977,,,Living,,"Chimamanda Ngozi Adichie grew up in Nigeria. Her work has been translated into thirty languages and has appeared in various publications, including The New Yorker, Granta, The O. Henry Prize Stories, the Financial Times, and Zoetrope. She is the author of the novels Purple Hibiscus, which won the Co",True,/works/OL16805415W
An Abundance of Katherines,John Green,John Green,1,Romance,Romance,"Interpersonal relations, Fiction, Self-perception, Young Adult",2006,2000,2000+,20,42,Popular,True,,,272.0,False,Medium (200–350),212.0,12.0,67.0,291.0,0.848,,,1757,1757,Deceased,,Not available,True,/works/OL2130549W
Angels Fall,Nora Roberts,Nora Roberts,1,Romance,Romance,"Fiction, Romance",2006,2000,2000+,20,28,Popular,True,,,,False,,,,,,,,,,,Unknown,,Not available,False,/works/OL111630W
At the Foot of the Rainbow,Gene Stratton-Porter,Gene Stratton-Porter,1,Romance,Romance,"Fiction, Interpersonal relations, Farm life",1907,1900,1900–1949,119,37,Popular,True,,,,False,,,,,,,,,,,Unknown,,Not available,False,/works/OL42385W
Autobiographie de ma mère,"Jamaica Kincaid, Dominique Peters, Carme Geronès",Jamaica Kincaid,3,Romance,Romance,"Fiction, Women, Weibliche Schwarze",1996,1990,1950–1999,30,29,Popular,True,,,,False,,,,,,,,,,,Unknown,,Not available,False,/works/OL2664665W
Back on Blossom Street,Debbie Macomber,Debbie Macomber,1,Romance,Romance,"Relationship Novel, Nyt:paperback_advice=2001-07-22, Fiction",2007,2000,2000+,19,32,Popular,True,,,,False,,,,,,,,,,,Unknown,,Not available,False,/works/OL1911629W
Beauty's Punishment,Anne Rice,Anne Rice,1,Romance,Romance,"Sleeping Beauty Adaptations, Sleeping Beauty (Tale), Bondage (Sexual behavior), Fiction",1984,1980,1950–1999,42,26,Popular,True,,,,False,,,,,,,1941-10-04,1941,2021-12-11,2021,Deceased,43,"Anne Rice was born on 04 October 1941 in New Orleans, Louisiana, USA. She was the second of four daughters of Irish Catholic parents, Katherine ""Kay"" Allen and Howard O'Brien. In 1961, she married Stan Rice, who passed away in 2002. They had two children, Christopher (1978) and Michele (1966-1972). ",False,/works/OL77793W
Beauvallet (Beauvallet Dynasty #2),Georgette Heyer,Georgette Heyer,1,Romance,Romance,"Fiction, Historical, Pirates",1929,1920,1900–1949,97,39,Popular,True,,,226.0,False,Medium (200–350),31.0,3.0,9.0,43.0,0.75,1902-08-16,1902,1974-07-04,1974,Deceased,27,"Georgette Heyer was born on 16 August 1902 in Wimbledon, London, England, UK. She was the eldest child of Sylvia Watkins and George Heyer; her brother George Boris was born four years later, and her brother Frank nine years later. During her childhood, the family lived also in Paris, France, but the",True,/works/OL4092646W
Bend sinister,Vladimir Nabokov,Vladimir Nabokov,1,Romance,Romance,"Fiction in English, Philosophers, Dictators",1947,1940,1900–1949,79,31,Popular,True,,,,False,,,,,,,,,,,Unknown,,Not available,False,/works/OL627072W
Black Sheep,Georgette Heyer,Georgette Heyer,1,Romance,Romance,"1960s, Historical, History",1966,1960,1950–1999,60,28,Popular,True,,,,False,,,,,,,1902-08-16,1902,1974-07-04,1974,Deceased,64,"Georgette Heyer was born on 16 August 1902 in Wimbledon, London, England, UK. She was the eldest child of Sylvia Watkins and George Heyer; her brother George Boris was born four years later, and her brother Frank nine years later. During her childhood, the family lived also in Paris, France, but the",False,/works/OL4092653W
Blood Brothers,Nora Roberts,Nora Roberts,1,Romance,Romance,"Love stories, American, Spiritual warfare, Investigative reporting",1982,1980,1950–1999,44,27,Popular,True,,,,False,,,,,,,,,,,Unknown,,Not available,False,/works/OL111595W
Born in Death,Nora Roberts,Nora Roberts,1,Romance,Romance,"Women detectives, Detective and mystery stories, Police",2006,2000,2000+,20,24,Moderate,True,,,,False,,,,,,,,,,,Unknown,,Not available,False,/works/OL551561W
Born in Fire,Nora Roberts,Nora Roberts,1,Romance,Romance,"Love stories, American, Man-woman relationships",1994,1990,1950–1999,32,36,Popular,True,,,,False,,,,,,,,,,,Unknown,,Not available,False,/works/OL111532W
Born in Ice,Nora Roberts,Nora Roberts,1,Romance,Romance,"Man-woman relationships, Bed and breakfast accommodations",1995,1990,1950–1999,31,31,Popular,True,,,,False,,,,,,,,,,,Unknown,,Not available,False,/works/OL111604W
Can you forgive her?,Anthony Trollope,Anthony Trollope,1,Romance,Romance,"Fiction, Plantagenet Palliser (Fictitious character), Social life and customs",,,,,69,Popular,True,4.75,4.0,583.0,False,Epic (500+),96.0,5.0,3.0,104.0,0.375,1815-04-24,1815,1882-12-06,1882,Deceased,,Not available,True,/works/OL109868W
Captain Rebel,"Frank Yerby, Shelomoh Gonen",Frank Yerby,2,Romance,Romance,"Frank Yerby, History, American Civil War",1956,1950,1950–1999,70,23,Moderate,True,,,,False,,,,,,,1916-09-05,1916,1991-11-29,1991,Deceased,40,"Frank Yerby was born in Augusta, Georgia, the son of a mixed-race marriage (his father was African American and his mother was caucasian). In 1937 he obtained a B.A. in English at Paine College and in 1938 he got an M.A. in English at Fisk University. After university, he taught English at Florida A",False,/works/OL4906705W
Carolina Moon,Nora Roberts,Nora Roberts,1,Romance,Romance,"Murder, Bereavement",2000,2000,2000+,26,34,Popular,True,,,,False,,,,,,,,,,,Unknown,,Not available,False,/works/OL111631W
Ceremony in Death,Nora Roberts,Nora Roberts,1,Romance,Romance,"Fiction, Policewomen, Eve Dallas (Fictitious character)",1997,1990,1950–1999,29,26,Popular,True,,,,False,,,,,,,,,,,Unknown,,Not available,False,/works/OL445930W
Cidade e as serras,Eça de Queiroz,Eça de Queiroz,1,Romance,Romance,"Fiction, General, Portugal",,,,,55,Popular,True,,,288.0,False,Medium (200–350),12.0,0.0,2.0,14.0,1.0,1845-11-25,1845,1900-08-16,1900,Deceased,,"José Maria de Eça de Queiroz is generally considered to have been the greatest Portuguese writer in the realist style. Zola considered him to be far greater than Flaubert.

----------

José Maria de Eça de Queiroz foi um escritor e diplomata português. É considerado um dos mais importantes escri",True,/works/OL846552W
Cinder,Marissa Meyer,Marissa Meyer,1,Romance,Romance,"Serie:The_Lunar_Chronicles, Extraterrestrial beings, Social classes",2011,2010,2000+,15,33,Popular,True,,,,False,,,,,,,,,,,Unknown,,Not available,False,/works/OL16282945W
City of Bones,Cassandra Clare,Cassandra Clare,1,Romance,Romance,"Demonology, Fiction, Horror stories",2007,2000,2000+,19,39,Popular,True,,,368.5,True,Long (350–500),980.0,63.0,169.0,1212.0,0.728,,,,,Unknown,,Not available,True,/works/OL8455255W
Claim Me Hard,Vanessa Vale,Vanessa Vale,1,Romance,Romance,"Serie:Bridgewater_County, Romance, Erotica",2017,2010,2000+,9,30,Popular,False,,,,False,,,,,,,,,,,Unknown,,Not available,False,/works/OL25378255W
Come Sundown,Nora Roberts,Nora Roberts,1,Romance,Romance,"Murder, Investigation, Family-owned business enterprises",1998,1990,1950–1999,28,20,Moderate,True,,,,False,,,,,,,,,,,Unknown,,Not available,False,/works/OL20053636W
Comus,John Milton,John Milton,1,Romance,Romance,"Fiction, Librettos, Masques with music",1738,1730,Pre-1900,288,111,Classic/Bestseller,True,3.37,19.0,368.5,True,Long (350–500),46.0,2.0,15.0,63.0,0.882,,,,,Unknown,,Not available,True,/works/OL810989W
Cranford,Elizabeth Cleghorn Gaskell,Elizabeth Cleghorn Gaskell,1,Romance,Romance,"Fiction, Older women, Villages",1853,1850,Pre-1900,173,473,Classic/Bestseller,True,4.08,12.0,368.5,True,Long (350–500),132.0,9.0,21.0,162.0,0.7,1810-09-29,1810,1865-11-12,1865,Deceased,43,"A British novelist and short story writer during the Victorian era. Her novels offer a detailed portrait of the lives of many strata of society, including the very poor, and as such are of interest to social historians as well as lovers of literature. ([Source][1])


  [1]: https://secure.wikimed",True,/works/OL1103093W
Crazy Rich Asians,Kevin Kwan,Kevin Kwan,1,Romance,Romance,"Rich people, Fiancées, Americans",2013,2010,2000+,13,21,Moderate,True,,,,False,,,,,,,,,,,Unknown,,Not available,False,/works/OL17924837W
Crescendo,"Becca Fitzpatrick, Becca Fritzpatrick",Becca Fitzpatrick,2,Romance,Romance,"Fathers and daughters, Supernatural, Dating (Social customs)",2009,2000,2000+,17,21,Moderate,True,,,,False,,,,,,,,,,,Unknown,,Not available,False,/works/OL15473057W
Cross My Heart,Sandra Brown,Sandra Brown,1,Romance,Romance,"Runaway teenagers, Absence and presumption of death, Romantic Suspense",2006,2000,2000+,20,22,Moderate,True,,,384.0,False,Long (350–500),19.0,2.0,6.0,27.0,0.75,,,,,Unknown,,Not available,True,/works/OL5682913W
Daisy Miller,Henry James,Henry James,1,Romance,Romance,"Fiction, Americans, Young women",1877,1870,Pre-1900,149,244,Classic/Bestseller,True,3.0,4.0,101.0,False,Short (<200),145.0,6.0,9.0,160.0,0.6,1843-04-15,1843,1916-02-28,1916,Deceased,34,"Henry James, was an American writer, regarded as one of the key figures of 19th-century literary realism. He was the son of Henry James, Sr., a clergyman, and the brother of philosopher and psychologist William James and diarist Alice James.  ([Source][1].)

[1]:http://en.wikipedia.org/wiki/Henry_",True,/works/OL276328W
Dance of the Gods,Nora Roberts,Nora Roberts,1,Romance,Romance,"Vampires, Fiction, Romance",2006,2000,2000+,20,28,Popular,True,,,,False,,,,,,,,,,,Unknown,,Not available,False,/works/OL111623W
Dark Witch,Nora Roberts,Nora Roberts,1,Romance,Romance,"Americans in Ireland - Fiction, Supernatural stories, Family relations - Fiction",2013,2010,2000+,13,28,Popular,True,,,,False,,,,,,,,,,,Unknown,,Not available,False,/works/OL17116778W
Der Vorleser,Bernhard Schlink,Bernhard Schlink,1,Romance,Romance,"Fiction, Romance, Germany",1995,1990,1950–1999,31,89,Popular,True,,,201.0,False,Medium (200–350),181.0,14.0,51.0,246.0,0.785,1944-07-06,1944,,,Living,51,"Bernhard Schlink (* 6. Juli 1944 in Großdornberg, heute Bielefeld) ist ein deutscher Jurist, emeritierter Hochschullehrer und Schriftsteller. Sein Roman *Der Vorleser* wurde zu einem internationalen Bestseller. 


----------


Bernhard Schlink (born July 6, 1944, in Großdornberg, now Bielefeld",True,/works/OL14871157W
Des bleus a l'âme,Françoise Sagan,Françoise Sagan,1,Romance,Romance,"French fiction, LITERATURA FRANCESA, ROMANCE",1972,1970,1950–1999,54,21,Moderate,True,,,,False,,,,,,,,,,,Unknown,,Not available,False,/works/OL584253W
Destinos Errantes,Danielle Steel,Danielle Steel,1,Romance,Romance,"Fiction, Love stories, Romance",1986,1980,1950–1999,40,39,Popular,True,4.67,3.0,368.5,True,Long (350–500),13.0,0.0,2.0,15.0,1.0,1947-08-14,1947,,,Living,39,"Danielle Fernandes Dominique Schuelein-Steel, better known by the name Danielle Steel, is an American novelist, currently the best selling author alive and the fourth bestselling fiction author of all time, with over 800 million copies sold. [Wikipedia][1]


  [1]: https://en.wikipedia.org/wiki/D",True,/works/OL19570W
Divergent,Veronica Roth,Veronica Roth,1,Romance,Romance,"New York Times bestseller, Nyt:paperback_books=2012-02-25, Families",2010,2010,2000+,16,87,Popular,True,,,368.5,True,Long (350–500),1700.0,121.0,359.0,2180.0,0.748,1988-08-19,1988,,,Living,22,"Veronica grew up outside of Chicago and graduated from Northwestern University. She now lives in Chicago proper with her husband and dog and writes full-time.  She is the #1 New York Times bestselling author of Carve the Mark and the Divergent Series (Divergent, Insurgent, Allegiant, and Four: A Div",True,/works/OL15719630W
Divine Evil,Nora Roberts,Nora Roberts,1,Romance,Romance,"Love stories, American, Death, Women sculptors",1992,1990,1950–1999,34,23,Moderate,True,3.0,2.0,576.0,False,Epic (500+),52.0,0.0,8.0,60.0,1.0,,,,,Unknown,,Not available,True,/works/OL111430W
Dragonfly in Amber,Diana Gabaldon,Diana Gabaldon,1,Romance,Romance,"Historical Fiction, Fiction, Time travel",1992,1990,1950–1999,34,45,Popular,True,4.2,10.0,941.0,False,Epic (500+),167.0,16.0,24.0,207.0,0.6,,,,,Unknown,,Not available,True,/works/OL3261153W
Echoes,Maeve Binchy,Maeve Binchy,1,Romance,Romance,"Fiction, Community life, Ireland in fiction",1985,1980,1950–1999,41,45,Popular,True,4.0,1.0,486.0,False,Long (350–500),43.0,3.0,4.0,50.0,0.571,1940-05-28,1940,2012-07-30,2012,Deceased,45,"Maeve Binchy was born on 28 May 1940 in Dalkey, County Dublin, Ireland, the eldest child of four. Her parents were very positive and provided her with a happy childhood. Despite the fact she describes herself as an overweight child it was her parents attitude that gave her the confidence to accept h",True,/works/OL56768W
Eclipse,Stephenie Meyer,Stephenie Meyer,1,Romance,Romance,"New York Times bestseller, Werewolves, Interpersonal relations",2006,2000,2000+,20,94,Popular,True,3.5,120.0,,False,,,,,,,1973-12-24,1973,,,Living,33,"an American novelist and film producer. She is best known for writing the vampire romance series Twilight.
Meyer was the bestselling author of 2008 and 2009 in the U.S. 
Meyer received the 2009 Children's Book of the Year award from the British Book Awards for Breaking Dawn, the Twilight series fi",False,/works/OL5720025W
El amante japonés,Isabel Allende,Isabel Allende,1,Romance,Romance,"San francisco (calif.), Fiction, World war, 1939-1945, Japanese americans",2000,2000,2000+,26,27,Popular,True,,,,False,,,,,,,,,,,Unknown,,Not available,False,/works/OL17357601W
El amor en los tiempos del cólera,Gabriel García Márquez,Gabriel García Márquez,1,Romance,Romance,"Vida familiar, Family life, Historias de amor",1985,1980,1950–1999,41,130,Classic/Bestseller,True,4.18,62.0,368.0,False,Long (350–500),828.0,53.0,96.0,977.0,0.644,1927-03-06,1927,2014-04-17,2014,Deceased,58,"Gabriel García Márquez is a Colombian novelist, short-story writer, screenwriter and journalist. García Márquez, affectionately known as ""Gabo"" throughout Latin America, is considered one of the most significant authors of the 20th century. In 1982, he was awarded the Nobel Prize in Literature. He p",True,/works/OL274518W
Emma,Jane Austen,Jane Austen,1,Romance,Romance,"Social life and customs, Mate selection, Fiction",1815,1810,Pre-1900,211,2263,Classic/Bestseller,True,3.97,65.0,624.0,False,Epic (500+),1113.0,80.0,144.0,1337.0,0.643,1775-12-16,1775,1817-07-18,1817,Deceased,40,"Jane Austen was an English writer. Although Austen was widely read in her lifetime, she published her works anonymously. The most urgent preoccupations of her bright, young heroines are courtship and marriage. Austen herself never married. Her best-known books include *Pride and Prejudice* (1813) an",True,/works/OL66513W
Emma's secret,Barbara Taylor Bradford,Barbara Taylor Bradford,1,Romance,Romance,"Fiction, Terminally ill, Inheritance and succession",2003,2000,2000+,23,27,Popular,True,,,,False,,,,,,,1933-05-10,1933,2024-11-24,2024,Deceased,70,"Barbara Taylor Bradford is a best-selling British-American novelist. 
Her debut novel, A Woman of Substance, was published in 1979 and sold over 30 million copies worldwide.
She wrote 39 novels, all bestsellers in England and the United States.",False,/works/OL14860335W
Empire of Storms,Sarah J. Maas,Sarah J. Maas,1,Romance,Romance,"Magic, YA, Quest",2016,2010,2000+,10,25,Moderate,True,,,,False,,,,,,,1986-03-05,1986,,,Living,30,"Sarah J. Maas is the #1 New York Times and internationally bestselling author of the Crescent City, A Court of Thorns and Roses, and the Throne of Glass series. Her books have sold more than twelve million copies and are published in thirty-seven languages. A New York native, Sarah lives in Philadel",False,/works/OL17625829W
Ethan Frome,Edith Wharton,Edith Wharton,1,Romance,Romance,"Accident victims, American fiction (fictional works by one author), American literature",1910,1910,1900–1949,116,1000,Classic/Bestseller,True,,,112.0,False,Short (<200),203.0,10.0,51.0,264.0,0.836,1862-01-24,1862,1937-08-11,1937,Deceased,48,"Edith Wharton was a Pulitzer Prize-winning American novelist, short story writer and designer.

*The Age of Innocence* (1920) won the 1921 Pulitzer Prize for literature, making her the first woman to win the award. She spoke fluent French as well as several other languages and many of her books we",True,/works/OL98501W
"Everything, Everything","Nicola Yoon, Eric Chevreau (Traduction)",Nicola Yoon,2,Romance,Romance,"Chronically ill children, Parent and teenager, Love",2015,2010,2000+,11,25,Moderate,True,,,,False,,,,,,,,,,,Unknown,,Not available,False,/works/OL17843967W
Exit to Eden,Anne Rice,Anne Rice,1,Romance,Romance,"Love story, Bdsm, Romance",1985,1980,1950–1999,41,21,Moderate,True,,,,False,,,,,,,1941-10-04,1941,2021-12-11,2021,Deceased,44,"Anne Rice was born on 04 October 1941 in New Orleans, Louisiana, USA. She was the second of four daughters of Irish Catholic parents, Katherine ""Kay"" Allen and Howard O'Brien. In 1961, she married Stan Rice, who passed away in 2002. They had two children, Christopher (1978) and Michele (1966-1972). ",False,/works/OL5366345W
Fairoaks,Frank Yerby,Frank Yerby,1,Romance,Romance,"Frank Yerby, History, Historical",1957,1950,1950–1999,69,28,Popular,True,,,,False,,,,,,,1916-09-05,1916,1991-11-29,1991,Deceased,41,"Frank Yerby was born in Augusta, Georgia, the son of a mixed-race marriage (his father was African American and his mother was caucasian). In 1937 he obtained a B.A. in English at Paine College and in 1938 he got an M.A. in English at Fisk University. After university, he taught English at Florida A",False,/works/OL4906708W
Fifty Shades Darker,E. L. James,E. L. James,1,Romance,Romance,"Sexual dominance and submission, Fiction, Man-woman relationships, Relaciones hombre-mujer",2011,2010,2000+,15,83,Popular,True,3.56,48.0,250.0,False,Medium (200–350),841.0,50.0,108.0,999.0,0.684,1963-03-07,1963,,,Living,48,Not available,True,/works/OL16550681W
Fifty Shades Freed,E. L. James,E. L. James,1,Romance,Romance,"Sexual dominance and submission, Fiction, Relaciones hombre-mujer",2011,2010,2000+,15,78,Popular,True,3.52,46.0,640.0,False,Epic (500+),662.0,37.0,87.0,786.0,0.702,1963-03-07,1963,,,Living,48,Not available,True,/works/OL16550682W
Fifty Shades of Grey,E. L. James,E. L. James,1,Romance,Romance,"Man-woman relationships, Fiction, FICTION / Contemporary Women, Sexual dominance and submission",2000,2000,2000+,26,141,Classic/Bestseller,True,3.93,323.0,354.0,False,Long (350–500),6030.0,578.0,397.0,7005.0,0.407,1963-03-07,1963,,,Living,37,Not available,True,/works/OL16336633W
Fireside,"Susan Childress, Joyce Bean",Susan Childress,2,Romance,Romance,"Fiction, Fathers and sons in fiction, Baseball players",2009,2000,2000+,17,23,Moderate,True,3.0,1.0,368.5,True,Long (350–500),11.0,1.0,4.0,16.0,0.8,,,,,Unknown,,Not available,True,/works/OL4778033W
First love,"James Patterson, Emily Raymond",James Patterson,2,Romance,Romance,"Runaway teenagers, Conduct of life, Cancer",2013,2010,2000+,13,27,Popular,True,,,,False,,,,,,,,,,,Unknown,,Not available,False,/works/OL17308058W
Flawless,Sara Shepard,Sara Shepard,1,Romance,Romance,"Sara Shepard, Teens, Teenagers",2006,2000,2000+,20,20,Moderate,True,,,,False,,,,,,,,,,,Unknown,,Not available,False,/works/OL276726W
Floodtide,Frank Yerby,Frank Yerby,1,Romance,Romance,"Frank Yerby, Action, Adventure",1950,1950,1950–1999,76,40,Popular,True,,,368.5,True,Long (350–500),8.0,0.0,0.0,8.0,,1916-09-05,1916,1991-11-29,1991,Deceased,34,"Frank Yerby was born in Augusta, Georgia, the son of a mixed-race marriage (his father was African American and his mother was caucasian). In 1937 he obtained a B.A. in English at Paine College and in 1938 he got an M.A. in English at Fisk University. After university, he taught English at Florida A",True,/works/OL4906729W
Four,Veronica Roth,Veronica Roth,1,Romance,Romance,"Dystopias, Juvenile fiction, Fiction",2001,2000,2000+,25,44,Popular,True,3.94,16.0,368.5,True,Long (350–500),251.0,12.0,36.0,299.0,0.75,1988-08-19,1988,,,Living,13,"Veronica grew up outside of Chicago and graduated from Northwestern University. She now lives in Chicago proper with her husband and dog and writes full-time.  She is the #1 New York Times bestselling author of Carve the Mark and the Divergent Series (Divergent, Insurgent, Allegiant, and Four: A Div",True,/works/OL16825084W
Framley Parsonage,Anthony Trollope,Anthony Trollope,1,Romance,Romance,"Fiction, Clergy, Social life and customs",1861,1860,Pre-1900,165,317,Classic/Bestseller,True,4.0,1.0,486.0,False,Long (350–500),31.0,1.0,5.0,37.0,0.833,1815-04-24,1815,1882-12-06,1882,Deceased,46,Not available,True,/works/OL109880W
Frenchman's Creek,Daphne du Maurier,Daphne du Maurier,1,Romance,Romance,"Fiction, Romance, Gothic",1940,1940,1900–1949,86,80,Popular,True,,,242.0,False,Medium (200–350),55.0,7.0,1.0,63.0,0.125,1907-05-13,1907,1989-04-19,1989,Deceased,33,"Daphne du Maurier was born on 13 May 1907 in London, England, United Kingdom, the second of three daughters of Muriel Beaumont, an actress and maternal niece of William Comyns Beaumont, and Sir Gerald du Maurier, the prominent actor-manager, son of the author and Punch cartoonist George du Maurier, ",True,/works/OL7917284W
Genji monogatari,Murasaki Shikibu,Murasaki Shikibu,1,Romance,Romance,"Classic Literature, Concordances, Fiction",,,,,121,Classic/Bestseller,True,4.0,8.0,1327.0,False,Epic (500+),350.0,18.0,12.0,380.0,0.4,,,1014,1014,Deceased,,Japanese novelist and poet,True,/works/OL2564006W
Giant's bread,Agatha Christie,Agatha Christie,1,Romance,Romance,"Composers, Fiction, Romance",1929,1920,1900–1949,97,30,Popular,True,,,,False,,,,,,,,,,,Unknown,,Not available,False,/works/OL472100W
Glass Sword,Victoria Aveyard,Victoria Aveyard,1,Romance,Romance,"Ability, Teenage girls, Resistance to Government",2016,2010,2000+,10,24,Moderate,True,,,,False,,,,,,,1990-07-27,1990,,,Living,26,American writer of young adult and fantasy fiction and screenplays,False,/works/OL17356842W
"Green Dolphin Country; or, Green Dolphin Street",Elizabeth Goudge,Elizabeth Goudge,1,Romance,Romance,"1940s, Fiction, Historical",1944,1940,1900–1949,82,23,Moderate,True,5.0,1.0,512.0,False,Epic (500+),42.0,4.0,6.0,52.0,0.6,1900-04-24,1900,1984-04-01,1984,Deceased,44,"Elizabeth de Beauchamp Goudge was born on 24 April 1900 in the cathedral city of Wells, where her father, a clergyman, was vice-principal of the Theological College. When she was a child, the family moved to Ely and then to Oxford. Elizabeth attended Grassendale School and studied art at University ",True,/works/OL535185W
Grievous Sin,Faye Kellerman,Faye Kellerman,1,Romance,Romance,"Roman, Fiction, Police in fiction",1993,1990,1950–1999,33,25,Moderate,True,,,,False,,,,,,,,,,,Unknown,,Not available,False,/works/OL462950W
Heaven and Earth,Nora Roberts,Nora Roberts,1,Romance,Romance,"Fiction, Romance, Parapsychology",2001,2000,2000+,25,30,Popular,True,,,,False,,,,,,,,,,,Unknown,,Not available,False,/works/OL111570W
Heir of Fire,Sarah J. Maas,Sarah J. Maas,1,Romance,Romance,"Magic, YA, High Fantasy",2014,2010,2000+,12,29,Popular,True,,,,False,,,,,,,1986-03-05,1986,,,Living,28,"Sarah J. Maas is the #1 New York Times and internationally bestselling author of the Crescent City, A Court of Thorns and Roses, and the Throne of Glass series. Her books have sold more than twelve million copies and are published in thirty-seven languages. A New York native, Sarah lives in Philadel",False,/works/OL17367560W
Hidden Riches,Nora Roberts,Nora Roberts,1,Romance,Romance,"Love stories, American, Suspense fiction",1994,1990,1950–1999,32,33,Popular,True,,,,False,,,,,,,,,,,Unknown,,Not available,False,/works/OL111482W
High Fidelity,Nick Hornby,Nick Hornby,1,Romance,Romance,"Sound recordings, Man-woman relationships, Fiction",1995,1990,1950–1999,31,66,Popular,True,3.67,45.0,120.0,False,Short (<200),95.0,3.0,60.0,158.0,0.952,,,,,Unknown,,Not available,True,/works/OL1916907W
High Noon,Nora Roberts,Nora Roberts,1,Romance,Romance,"Hostage negotiations, Fiction",2007,2000,2000+,19,32,Popular,True,,,,False,,,,,,,,,,,Unknown,,Not available,False,/works/OL111628W
Hitched,Vanessa Vale,Vanessa Vale,1,Romance,Romance,"Serie:Steele_Ranch, Romance, Erotica",2018,2010,2000+,8,25,Moderate,False,,,,False,,,,,,,,,,,Unknown,,Not available,False,/works/OL25422668W
Hold the dream,Barbara Taylor Bradford,Barbara Taylor Bradford,1,Romance,Romance,"Domestic fiction, Businesswomen, Family",,,,,40,Popular,True,,,678.0,False,Epic (500+),6.0,0.0,0.0,6.0,,1933-05-10,1933,2024-11-24,2024,Deceased,,"Barbara Taylor Bradford is a best-selling British-American novelist. 
Her debut novel, A Woman of Substance, was published in 1979 and sold over 30 million copies worldwide.
She wrote 39 novels, all bestsellers in England and the United States.",True,/works/OL11375139W
Holding Up the Universe,Jennifer Niven,Jennifer Niven,1,Romance,Romance,"Prosopagnosia, Brain, Man-woman relationships",2016,2010,2000+,10,21,Moderate,True,,,,False,,,,,,,,,,,Unknown,,Not available,False,/works/OL20037217W
Holy Orders,Marie Corelli,Marie Corelli,1,Romance,Romance,"Holy Orders, Marie Corelli, Grossett & Dunlap",1908,1900,1900–1949,118,21,Moderate,True,,,,False,,,,,,,,,,,Unknown,,Not available,False,/works/OL1487972W
Honest Illusions,Nora Roberts,Nora Roberts,1,Romance,Romance,"Love stories, American, Jewel thieves, Magicians",1992,1990,1950–1999,34,36,Popular,True,,,,False,,,,,,,,,,,Unknown,,Not available,False,/works/OL111500W
Howards End,E. M. Forster,E. M. Forster,1,Romance,Romance,"Fiction, Inheritance and succession, Sisters",1910,1910,1900–1949,116,498,Classic/Bestseller,True,4.3,10.0,468.0,False,Long (350–500),105.0,3.0,18.0,126.0,0.857,1879-01-01,1879,1970-06-07,1970,Deceased,31,"Edward Morgan Forster OM, CH, was an English novelist, short story writer, essayist and librettist. He is known best for his ironic and well-plotted novels examining class difference and hypocrisy and also the attitudes towards gender and homosexuality in early 20th-century British society. Forster'",True,/works/OL88881W
Il était une fois l'amour,Danielle Steel,Danielle Steel,1,Romance,Romance,"Fiction, Drama, Romance",1981,1980,1950–1999,45,49,Popular,True,4.0,1.0,368.5,True,Long (350–500),23.0,3.0,1.0,27.0,0.25,1947-08-14,1947,,,Living,34,"Danielle Fernandes Dominique Schuelein-Steel, better known by the name Danielle Steel, is an American novelist, currently the best selling author alive and the fourth bestselling fiction author of all time, with over 800 million copies sold. [Wikipedia][1]


  [1]: https://en.wikipedia.org/wiki/D",True,/works/OL19590W
Inner Harbor,Nora Roberts,Nora Roberts,1,Romance,Romance,"Domestic fiction, Brothers, Romance",1998,1990,1950–1999,28,30,Popular,True,,,,False,,,,,,,,,,,Unknown,,Not available,False,/works/OL111440W
It Starts with Us,Colleen Hoover,Colleen Hoover,1,Romance,Romance,"Contemporary, Romance, Friendship",2022,2020,2000+,4,26,Popular,False,,,,False,,,,,,,,,,,Unknown,,Not available,False,/works/OL27733867W
Jamaica Inn,Daphne du Maurier,Daphne du Maurier,1,Romance,Romance,"Fiction, Smugglers, Detective and mystery stories",1936,1930,1900–1949,90,100,Popular,True,4.2,5.0,270.0,False,Medium (200–350),111.0,8.0,10.0,129.0,0.556,1907-05-13,1907,1989-04-19,1989,Deceased,29,"Daphne du Maurier was born on 13 May 1907 in London, England, United Kingdom, the second of three daughters of Muriel Beaumont, an actress and maternal niece of William Comyns Beaumont, and Sir Gerald du Maurier, the prominent actor-manager, son of the author and Punch cartoonist George du Maurier, ",True,/works/OL36632W
Jane Eyre,Charlotte Brontë,Charlotte Brontë,1,Romance,Romance,"Fiction, Romance, Historical""",1847,1840,Pre-1900,179,1170,Classic/Bestseller,True,4.03,183.0,586.0,False,Epic (500+),1430.0,113.0,293.0,1836.0,0.722,1816-04-21,1816,1855-03-31,1855,Deceased,31,"Charlotte Brontë was an English novelist, the eldest of the three Brontë sisters whose novels are English literature standards. Under the pen name Currer Bell, she wrote Jane Eyre.  ([Source][1].)

[1]: http://en.wikipedia.org/wiki/Charlotte_Brontë

Her sisters, Anne and Emily, first published t",True,/works/OL1095427W
Johnny Angel,Danielle Steel,Danielle Steel,1,Romance,Romance,"Fiction, Mothers and sons, Death",2002,2000,2000+,24,26,Popular,True,,,,False,,,,,,,1947-08-14,1947,,,Living,55,"Danielle Fernandes Dominique Schuelein-Steel, better known by the name Danielle Steel, is an American novelist, currently the best selling author alive and the fourth bestselling fiction author of all time, with over 800 million copies sold. [Wikipedia][1]


  [1]: https://en.wikipedia.org/wiki/D",False,/works/OL19592W
Jude the Obscure,Thomas Hardy,Thomas Hardy,1,Romance,Romance,"Social life and customs, Death, Pine",1895,1890,Pre-1900,131,425,Classic/Bestseller,True,3.91,11.0,368.5,True,Long (350–500),89.0,8.0,18.0,115.0,0.692,1840-06-02,1840,1928-01-11,1928,Deceased,55,"Thomas Hardy, OM was an English novelist and poet of the naturalist movement, although in several poems he displays elements of the previous romantic and enlightenment periods of literature, such as his fascination with the supernatural.

While he regarded himself primarily as a poet who composed ",True,/works/OL44986W
Kate Hannigan,Catherine Cookson,Catherine Cookson,1,Romance,Romance,"Catherine Cookson, Fiction, British",1950,1950,1950–1999,76,22,Moderate,True,,,,False,,,,,,,1906-06-27,1906,1998-06-11,1998,Deceased,44,"Catherine Ann McMullen was born on 27 June 1906 in Tyne Dock, England, UK. She grew up as daugther of Rose and John McMullen, but was the illegitimate daughter of Kate  Fawcett, whom she believed to be her older sister, and Alexander Davies, a bigamist. She left school at 13 and, and she began work ",False,/works/OL48538W
Ken Ward in the Jungle,Zane Grey,Zane Grey,1,Romance,Romance,"Fiction, Men's adventure, Mexico",1912,1910,1900–1949,114,49,Popular,True,,,368.5,True,Long (350–500),3.0,0.0,0.0,3.0,,1872-01-31,1872,1939-10-23,1939,Deceased,40,"Zane Grey was an American author best known for his popular adventure novels and stories that presented an idealized image of the rugged Old West. As of June 2007, the Internet Movie Database credits Grey with 110 films, one TV episode, and a series, Dick Powell's Zane Grey Theater based loosely on ",True,/works/OL485457W
Kiss Me Crazy,Vanessa Vale,Vanessa Vale,1,Romance,Romance,"Fiction, Romance, General, Serie:Bridgewater_County",2017,2010,2000+,9,29,Popular,False,,,,False,,,,,,,,,,,Unknown,,Not available,False,/works/OL25426218W
Kristin Lavransdatter III,Sigrid Undset,Sigrid Undset,1,Romance,Romance,"Fiction, Continental european fiction (fictional works by one author), Historical",1922,1920,1900–1949,104,25,Moderate,True,,,,False,,,,,,,,,,,Unknown,,Not available,False,/works/OL69220W
La literatura nazi en América,Roberto Bolaño,Roberto Bolaño,1,Romance,Romance,"Fiction, Nazi literature, Authors",1996,1990,1950–1999,30,21,Moderate,True,,,,False,,,,,,,,,,,Unknown,,Not available,False,/works/OL9109240W
Ladder of Years,Anne Tyler,Anne Tyler,1,Romance,Romance,"Fiction, Women, Missing persons",1993,1990,1950–1999,33,36,Popular,True,,,,False,,,,,,,,,,,Unknown,,Not available,False,/works/OL28287W
"Landfall, a channel story","Nevil Shute, Rob Spence",Nevil Shute,2,Romance,Romance,"Nevil Shute [pseud], History, Historical",1940,1940,1900–1949,86,46,Popular,True,4.0,1.0,274.0,False,Medium (200–350),,,,,,1899,1899,1960,1960,Deceased,41,Not available,False,/works/OL2779743W
Lassoed,Vanessa Vale,Vanessa Vale,1,Romance,Romance,"Serie:Steele_Ranch, Romance, Erotica",2018,2010,2000+,8,25,Moderate,False,,,,False,,,,,,,,,,,Unknown,,Not available,False,/works/OL25425779W
"Le Comte de Monte-Cristo, II",Alexandre Dumas,Alexandre Dumas,1,Romance,Romance,"France -- History -- 19th century -- Fiction, France, Fiction",,,,,736,Classic/Bestseller,True,4.27,199.0,1304.0,False,Epic (500+),1269.0,84.0,273.0,1626.0,0.765,1824,1824,1895,1895,Deceased,,"Alexandre Dumas fils (French: [alɛksɑ̃dʁ dymɑ fis]; 27 July 1824 – 27 November 1895) was a French author and playwright, best known for the romantic novel La Dame aux Camélias (The Lady of the Camellias), published in 1848, which was adapted into Giuseppe Verdi's 1853 opera La traviata (The Fallen W",True,/works/OL36287W
Le premier homme,Albert Camus,Albert Camus,1,Romance,Romance,"French language materials, Fiction, Children",1994,1990,1950–1999,32,40,Popular,True,,,267.0,False,Medium (200–350),59.0,4.0,3.0,66.0,0.429,1913-11-07,1913,1960-01-04,1960,Deceased,81,"Albert Camus was a French Algerian author, philosopher, and journalist who was awarded the Nobel Prize for Literature in 1957. He was a key philosopher of the 20th-century and his most famous work is the novel *L'Étranger* (*The Stranger*).

In 1949, Camus founded the Group for International Liais",True,/works/OL1230596W
Le rouge et le noir,Stendhal,Stendhal,1,Romance,Romance,"Fiction, Young men, Social life and customs",1830,1830,Pre-1900,196,404,Classic/Bestseller,True,3.88,17.0,68.0,False,Short (<200),142.0,13.0,25.0,180.0,0.658,1783-01-23,1783,1842-03-23,1842,Deceased,47,"Stendhal était le pseudonyme de l'écrivain français du XIXe siècle Marie-Henri Beyle. Reconnu pour son analyse fine de la psychologie de ses personnages, il est considéré comme l'un des premiers et des plus importants représentants du réalisme dans ses deux romans, *Le Rouge et le Noir* (1830) et *L",True,/works/OL733640W
Leap of Faith,Danielle Steel,Danielle Steel,1,Romance,Romance,"Americans, Castles, Deception",2001,2000,2000+,25,29,Popular,True,,,,False,,,,,,,1947-08-14,1947,,,Living,54,"Danielle Fernandes Dominique Schuelein-Steel, better known by the name Danielle Steel, is an American novelist, currently the best selling author alive and the fourth bestselling fiction author of all time, with over 800 million copies sold. [Wikipedia][1]


  [1]: https://en.wikipedia.org/wiki/D",False,/works/OL19600W
Legendary,Stephanie Garber,Stephanie Garber,1,Romance,Romance,"Serie:Caraval, Performing arts, Criminals",2018,2010,2000+,8,21,Moderate,False,,,,False,,,,,,,,,,,Unknown,,Not available,False,/works/OL19748577W
Les Amities Particulaires,Roger Peyrefitte,Roger Peyrefitte,1,Romance,Romance,"Gay teenagers, Fiction, Boarding schools",1945,1940,1900–1949,81,35,Popular,True,,,,False,,,,,,,,,,,Unknown,,Not available,False,/works/OL2434523W
Les Dieux Ont Soif,Anatole France,Anatole France,1,Romance,Romance,"Continental european fiction (fictional works by one author), French literature, Fiction",,,,,86,Popular,True,,,285.0,False,Medium (200–350),14.0,0.0,0.0,14.0,,1844-04-16,1844,1924-10-12,1924,Deceased,,"Anatole France was born François-Anatole Thibault in Paris, the son of a bookseller. His father's bookstore, Librairie France, specialized in books and papers on the French Revolution and was frequented by many notable writers and scholars of the day. Anatole France studied at the Collège Stanislas ",True,/works/OL989065W
Light a Penny Candle,Maeve Binchy,Maeve Binchy,1,Romance,Romance,"Fiction, Friendship, Domestic fiction",1970,1970,1950–1999,56,48,Popular,True,3.0,3.0,518.0,False,Epic (500+),26.0,3.0,8.0,37.0,0.727,1940-05-28,1940,2012-07-30,2012,Deceased,30,"Maeve Binchy was born on 28 May 1940 in Dalkey, County Dublin, Ireland, the eldest child of four. Her parents were very positive and provided her with a happy childhood. Despite the fact she describes herself as an overweight child it was her parents attitude that gave her the confidence to accept h",True,/works/OL56770W
Lipstick Jungle,Candace Bushnell,Candace Bushnell,1,Romance,Romance,"Women, Fiction, Female friendship",1753,1750,Pre-1900,273,32,Popular,True,,,,False,,,,,,,,,,,Unknown,,Not available,False,/works/OL2663524W
Little Women,Louisa May Alcott,Louisa May Alcott,1,Romance,Romance,"Romans, Jeunes filles, Soeurs",1848,1840,Pre-1900,178,1888,Classic/Bestseller,True,4.05,125.0,320.0,False,Medium (200–350),2538.0,230.0,248.0,3016.0,0.519,,,,,Unknown,,Not available,True,/works/OL29983W
Lost Souls,"Lisa Jackson, Joyce Bean",Lisa Jackson,2,Romance,Romance,"Rick Bentz (Fictitious character), Cults, Serial murders",2008,2000,2000+,18,23,Moderate,True,5.0,2.0,368.5,True,Long (350–500),31.0,3.0,4.0,38.0,0.571,,,,,Unknown,,Not available,True,/works/OL5683346W
Love Story,Erich Segal,Erich Segal,1,Romance,Romance,"College students, Difference (Psychology), Fathers and sons",1970,1970,1950–1999,56,30,Popular,True,,,,False,,,,,,,,,,,Unknown,,Not available,False,/works/OL2656058W
"Madam, Will You Talk?",Mary Stewart,Mary Stewart,1,Romance,Romance,"Fiction, Historical, General, Suspense, France",1954,1950,1950–1999,72,25,Moderate,True,,,,False,,,,,,,,,,,Unknown,,Not available,False,/works/OL213269W
Make Me Yours,Vanessa Vale,Vanessa Vale,1,Romance,Romance,"Serie:Bridgewater_County, Romance, Erotica",2017,2010,2000+,9,28,Popular,False,,,,False,,,,,,,,,,,Unknown,,Not available,False,/works/OL24803774W
Maurice,E. M. Forster,E. M. Forster,1,Romance,Romance,"Fiction, Gay men, Gay men in fiction",1971,1970,1950–1999,55,59,Popular,True,3.73,15.0,289.0,False,Medium (200–350),478.0,39.0,31.0,548.0,0.443,1879-01-01,1879,1970-06-07,1970,Deceased,92,"Edward Morgan Forster OM, CH, was an English novelist, short story writer, essayist and librettist. He is known best for his ironic and well-plotted novels examining class difference and hypocrisy and also the attitudes towards gender and homosexuality in early 20th-century British society. Forster'",True,/works/OL88877W
Me Before You,Jojo Moyes,Jojo Moyes,1,Romance,Romance,"Young women, FICTION / Contemporary Women, FICTION / Romance / Contemporary",2012,2010,2000+,14,47,Popular,True,4.07,70.0,369.0,False,Long (350–500),,,,,,1969-08-04,1969,,,Living,43,"Pauline Sara Jo Moyes was born on 4 August 1969 and in Maidstone, Kent, England, UK, but  grew up in London. She was the only child of Elizabeth J. McKee and James C. Moyes. She studied at Royal Holloway, University of London and Bedford New College, London University. She lives on a farmhouse in Gr",False,/works/OL28353073W
Memorial de Aires (Classicos Da Literatura Brasileira),"Machado de Assis, John Temple Graves",Machado de Assis,2,Romance,Romance,"Fiction, General, Language and languages, Study and teaching, Brazil in fiction",1908,1900,1900–1949,118,33,Popular,True,,,,False,,,,,,,,,,,Unknown,,Not available,False,/works/OL1003053W
Mischief,Jayne Ann Krentz,Jayne Ann Krentz,1,Romance,Romance,"Fiction, Romance, Love stories",1996,1990,1950–1999,30,23,Moderate,True,2.67,3.0,318.0,False,Medium (200–350),29.0,1.0,20.0,50.0,0.952,,,,,Unknown,,Not available,True,/works/OL112320W
Mistress of Mellyn,Eleanor Burford,Eleanor Burford,1,Romance,Romance,"Fiction, Family secrets, Widowers",1960,1960,1950–1999,66,46,Popular,True,,,,False,,,,,,,1906-09-01,1906,1993-01-18,1993,Deceased,54,"Eleanor Alice Burford was born on September 01, 1906 in Kensington, London. Her father, Joseph Burford, was something of an odd-job man, with no steady profession, but he quickly passed on his great love of books to his young daughter. She was an avid reader from the age of four onwards. In her earl",False,/works/OL3931421W
Mountain Darkness,Vanessa Vale,Vanessa Vale,1,Romance,Romance,"Serie:Wild_Mountain_Men, Romance, Erotica",2019,2010,2000+,7,26,Popular,False,,,,False,,,,,,,,,,,Unknown,,Not available,False,/works/OL25450047W
Mountain Delights,Vanessa Vale,Vanessa Vale,1,Romance,Romance,"Serie:Wild_Mountain_Men, Romance, Erotica",2019,2010,2000+,7,27,Popular,False,,,,False,,,,,,,,,,,Unknown,,Not available,False,/works/OL25427495W
Mountain Desire,Vanessa Vale,Vanessa Vale,1,Romance,Romance,"Serie:Wild_Mountain_Men, Romance, Erotica",2020,2020,2000+,6,24,Moderate,False,,,,False,,,,,,,,,,,Unknown,,Not available,False,/works/OL24868470W
My Secret Life,"Walter, Anonymous",Walter,2,Romance,Romance,"Classic Literature, Fiction, Erotic literature",1966,1960,1950–1999,60,64,Popular,True,,,,False,,,,,,,,,,,Unknown,,"This is a mix of surnames, pseudonyms, etc which needs to be teased apart.",False,/works/OL264676W
Narziss und Goldmund,Hermann Hesse,Hermann Hesse,1,Romance,Romance,"Teacher-student relationships, Fiction, Romance",1930,1930,1900–1949,96,41,Popular,True,4.0,21.0,329.0,False,Medium (200–350),110.0,5.0,32.0,147.0,0.865,1877-07-02,1877,1962-08-09,1962,Deceased,53,"Hermann Karl Hesse -pseudonym: Emil Sinclair- (* 2. Juli 1877 in Calw; † 9. August 1962 in Montagnola, Schweiz), war ein deutsch-schweizerischer Schriftsteller, Dichter und Maler. Bekanntheit erlangte er mit Prosawerken wie *Siddhartha, Demian, Der Steppenwolf* sowie auch *Narziß und Goldmund* und m",True,/works/OL873100W
New Moon,Stephenie Meyer,Stephenie Meyer,1,Romance,Romance,"Series: Twilight, Series:Luz_e_Escuridão, Vampires",2006,2000,2000+,20,88,Popular,True,3.95,83.0,649.0,False,Epic (500+),943.0,80.0,212.0,1235.0,0.726,1973-12-24,1973,,,Living,33,"an American novelist and film producer. She is best known for writing the vampire romance series Twilight.
Meyer was the bestselling author of 2008 and 2009 in the U.S. 
Meyer received the 2009 Children's Book of the Year award from the British Book Awards for Breaking Dawn, the Twilight series fi",True,/works/OL5720027W
Nichts ist stärker als die Liebe,Danielle Steel,Danielle Steel,1,Romance,Romance,"Fiction, Literature, Shipwrecks",1981,1980,1950–1999,45,55,Popular,True,,,412.0,False,Long (350–500),,,,,,1947-08-14,1947,,,Living,34,"Danielle Fernandes Dominique Schuelein-Steel, better known by the name Danielle Steel, is an American novelist, currently the best selling author alive and the fourth bestselling fiction author of all time, with over 800 million copies sold. [Wikipedia][1]


  [1]: https://en.wikipedia.org/wiki/D",False,/works/OL19613W
Night Over Water,Ken Follett,Ken Follett,1,Romance,Romance,"Fiction, Romance, Transatlantic flights",1981,1980,1950–1999,45,56,Popular,True,2.62,8.0,477.0,False,Long (350–500),97.0,4.0,16.0,117.0,0.8,1949-06-05,1949,,,Living,32,"Ken Follett is a British author of thrillers and historical novels. He has sold more then 100 million copies of his works. Four of his books have reached the number 1 ranking on the New York Times best-seller list : *The Key to Rebecca, Lie Down with Lions, Triple* and *World Without End*.",True,/works/OL1914085W
Nightfall,Lisa Jane Smith,Lisa Jane Smith,1,Romance,Romance,"Fiction, Interpersonal relations, Supernatural",2005,2000,2000+,21,23,Moderate,True,,,,False,,,,,,,,,,,Unknown,,Not available,False,/works/OL4444217W
Nine Coaches Waiting,Mary Stewart,Mary Stewart,1,Romance,Romance,"Fiction, Historical, General, Romance",1958,1950,1950–1999,68,23,Moderate,True,,,368.5,True,Long (350–500),109.0,3.0,38.0,150.0,0.927,,,,,Unknown,,Not available,True,/works/OL213266W
No Longer at Ease,Chinua Achebe,Chinua Achebe,1,Romance,Romance,"Fiction, Igbo (African Tribe), City and town life",1960,1960,1950–1999,66,41,Popular,True,4.29,7.0,170.0,False,Short (<200),149.0,9.0,5.0,163.0,0.357,,,,,Unknown,,Not available,True,/works/OL891789W
Normal People,Sally Rooney,Sally Rooney,1,Romance,Romance,"Sex, Romance, Contemporary",2018,2010,2000+,8,27,Popular,True,,,,False,,,,,,,,,,,Unknown,,Not available,False,/works/OL20150260W
Northanger Abbey,Jane Austen,Jane Austen,1,Romance,Romance,"Mate selection, Cousins, Fiction",1818,1810,Pre-1900,208,1013,Classic/Bestseller,True,,,264.0,False,Medium (200–350),374.0,21.0,95.0,490.0,0.819,1775-12-16,1775,1817-07-18,1817,Deceased,43,"Jane Austen was an English writer. Although Austen was widely read in her lifetime, she published her works anonymously. The most urgent preoccupations of her bright, young heroines are courtship and marriage. Austen herself never married. Her best-known books include *Pride and Prejudice* (1813) an",True,/works/OL66534W
Northern Lights,Nora Roberts,Nora Roberts,1,Romance,Romance,"Love stories, American, Police",2004,2000,2000+,22,24,Moderate,True,,,,False,,,,,,,,,,,Unknown,,Not available,False,/works/OL111464W
Novels (Agnes Grey / Jane Eyre / Wuthering Heights),"Anne Brontë, Charlotte Brontë, Emily Brontë, Bronte, C, E, And A",Anne Brontë,7,Romance,Romance,"British and irish fiction (fictional works by one author), Chang pian xiao shuo, Children's fiction",1947,1940,1900–1949,79,23,Moderate,True,,,,False,,,,,,,1820,1820,1849,1849,Deceased,,British novelist and poet,False,/works/OL1095411W
Novels (Emma / Lady Susan / Mansfield Park / Northanger Abbey / Persuasion / Pride and Prejudice / Sense and Sensibility),Jane Austen,Jane Austen,1,Romance,Romance,"British and irish fiction (fictional works by one author), Brothers and sisters, Children's fiction",1966,1960,1950–1999,60,31,Popular,True,,,,False,,,,,,,1775-12-16,1775,1817-07-18,1817,Deceased,,"Jane Austen was an English writer. Although Austen was widely read in her lifetime, she published her works anonymously. The most urgent preoccupations of her bright, young heroines are courtship and marriage. Austen herself never married. Her best-known books include *Pride and Prejudice* (1813) an",False,/works/OL66542W
Novels (Emma / Mansfield Park / Northanger Abbey / Persuasion / Pride and Prejudice / Sense and Sensibility),Jane Austen,Jane Austen,1,Romance,Romance,"British and irish fiction (fictional works by one author), Brothers and sisters, Children's fiction",1818,1810,Pre-1900,208,75,Popular,True,3.5,2.0,1364.0,False,Epic (500+),49.0,5.0,4.0,58.0,0.444,1775-12-16,1775,1817-07-18,1817,Deceased,43,"Jane Austen was an English writer. Although Austen was widely read in her lifetime, she published her works anonymously. The most urgent preoccupations of her bright, young heroines are courtship and marriage. Austen herself never married. Her best-known books include *Pride and Prejudice* (1813) an",True,/works/OL66512W
Novels (Pride and Prejudice / Sense and Sensibility),Jane Austen,Jane Austen,1,Romance,Romance,"British and irish fiction (fictional works by one author), Brothers and sisters, Children's fiction",1949,1940,1900–1949,77,28,Popular,True,,,,False,,,,,,,1775-12-16,1775,1817-07-18,1817,Deceased,,"Jane Austen was an English writer. Although Austen was widely read in her lifetime, she published her works anonymously. The most urgent preoccupations of her bright, young heroines are courtship and marriage. Austen herself never married. Her best-known books include *Pride and Prejudice* (1813) an",False,/works/OL66597W
O mandarim,Eça de Queiroz,Eça de Queiroz,1,Romance,Romance,"Fiction, Short stories (single author), Translations into English, Portuguese fiction",1889,1880,Pre-1900,137,59,Popular,True,,,368.5,True,Long (350–500),4.0,0.0,1.0,5.0,1.0,,,,,Unknown,,Not available,True,/works/OL846543W
Oryx and Crake,Margaret Atwood,Margaret Atwood,1,Romance,Romance,"Literary Fiction, Friendship, Fantasy",2002,2000,2000+,24,49,Popular,True,4.17,48.0,368.5,True,Long (350–500),274.0,10.0,75.0,359.0,0.882,1939-11-18,1939,,,Living,63,"Margaret Eleanor Atwood (born November 18, 1939) is a Canadian novelist, poet, literary critic, and inventor. Since 1961, she has published more than 50 books of fiction, poetry, and critical essays, including 18 books of poetry, 18 novels, 11 books of nonfiction, nine collections of short fiction, ",True,/works/OL675722W
Outlander,Diana Gabaldon,Diana Gabaldon,1,Romance,Romance,"Man-woman relationships, Fiction, Historical fiction, Culloden, Battle of, Scotland, 1746",1991,1990,1950–1999,35,50,Popular,True,4.09,65.0,864.0,False,Epic (500+),1119.0,69.0,98.0,1286.0,0.587,1952,1952,,,Living,39,"Diana Jean Gabaldon Watkins grew up in Flagstaff, Arizona and is of Mexican-American and English descent. She has earned three degrees: a B.S. in Zoology, a M.S. in Marine Biology, and a Ph.D in Ecology. She currently lives in Scottsdale, Arizona. She writes Science Fiction & Fantasy, Historical Fic",True,/works/OL3261155W
Paper Towns,John Green,John Green,1,Romance,Romance,"Fiction, Coming of age, Missing persons",2008,2000,2000+,18,51,Popular,True,,,304.0,False,Medium (200–350),592.0,34.0,133.0,759.0,0.796,,,1757,1757,Deceased,,Not available,True,/works/OL11822690W
Paradise Valley,Robyn Carr,Robyn Carr,1,Romance,Romance,"Fiction, City and town life in fiction, Veterans",2009,2000,2000+,17,20,Moderate,True,,,,False,,,,,,,,,,,Unknown,,Not available,False,/works/OL4279476W
Patchwork Planet,Anne Tyler,Anne Tyler,1,Romance,Romance,"Fiction, Literature, General",1998,1990,1950–1999,28,30,Popular,True,,,,False,,,,,,,,,,,Unknown,,Not available,False,/works/OL28282W
Pelham,"Edward Bulwer Lytton, Baron Lytton",Edward Bulwer Lytton,2,Romance,Romance,"Wainwright, Thomas Griffiths, In fiction, Fiction, Classic Literature",1828,1820,Pre-1900,198,108,Classic/Bestseller,True,,,390.0,False,Long (350–500),15.0,0.0,0.0,15.0,,,,,,Unknown,,Not available,True,/works/OL8088746W
Porterhouse,Vanessa Vale,Vanessa Vale,1,Romance,Romance,"Serie:Grade-A_Beefcakes, Romance, Erotica",2019,2010,2000+,7,22,Moderate,False,,,,False,,,,,,,,,,,Unknown,,Not available,False,/works/OL25422743W
Potterism,Rose Macaulay,Rose Macaulay,1,Romance,Romance,"General & Literary Fiction, General, Fiction / General",1920,1920,1900–1949,106,63,Popular,True,,,182.0,False,Short (<200),5.0,0.0,1.0,6.0,1.0,1881-08-01,1881,1958-10-30,1958,Deceased,39,"An English writer, most noted for her award-winning novel <i>The Towers of Trebizond</i>, about a small Anglo-Catholic group crossing Turkey by camel (<a href=https://en.wikipedia.org/wiki/Rose_Macaulay>Wikipedia</a>).",True,/works/OL261828W
Pretty Little Liars,Sara Shepard,Sara Shepard,1,Romance,Romance,"Fiction, Juvenile Fiction, Romance",2006,2000,2000+,20,20,Moderate,True,,,,False,,,,,,,,,,,Unknown,,Not available,False,/works/OL276728W
Pride and Prejudice,Jane Austen,Jane Austen,1,Romance,"Historical Fiction, Romance","British and irish fiction (fictional works by one author), Brothers and sisters, Children's fiction",1813,1810,Pre-1900,213,132,Classic/Bestseller,True,4.0,28.0,400.0,False,Long (350–500),281.0,37.0,39.0,357.0,0.513,1775-12-16,1775,1817-07-18,1817,Deceased,38,"Jane Austen was an English writer. Although Austen was widely read in her lifetime, she published her works anonymously. The most urgent preoccupations of her bright, young heroines are courtship and marriage. Austen herself never married. Her best-known books include *Pride and Prejudice* (1813) an",True,/works/OL15165350W
Private Scandals,Nora Roberts,Nora Roberts,1,Romance,Romance,"Love stories, American, 1990s, Contemporary",1993,1990,1950–1999,33,23,Moderate,True,,,,False,,,,,,,,,,,Unknown,,Not available,False,/works/OL111478W
Queen of Shadows,Sarah J. Maas,Sarah J. Maas,1,Romance,Romance,"Magic, YA, High Fantasy",2015,2010,2000+,11,21,Moderate,True,,,,False,,,,,,,1986-03-05,1986,,,Living,29,"Sarah J. Maas is the #1 New York Times and internationally bestselling author of the Crescent City, A Court of Thorns and Roses, and the Throne of Glass series. Her books have sold more than twelve million copies and are published in thirty-seven languages. A New York native, Sarah lives in Philadel",False,/works/OL17718538W
Rachel Ray,Anthony Trollope,Anthony Trollope,1,Romance,Romance,"Fiction, England, Social life and customs",1863,1860,Pre-1900,163,35,Popular,True,,,,False,,,,,,,1815-04-24,1815,1882-12-06,1882,Deceased,48,Not available,False,/works/OL109861W
Ravished,Jayne Ann Krentz,Jayne Ann Krentz,1,Romance,Romance,"Fiction, Romance, Collection and preservation",1992,1990,1950–1999,34,20,Moderate,True,,,,False,,,,,,,,,,,Unknown,,Not available,False,/works/OL112312W
"Red, White & Royal Blue",Casey McQuiston,Casey McQuiston,1,Romance,Romance,"Fiction, Gay, Romance, Contemporary, Humorous",2019,2010,2000+,7,23,Moderate,False,4.18,197.0,421.0,False,Long (350–500),4666.0,153.0,211.0,5030.0,0.58,,,,,Unknown,,Not available,True,/works/OL20090688W
Riders of the Purple Sage,Zane Grey,Zane Grey,1,Romance,Romance,"Fiction, Mormon women, Polygamy",1912,1910,1900–1949,114,709,Classic/Bestseller,True,,,334.0,False,Medium (200–350),46.0,6.0,10.0,62.0,0.625,1872-01-31,1872,1939-10-23,1939,Deceased,40,"Zane Grey was an American author best known for his popular adventure novels and stories that presented an idealized image of the rugged Old West. As of June 2007, the Internet Movie Database credits Grey with 110 films, one TV episode, and a series, Dick Powell's Zane Grey Theater based loosely on ",True,/works/OL485504W
Rose,Vanessa Vale,Vanessa Vale,1,Romance,Romance,"Fiction, Romance, General, Serie:Lenox_Ranch_Cowboys",2015,2010,2000+,11,20,Moderate,False,,,,False,,,,,,,,,,,Unknown,,Not available,False,/works/OL25422786W
Royal Escape,Georgette Heyer,Georgette Heyer,1,Romance,Romance,"1930s, Fiction, Historical",1938,1930,1900–1949,88,47,Popular,True,,,386.0,False,Long (350–500),38.0,2.0,3.0,43.0,0.6,1902-08-16,1902,1974-07-04,1974,Deceased,36,"Georgette Heyer was born on 16 August 1902 in Wimbledon, London, England, UK. She was the eldest child of Sylvia Watkins and George Heyer; her brother George Boris was born four years later, and her brother Frank nine years later. During her childhood, the family lived also in Paris, France, but the",True,/works/OL4092591W
Ruin and Rising,Leigh Bardugo,Leigh Bardugo,1,Romance,Romance,"Magic, Fantasy fiction, Orphans",2014,2010,2000+,12,26,Popular,True,,,,False,,,,,,,,,,,Unknown,,Not available,False,/works/OL17293267W
Safe harbour,Danielle Steel,Danielle Steel,1,Romance,Romance,"Literature, Children and adults, Girls",2003,2000,2000+,23,30,Popular,True,,,,False,,,,,,,1947-08-14,1947,,,Living,56,"Danielle Fernandes Dominique Schuelein-Steel, better known by the name Danielle Steel, is an American novelist, currently the best selling author alive and the fourth bestselling fiction author of all time, with over 800 million copies sold. [Wikipedia][1]


  [1]: https://en.wikipedia.org/wiki/D",False,/works/OL19748W
Second Sight,Jayne Ann Krentz,Jayne Ann Krentz,1,Romance,Romance,"Fiction, Historical, Romance, Clairvoyants in fiction, Historical Romance",2006,2000,2000+,20,30,Popular,True,,,,False,,,,,,,,,,,Unknown,,Not available,False,/works/OL112318W
Second generation,Howard Fast,Howard Fast,1,Romance,Romance,"Fiction, French Americans, Italian Americans",1978,1970,1950–1999,48,24,Moderate,True,,,,False,,,,,,,,,,,Unknown,,Not available,False,/works/OL1067068W
Sense and Sensibility,Jane Austen,Jane Austen,1,Romance,Romance,"Fiction, Romance, Historical, Regency, Inheritance and succession, Mate selection",1811,1810,Pre-1900,215,2090,Classic/Bestseller,True,3.93,54.0,320.0,False,Medium (200–350),989.0,80.0,132.0,1201.0,0.623,1775-12-16,1775,1817-07-18,1817,Deceased,36,"Jane Austen was an English writer. Although Austen was widely read in her lifetime, she published her works anonymously. The most urgent preoccupations of her bright, young heroines are courtship and marriage. Austen herself never married. Her best-known books include *Pride and Prejudice* (1813) an",True,/works/OL66562W
Serrez-Moi Fort,Vanessa Vale,Vanessa Vale,1,Romance,Romance,"Serie:Bridgewater_County, Romance, Erotica",2017,2010,2000+,9,29,Popular,False,,,,False,,,,,,,,,,,Unknown,,Not available,False,/works/OL25419834W
Seta,Alessandro Baricco,Alessandro Baricco,1,Romance,Romance,"Novela italiana, Fiction, Travel",,,,,55,Popular,True,3.68,22.0,125.0,False,Short (<200),114.0,9.0,38.0,161.0,0.809,1958-01-25,1958,,,Living,,"Alessandro Baricco (Torino, 25 gennaio 1958) è uno scrittore, drammaturgo, sceneggiatore, autore televisivo, critico musicale, conduttore televisivo e conduttore radiofonico italiano, vincitore del Premio Viareggio nel 1993.


----------


Alessandro Baricco (Turin, 25 January 1958) is an Ital",True,/works/OL876504W
Shadow and Bone,Leigh Bardugo,Leigh Bardugo,1,Romance,Romance,"Magic, Ability, Fantasy fiction",2012,2010,2000+,14,35,Popular,True,,,,False,,,,,,,,,,,Unknown,,Not available,False,/works/OL16239519W
Shadow souls,Lisa Jane Smith,Lisa Jane Smith,1,Romance,Romance,"Fiction, Brothers, Interpersonal relations",2010,2010,2000+,16,25,Moderate,True,,,,False,,,,,,,,,,,Unknown,,Not available,False,/works/OL14982396W
She,H. Rider Haggard,H. Rider Haggard,1,Romance,Romance,"Fiction in English, Adventure and adventurers, Reincarnation",1886,1880,Pre-1900,140,510,Classic/Bestseller,True,3.83,6.0,255.0,False,Medium (200–350),,,,,,1856-06-22,1856,1925-05-14,1925,Deceased,30,"English writer of adventure novels set in exotic locations, predominantly Africa, and a founder of the Lost World literary genre.",False,/works/OL17453W
Shelter Mountain,Robyn Carr,Robyn Carr,1,Romance,Romance,"Fiction, Abusive men, Contemporary Romance",2007,2000,2000+,19,21,Moderate,True,,,,False,,,,,,,,,,,Unknown,,Not available,False,/works/OL4279459W
Shōgun,James Clavell,James Clavell,1,Romance,Romance,"Fiction, Historical fiction, History",1975,1970,1950–1999,51,23,Moderate,True,,,1225.0,False,Epic (500+),,,,,,1924-10-10,1924,1994-09-07,1994,Deceased,51,"James Clavell (born Charles Edmund Dumaresq Clavell; October 10, 1924 – September 6, 1994) was an Australian-born British author, screenwriter, and director, best known for his *Asian Saga* consisting of 6 novels, including the critically acclaimed [*Shōgun*][2] (1975). This epic historical novel, i",False,/works/OL2918756W
Siege and Storm,Leigh Bardugo,Leigh Bardugo,1,Romance,Romance,"Monsters -- Fiction, Magic -- Fiction, Orphans -- Fiction",2013,2010,2000+,13,28,Popular,True,,,,False,,,,,,,,,,,Unknown,,Not available,False,/works/OL20924915W
Simon the Coldheart (Beauvallet Dynasty #1),Georgette Heyer,Georgette Heyer,1,Romance,Romance,"Fiction, Man-woman relationships, Knights and knighthood",1925,1920,1900–1949,101,36,Popular,True,,,,False,,,,,,,1902-08-16,1902,1974-07-04,1974,Deceased,23,"Georgette Heyer was born on 16 August 1902 in Wimbledon, London, England, UK. She was the eldest child of Sylvia Watkins and George Heyer; her brother George Boris was born four years later, and her brother Frank nine years later. During her childhood, the family lived also in Paris, France, but the",False,/works/OL4092651W
Sir Loin Of Beef,Vanessa Vale,Vanessa Vale,1,Romance,Romance,"Serie:Grade-A_Beefcakes, Romance, Erotica",2017,2010,2000+,9,27,Popular,False,,,,False,,,,,,,,,,,Unknown,,Not available,False,/works/OL24817785W
Skirt Steak,Vanessa Vale,Vanessa Vale,1,Romance,Romance,"Serie:Grade-A_Beefcakes, Romance, Erotica",2019,2010,2000+,7,22,Moderate,False,,,368.5,True,Long (350–500),0.0,0.0,0.0,0.0,,,,,,Unknown,,Not available,True,/works/OL25419549W
Skylight Confessions,Alice Hoffman,Alice Hoffman,1,Romance,Romance,"Life change events, Architects, Fiction",2007,2000,2000+,19,23,Moderate,True,4.0,1.0,368.5,True,Long (350–500),4.0,0.0,1.0,5.0,1.0,,,,,Unknown,,Not available,True,/works/OL48933W
Snowfall at Willow Lake,Susan Childress,Susan Childress,1,Romance,Romance,"Small cities in fiction, Veterinarians in fiction",2008,2000,2000+,18,22,Moderate,True,3.8,5.0,,False,,,,,,,,,,,Unknown,,Not available,False,/works/OL4778051W
"Someday (Sunrise Series-Baxter 3, Book 3)",Karen Kingsbury,Karen Kingsbury,1,Romance,Romance,"Romance, Drama, Fiction",2008,2000,2000+,18,22,Moderate,True,3.75,4.0,,False,,,,,,,1963-06-08,1963,,,Living,45,Not available,False,/works/OL94298W
Spurred - Die Sporen Geben,Vanessa Vale,Vanessa Vale,1,Romance,Romance,"Serie:Steele_Ranch, Romance, Erotica",2017,2010,2000+,9,25,Moderate,False,,,,False,,,,,,,,,,,Unknown,,Not available,False,/works/OL25422935W
Summer (Sunrise),Karen Kingsbury,Karen Kingsbury,1,Romance,Romance,"Fiction, Summer, Celebrities in fiction",2007,2000,2000+,19,22,Moderate,True,,,,False,,,,,,,1963-06-08,1963,,,Living,44,Not available,False,/works/OL94312W
Susannah's Garden,"Debbie Macomber, Laural Merlington",Debbie Macomber,2,Romance,Romance,"Middle-aged women, Families, Fiction",2006,2000,2000+,20,31,Popular,True,,,,False,,,,,,,,,,,Unknown,,Not available,False,/works/OL1911502W
Sushi für Anfänger,"Marian Keyes, Caitriona Keyes",Marian Keyes,2,Romance,Romance,"Literature, Publishing, Women periodical editors",2000,2000,2000+,26,40,Popular,True,3.5,2.0,368.5,True,Long (350–500),9.0,2.0,2.0,13.0,0.5,1963-09-10,1963,,,Living,37,Irish writer,True,/works/OL14168W
Sweet Revenge,Nora Roberts,Nora Roberts,1,Romance,Romance,"Love stories, American, 1980s, Suspense",1988,1980,1950–1999,38,24,Moderate,True,,,,False,,,,,,,,,,,Unknown,,Not available,False,/works/OL111438W
Sólo una muerte en Lisboa,Robert Wilson,Robert Wilson,1,Romance,Romance,"Police, Fiction, Romance",1999,1990,1950–1999,27,20,Moderate,True,,,,False,,,,,,,,,,,Unknown,,Not available,False,/works/OL5133718W
T-Bone,Vanessa Vale,Vanessa Vale,1,Romance,Romance,"Serie:Grade-A_Beefcakes, Romance, Erotica",2017,2010,2000+,9,25,Moderate,False,,,,False,,,,,,,,,,,Unknown,,Not available,False,/works/OL25419173W
Take Me Fast,Vanessa Vale,Vanessa Vale,1,Romance,Romance,"Fiction, Romance, General, Serie:Bridgewater_County",2018,2010,2000+,8,29,Popular,False,,,,False,,,,,,,,,,,Unknown,,Not available,False,/works/OL25421563W
Tangled,Vanessa Vale,Vanessa Vale,1,Romance,Romance,"Serie:Steele_Ranch, Romance, Erotica",2018,2010,2000+,8,24,Moderate,False,,,,False,,,,,,,,,,,Unknown,,Not available,False,/works/OL25421287W
The Age of Innocence,Edith Wharton,Edith Wharton,1,Romance,Romance,"Fiction, Triangles (Interpersonal relations), Upper class",1920,1920,1900–1949,106,301,Classic/Bestseller,True,3.54,48.0,368.5,True,Long (350–500),553.0,46.0,64.0,663.0,0.582,1862-01-24,1862,1937-08-11,1937,Deceased,58,"Edith Wharton was a Pulitzer Prize-winning American novelist, short story writer and designer.

*The Age of Innocence* (1920) won the 1921 Pulitzer Prize for literature, making her the first woman to win the award. She spoke fluent French as well as several other languages and many of her books we",True,/works/OL98491W
The Agony Column,Earl Derr Biggers,Earl Derr Biggers,1,Romance,Romance,"Charlie Chan (Fictitious character), Classic Literature, Fiction",1916,1910,1900–1949,110,31,Popular,True,,,,False,,,,,,,,,,,Unknown,,Not available,False,/works/OL6438828W
The Ambassadors,Henry James,Henry James,1,Romance,Romance,"Man-woman relationships, Fiction, Romance",1903,1900,1900–1949,123,231,Classic/Bestseller,True,,,664.0,False,Epic (500+),,,,,,1843-04-15,1843,1916-02-28,1916,Deceased,60,"Henry James, was an American writer, regarded as one of the key figures of 19th-century literary realism. He was the son of Henry James, Sr., a clergyman, and the brother of philosopher and psychologist William James and diarist Alice James.  ([Source][1].)

[1]:http://en.wikipedia.org/wiki/Henry_",False,/works/OL276470W
The Claiming of Sleeping Beauty,Anne Rice,Anne Rice,1,Romance,Romance,"Tributes, Fiction, Romance",1983,1980,1950–1999,43,25,Moderate,True,,,,False,,,,,,,1941-10-04,1941,2021-12-11,2021,Deceased,42,"Anne Rice was born on 04 October 1941 in New Orleans, Louisiana, USA. She was the second of four daughters of Irish Catholic parents, Katherine ""Kay"" Allen and Howard O'Brien. In 1961, she married Stan Rice, who passed away in 2002. They had two children, Christopher (1978) and Michele (1966-1972). ",False,/works/OL77834W
The Conqueror,Georgette Heyer,Georgette Heyer,1,Romance,Romance,"1930s, Fiction, Kings and rulers",1931,1930,1900–1949,95,39,Popular,True,1.67,3.0,338.0,False,Medium (200–350),34.0,2.0,5.0,41.0,0.714,1902-08-16,1902,1974-07-04,1974,Deceased,29,"Georgette Heyer was born on 16 August 1902 in Wimbledon, London, England, UK. She was the eldest child of Sylvia Watkins and George Heyer; her brother George Boris was born four years later, and her brother Frank nine years later. During her childhood, the family lived also in Paris, France, but the",True,/works/OL4092645W
The Crush,Sandra Brown,Sandra Brown,1,Romance,Romance,"Suspense fiction, Fiction",2002,2000,2000+,24,26,Popular,True,,,,False,,,,,,,,,,,Unknown,,Not available,False,/works/OL167333W
The Custom of the Country,Edith Wharton,Edith Wharton,1,Romance,Romance,"Fiction, Divorced women, Upper class",,,,,94,Popular,True,5.0,1.0,614.0,False,Epic (500+),43.0,4.0,3.0,50.0,0.429,1862-01-24,1862,1937-08-11,1937,Deceased,,"Edith Wharton was a Pulitzer Prize-winning American novelist, short story writer and designer.

*The Age of Innocence* (1920) won the 1921 Pulitzer Prize for literature, making her the first woman to win the award. She spoke fluent French as well as several other languages and many of her books we",True,/works/OL98585W
The Duke's Children,Anthony Trollope,Anthony Trollope,1,Romance,Romance,"Social life and customs, Widowers, Literature",1880,1880,Pre-1900,146,51,Popular,True,,,194.0,False,Short (<200),26.0,1.0,2.0,29.0,0.667,1815-04-24,1815,1882-12-06,1882,Deceased,65,Not available,True,/works/OL109872W
The Eustace diamonds,Anthony Trollope,Anthony Trollope,1,Romance,Romance,"Fiction, Jewelry theft, Socialites",1872,1870,Pre-1900,154,102,Classic/Bestseller,True,,,774.0,False,Epic (500+),32.0,1.0,5.0,38.0,0.833,1815-04-24,1815,1882-12-06,1882,Deceased,57,Not available,True,/works/OL109873W
The Fault in Our Stars,John Green,John Green,1,Romance,Romance,"Young Adult Fiction, Cancer—Fiction, Terminally ill—Fiction",2010,2010,2000+,16,80,Popular,True,4.21,223.0,255.0,False,Medium (200–350),3794.0,352.0,378.0,4524.0,0.518,,,1757,1757,Deceased,,Not available,True,/works/OL16444438W
The Gabriel Hounds,Mary Stewart,Mary Stewart,1,Romance,Romance,"Gothic, Romance, Mystery",1967,1960,1950–1999,59,21,Moderate,True,,,,False,,,,,,,,,,,Unknown,,Not available,False,/works/OL213268W
The Glimpses of the Moon,Edith Wharton,Edith Wharton,1,Romance,Romance,"Fiction, Socialites, Married people",1922,1920,1900–1949,104,46,Popular,True,,,258.0,False,Medium (200–350),51.0,2.0,2.0,55.0,0.5,1862-01-24,1862,1937-08-11,1937,Deceased,60,"Edith Wharton was a Pulitzer Prize-winning American novelist, short story writer and designer.

*The Age of Innocence* (1920) won the 1921 Pulitzer Prize for literature, making her the first woman to win the award. She spoke fluent French as well as several other languages and many of her books we",True,/works/OL98580W
The God of Small Things,Arundhati Roy,Arundhati Roy,1,Romance,Romance,"Literary Fiction, Women's Fiction, Dalit",1997,1990,1950–1999,29,65,Popular,True,3.81,78.0,368.5,True,Long (350–500),1232.0,96.0,106.0,1434.0,0.525,,,,,Unknown,,Not available,True,/works/OL1052133W
The Godfather,Mario Puzo,Mario Puzo,1,Romance,Romance,"Detective and mystery stories, Organized crime, Criminals",1969,1960,1950–1999,57,109,Classic/Bestseller,True,4.29,49.0,454.0,False,Long (350–500),876.0,95.0,93.0,1064.0,0.495,,,,,Unknown,,Not available,True,/works/OL1673205W
The Great Gatsby,F. Scott Fitzgerald,F. Scott Fitzgerald,1,Romance,Romance,"Married people, Fiction, American fiction (fictional works by one author), Psychological",1920,1920,1900–1949,106,1180,Classic/Bestseller,True,3.99,245.0,431.0,False,Long (350–500),2613.0,203.0,517.0,3333.0,0.718,1896-09-24,1896,1940-12-21,1940,Deceased,24,"Francis Scott Key Fitzgerald was an American author of novels and short stories, whose works are evocative of the Jazz Age, a term he coined himself. He is widely regarded as one of the twentieth century's greatest writers. Fitzgerald is considered a member of the ""Lost Generation"" of the Twenties. ",True,/works/OL468431W
The Harvester,Gene Stratton-Porter,Gene Stratton-Porter,1,Romance,Romance,"Christian Life, Gene Stratton-Porter, History",1911,1910,1900–1949,115,34,Popular,True,,,,False,,,,,,,,,,,Unknown,,Not available,False,/works/OL42383W
The Hollow,Nora Roberts,Nora Roberts,1,Romance,Romance,"Spiritual warfare, Blessing and cursing, Fiction",2008,2000,2000+,18,20,Moderate,True,,,,False,,,,,,,,,,,Unknown,,Not available,False,/works/OL111508W
The Horse Whisperer,Nicholas Evans,Nicholas Evans,1,Romance,Romance,"Caballos, Curadores, Ficción",1995,1990,1950–1999,31,72,Popular,True,3.33,3.0,370.0,False,Long (350–500),39.0,4.0,5.0,48.0,0.556,1950,1950,2022-08-09,2022,Deceased,45,"Nicholas Benbow Evans was born in Bromsgrove, Worcestershire, son of Anthony Evans, director of a motor engineering company, and Eileen, née Whitehouse. He was educated at Bromsgrove School, where he was head boy. He served as a teacher in Senegal with the charity Voluntary Service Overseas for a ye",True,/works/OL1850341W
The Hunger Games Trilogy (Hunger Games / Catching Fire / Mockingjay),Suzanne Collins,Suzanne Collins,1,Romance,Romance,"Romance, Drama, Young adult fiction",2010,2010,2000+,16,29,Popular,True,,,,False,,,,,,,,,,,Unknown,,Not available,False,/works/OL15518787W
The Last Chronicle of Barset,Anthony Trollope,Anthony Trollope,1,Romance,Romance,"Clergy in fiction, Social life and customs, Romance",1867,1860,Pre-1900,159,97,Popular,True,4.0,1.0,648.0,False,Epic (500+),30.0,1.0,2.0,33.0,0.667,1815-04-24,1815,1882-12-06,1882,Deceased,52,Not available,True,/works/OL109876W
The Lone Star Ranger,Zane Grey,Zane Grey,1,Romance,Romance,"Fiction, Westerns, General, Outlaws",1914,1910,1900–1949,112,358,Classic/Bestseller,True,,,368.5,True,Long (350–500),4.0,0.0,0.0,4.0,,1872-01-31,1872,1939-10-23,1939,Deceased,42,"Zane Grey was an American author best known for his popular adventure novels and stories that presented an idealized image of the rugged Old West. As of June 2007, the Internet Movie Database credits Grey with 110 films, one TV episode, and a series, Dick Powell's Zane Grey Theater based loosely on ",True,/works/OL485469W
"The Long Way to a Small, Angry Planet",Becky Chambers,Becky Chambers,1,Romance,Romance,"Fiction, Science fiction, Extraterrestrial beings",2014,2010,2000+,12,21,Moderate,True,,,,False,,,,,,,,,,,Unknown,,Not available,False,/works/OL17716925W
The Man From Stone Creek,"Linda Lael Miller, Buck Schirner",Linda Lael Miller,2,Romance,Romance,"Man-woman relationships, Arizona Rangers, Fiction",2006,2000,2000+,20,21,Moderate,True,,,,False,,,,,,,,,,,Unknown,,Not available,False,/works/OL28006W
The Mighty Quinns,Kate Hoffmann,Kate Hoffmann,1,Romance,Romance,"Fiction, Romance, Contemporary""",2001,2000,2000+,25,20,Moderate,True,,,,False,,,,,,,,,,,Unknown,,Not available,False,/works/OL5695043W
The Minister's Wooing,"Harriet Beecher Stowe, Hablot Knight Browne",Harriet Beecher Stowe,2,Romance,Romance,"Fiction, Calvinism, Slavery and the church",,,,,57,Popular,True,,,578.0,False,Epic (500+),9.0,0.0,0.0,9.0,,1811-06-14,1811,1896-07-01,1896,Deceased,,Harriet Elisabeth Beecher Stowe (14 June 1811 – 1 July 1896) was an American author and abolitionist.,True,/works/OL152226W
The Moonstone,Wilkie Collins,Wilkie Collins,1,Romance,Romance,"Fiction, Jewelry theft, East Indians",,,,,977,Classic/Bestseller,True,4.09,23.0,720.0,False,Epic (500+),350.0,25.0,43.0,418.0,0.632,,,,,Unknown,,Not available,True,/works/OL176092W
The Nonesuch,Georgette Heyer,Georgette Heyer,1,Romance,Romance,"Fiction, Romance",1962,1960,1950–1999,64,30,Popular,True,,,,False,,,,,,,1902-08-16,1902,1974-07-04,1974,Deceased,60,"Georgette Heyer was born on 16 August 1902 in Wimbledon, London, England, UK. She was the eldest child of Sylvia Watkins and George Heyer; her brother George Boris was born four years later, and her brother Frank nine years later. During her childhood, the family lived also in Paris, France, but the",False,/works/OL4092578W
The Notebook,Nicholas Sparks,Nicholas Sparks,1,Romance,Romance,"Man-woman relationships, Fiction, Oral reading, Older people",1996,1990,1950–1999,30,53,Popular,True,3.58,26.0,176.0,False,Short (<200),732.0,57.0,55.0,844.0,0.491,1965-12-31,1965,,,Living,31,"Nicholas Sparks is one of the world’s most beloved storytellers. All of his books have been New York Times bestsellers, with over 105 million copies sold worldwide, in more than 50 languages, including over 75 million copies in the United States alone.

Sparks wrote one of his best-known stories, ",True,/works/OL54797W
The One (The Selection #3),Kiera Cass,Kiera Cass,1,Romance,Romance,"Science Fiction, Young adult fiction, Dystopian Fiction",2012,2010,2000+,14,26,Popular,True,,,,False,,,,,,,,,,,Unknown,,Not available,False,/works/OL16925622W
The Perfect Poison,Jayne Ann Krentz,Jayne Ann Krentz,1,Romance,Romance,"Romance, Historical Romance, Murder",2009,2000,2000+,17,20,Moderate,True,,,,False,,,,,,,,,,,Unknown,,Not available,False,/works/OL112317W
The Perks of Being a Wallflower,Stephen Chbosky,Stephen Chbosky,1,Romance,Romance,"Young adult fiction, Bildungsroman, Epistolary fiction",1999,1990,1950–1999,27,51,Popular,True,4.27,111.0,368.5,True,Long (350–500),2506.0,142.0,265.0,2913.0,0.651,,,,,Unknown,,Not available,True,/works/OL875437W
The Portrait of a Lady,Henry James,Henry James,1,Romance,Romance,"Social life and customs, Manners and customs, Fiction",1881,1880,Pre-1900,145,432,Classic/Bestseller,True,3.96,24.0,,False,,,,,,,1843-04-15,1843,1916-02-28,1916,Deceased,38,"Henry James, was an American writer, regarded as one of the key figures of 19th-century literary realism. He was the son of Henry James, Sr., a clergyman, and the brother of philosopher and psychologist William James and diarist Alice James.  ([Source][1].)

[1]:http://en.wikipedia.org/wiki/Henry_",False,/works/OL276365W
The Pregnant Widow,Martin Amis,Martin Amis,1,Romance,Romance,"Fiction, College students, British",2010,2010,2000+,16,22,Moderate,True,,,,False,,,,,,,,,,,Unknown,,Not available,False,/works/OL14923565W
The Price of Salt,Patricia Highsmith,Patricia Highsmith,1,Romance,Romance,"CollectionID:Sleazy_pulp, Fiction, Lesbians",1952,1950,1950–1999,74,72,Popular,True,4.46,28.0,328.0,False,Medium (200–350),503.0,21.0,46.0,570.0,0.687,,,,,Unknown,,Not available,True,/works/OL59448W
The Princess Casamassima,Henry James,Henry James,1,Romance,Romance,"Social life and customs, Fiction, Romance",1886,1880,Pre-1900,140,37,Popular,True,,,,False,,,,,,,1843-04-15,1843,1916-02-28,1916,Deceased,43,"Henry James, was an American writer, regarded as one of the key figures of 19th-century literary realism. He was the son of Henry James, Sr., a clergyman, and the brother of philosopher and psychologist William James and diarist Alice James.  ([Source][1].)

[1]:http://en.wikipedia.org/wiki/Henry_",False,/works/OL276444W
The Pursuit of Happiness,Douglas Kennedy,Douglas Kennedy,1,Romance,Romance,"Fiction, Historical Fiction, Romance",2001,2000,2000+,25,23,Moderate,True,,,,False,,,,,,,,,,,Unknown,,Not available,False,/works/OL258113W
The Return of the Native,Thomas Hardy,Thomas Hardy,1,Romance,Romance,"People with visual disabilities, Fiction, Return of the native (Hardy, Thomas)",1878,1870,Pre-1900,148,205,Classic/Bestseller,True,4.0,7.0,136.0,False,Short (<200),129.0,8.0,13.0,150.0,0.619,1840-06-02,1840,1928-01-11,1928,Deceased,38,"Thomas Hardy, OM was an English novelist and poet of the naturalist movement, although in several poems he displays elements of the previous romantic and enlightenment periods of literature, such as his fascination with the supernatural.

While he regarded himself primarily as a poet who composed ",True,/works/OL44994W
The River Knows,Jayne Ann Krentz,Jayne Ann Krentz,1,Romance,Romance,"Women booksellers, Suicide, Fiction",2007,2000,2000+,19,26,Popular,True,,,,False,,,,,,,,,,,Unknown,,Not available,False,/works/OL112338W
The Rosie Project,Graeme Simsion,Graeme Simsion,1,Romance,Romance,"Australia, Genetics, Research",2013,2010,2000+,13,37,Popular,True,,,,False,,,,,,,,,,,Unknown,,Not available,False,/works/OL16813583W
The Secret Life of CeeCee Wilkes,Diane Chamberlain,Diane Chamberlain,1,Romance,Romance,"Kidnapping, Murder, Fiction",2006,2000,2000+,20,24,Moderate,True,,,,False,,,,,,,,,,,Unknown,,Not available,False,/works/OL2571782W
The Secret Woman,Eleanor Burford,Eleanor Burford,1,Romance,Romance,"Danger, Travel, Fiction",1970,1970,1950–1999,56,41,Popular,True,4.0,2.0,365.0,False,Long (350–500),82.0,7.0,17.0,106.0,0.708,1906-09-01,1906,1993-01-18,1993,Deceased,64,"Eleanor Alice Burford was born on September 01, 1906 in Kensington, London. Her father, Joseph Burford, was something of an odd-job man, with no steady profession, but he quickly passed on his great love of books to his young daughter. She was an avid reader from the age of four onwards. In her earl",True,/works/OL3931459W
The Seven Husbands of Evelyn Hugo,Taylor Jenkins Reid,Taylor Jenkins Reid,1,Romance,Romance,"Biographers, Fiction, General",2017,2010,2000+,9,24,Moderate,True,,,,False,,,,,,,,,,,Unknown,,Not available,False,/works/OL18203673W
The Sheik,E. M. Hull,E. M. Hull,1,Romance,Romance,"CollectionID:Gbodice_ripper, CollectionID:Sleazy_pulp, British",1919,1910,1900–1949,107,25,Moderate,True,,,,False,,,,,,,,,,,Unknown,,Not available,False,/works/OL6101936W
The Spring of the Tiger,Eleanor Burford,Eleanor Burford,1,Romance,Romance,"Actresses, Murder, Sarah Ashington (Fictitious character)",1979,1970,1950–1999,47,22,Moderate,True,3.5,2.0,512.0,False,Epic (500+),39.0,1.0,4.0,44.0,0.8,1906-09-01,1906,1993-01-18,1993,Deceased,73,"Eleanor Alice Burford was born on September 01, 1906 in Kensington, London. Her father, Joseph Burford, was something of an odd-job man, with no steady profession, but he quickly passed on his great love of books to his young daughter. She was an avid reader from the age of four onwards. In her earl",True,/works/OL3931415W
The Sun is Also a Star,"Nicola Yoon, KARINE SUHARD - GUIE",Nicola Yoon,2,Romance,Romance,"Deportation, Social Issues, YOUNG ADULT FICTION",2016,2010,2000+,10,22,Moderate,True,,,,False,,,,,,,,,,,Unknown,,Not available,False,/works/OL18199565W
The Talisman,Sir Walter Scott,Sir Walter Scott,1,Romance,Romance,"Christian, Sir Walter Scott, Protestant",,,,,77,Popular,True,,,325.0,False,Medium (200–350),31.0,3.0,4.0,38.0,0.571,1771-08-15,1771,1832-09-21,1832,Deceased,,"Sir Walter Scott, 1st Baronet, was a prolific Scottish historical novelist and poet, popular throughout Europe during his time. Scott has been said to be particularly associated with Toryism, though several passages in Tales of a Grandfather display a liberal, progressive and Unionist outlook on Sco",True,/works/OL863795W
"The Third Circle:(Arcane Society, #4)",Jayne Ann Krentz,Jayne Ann Krentz,1,Romance,Romance,"Fiction, Secret societies, Hypnotists",2008,2000,2000+,18,24,Moderate,True,,,,False,,,,,,,,,,,Unknown,,Not available,False,/works/OL112325W
The Thorn Birds,Colleen McCullough,Colleen McCullough,1,Romance,Romance,"Fiction, Romance, Clergy, Catholic Church",1977,1970,1950–1999,49,79,Popular,True,3.69,13.0,692.0,False,Epic (500+),196.0,21.0,29.0,246.0,0.58,1937-06-01,1937,2015-01-29,2015,Deceased,40,Not available,True,/works/OL1882556W
The Thundering Herd,Zane Grey,Zane Grey,1,Romance,Romance,"Comanche, American bison",1924,1920,1900–1949,102,42,Popular,True,,,,False,,,,,,,1872-01-31,1872,1939-10-23,1939,Deceased,52,"Zane Grey was an American author best known for his popular adventure novels and stories that presented an idealized image of the rugged Old West. As of June 2007, the Internet Movie Database credits Grey with 110 films, one TV episode, and a series, Dick Powell's Zane Grey Theater based loosely on ",False,/works/OL485436W
The Time Traveler's Wife,Audrey Niffenegger,Audrey Niffenegger,1,Romance,Romance,"Mutants, Love, Death",2003,2000,2000+,23,37,Popular,True,,,,False,,,,,,,,,,,Unknown,,Not available,False,/works/OL4720160W
The Vampire Lestat,Anne Rice,Anne Rice,1,Romance,Romance,"Nobility, Vampire novels, Fiction",1986,1980,1950–1999,40,53,Popular,True,4.29,48.0,606.0,False,Epic (500+),452.0,29.0,98.0,579.0,0.772,1941-10-04,1941,2021-12-11,2021,Deceased,45,"Anne Rice was born on 04 October 1941 in New Orleans, Louisiana, USA. She was the second of four daughters of Irish Catholic parents, Katherine ""Kay"" Allen and Howard O'Brien. In 1961, she married Stan Rice, who passed away in 2002. They had two children, Christopher (1978) and Michele (1966-1972). ",True,/works/OL77813W
The Wings of the Dove,Henry James,Henry James,1,Romance,Romance,"Fiction, Americans in fiction, Americans",1902,1900,1900–1949,124,60,Popular,True,3.5,2.0,512.0,False,Epic (500+),48.0,3.0,4.0,55.0,0.571,1843-04-15,1843,1916-02-28,1916,Deceased,59,"Henry James, was an American writer, regarded as one of the key figures of 19th-century literary realism. He was the son of Henry James, Sr., a clergyman, and the brother of philosopher and psychologist William James and diarist Alice James.  ([Source][1].)

[1]:http://en.wikipedia.org/wiki/Henry_",True,/works/OL276397W
The Wolf Gift,Anne Rice,Anne Rice,1,Romance,Romance,"Werewolves, Fiction, New York Times bestseller",2012,2010,2000+,14,21,Moderate,True,,,,False,,,,,,,1941-10-04,1941,2021-12-11,2021,Deceased,71,"Anne Rice was born on 04 October 1941 in New Orleans, Louisiana, USA. She was the second of four daughters of Irish Catholic parents, Katherine ""Kay"" Allen and Howard O'Brien. In 1961, she married Stan Rice, who passed away in 2002. They had two children, Christopher (1978) and Michele (1966-1972). ",False,/works/OL34984182W
The Woodlanders,Thomas Hardy,Thomas Hardy,1,Romance,Romance,"Fiction, Forests and forestry, Arranged marriage",,,,,392,Classic/Bestseller,True,3.83,6.0,368.5,True,Long (350–500),85.0,4.0,7.0,96.0,0.636,1840-06-02,1840,1928-01-11,1928,Deceased,,"Thomas Hardy, OM was an English novelist and poet of the naturalist movement, although in several poems he displays elements of the previous romantic and enlightenment periods of literature, such as his fascination with the supernatural.

While he regarded himself primarily as a poet who composed ",True,/works/OL44990W
The divide,Nicholas Evans,Nicholas Evans,1,Romance,Romance,"Ecoterrorism, Western stories, Psychological aspects",2005,2000,2000+,21,31,Popular,True,,,,False,,,,,,,1950,1950,2022-08-09,2022,Deceased,55,"Nicholas Benbow Evans was born in Bromsgrove, Worcestershire, son of Anthony Evans, director of a motor engineering company, and Eileen, née Whitehouse. He was educated at Bromsgrove School, where he was head boy. He served as a teacher in Senegal with the charity Voluntary Service Overseas for a ye",False,/works/OL1850338W
The fifteen streets,Catherine Cookson,Catherine Cookson,1,Romance,Romance,"Fiction in English, Social classes, Romance",1952,1950,1950–1999,74,21,Moderate,True,,,,False,,,,,,,1906-06-27,1906,1998-06-11,1998,Deceased,46,"Catherine Ann McMullen was born on 27 June 1906 in Tyne Dock, England, UK. She grew up as daugther of Rose and John McMullen, but was the illegitimate daughter of Kate  Fawcett, whom she believed to be her older sister, and Alexander Davies, a bigamist. She left school at 13 and, and she began work ",False,/works/OL48534W
The ghost,Arnold Bennett,Arnold Bennett,1,Romance,Romance,"Ghosts, Opera singers, Romance",1907,1900,1900–1949,119,319,Classic/Bestseller,True,,,100.0,False,Short (<200),,,,,,1867-05-27,1867,1931-03-27,1931,Deceased,40,"Enoch Arnold Bennett was an English novelist, playwright, and journalist, whose novels and plays generally reflected middle-class life in north Staffordshire. He was born in Hanley, Staffordshire (which is now Stoke-on-Trent), the son of a solicitor. He was educated in Newcastle-under-Lyme. After sc",False,/works/OL109229W
The hours,Michael Cunningham,Michael Cunningham,1,Romance,Romance,"Fiction, Man-woman relationships, Man-woman relationships in fiction",1998,1990,1950–1999,28,38,Popular,True,,,224.0,False,Medium (200–350),115.0,7.0,18.0,140.0,0.72,1952,1952,,,Living,46,Not available,True,/works/OL30838W
The one plus one,Jojo Moyes,Jojo Moyes,1,Romance,Romance,"Fiction, Women, Romance, Contemporary, Single women",2014,2010,2000+,12,22,Moderate,True,,,368.5,True,Long (350–500),78.0,2.0,10.0,90.0,0.833,1969-08-04,1969,,,Living,45,"Pauline Sara Jo Moyes was born on 4 August 1969 and in Maidstone, Kent, England, UK, but  grew up in London. She was the only child of Elizabeth J. McKee and James C. Moyes. She studied at Royal Holloway, University of London and Bedford New College, London University. She lives on a farmhouse in Gr",True,/works/OL26280914W
"The raiders, being some passages in the life of John Faa, Lord and Earl of Little Egypt","Samuel Rutherford Crockett, Neil Campbell",Samuel Rutherford Crockett,2,Romance,Romance,"Scotland, History, Adventure",1893,1890,Pre-1900,133,23,Moderate,True,,,368.5,True,Long (350–500),1.0,0.0,1.0,2.0,1.0,,,,,Unknown,,Not available,True,/works/OL241578W
The weight of silence,Heather Gudenkauf,Heather Gudenkauf,1,Romance,Romance,"Family secrets, Missing children, Fiction",2009,2000,2000+,17,24,Moderate,True,,,,False,,,,,,,,,,,Unknown,,Not available,False,/works/OL17902867W
The well-beloved,Thomas Hardy,Thomas Hardy,1,Romance,Romance,"Fiction, Man-woman relationships, Sculptors",1897,1890,Pre-1900,129,71,Popular,True,4.0,2.0,208.0,False,Medium (200–350),28.0,3.0,3.0,34.0,0.5,1840-06-02,1840,1928-01-11,1928,Deceased,57,"Thomas Hardy, OM was an English novelist and poet of the naturalist movement, although in several poems he displays elements of the previous romantic and enlightenment periods of literature, such as his fascination with the supernatural.

While he regarded himself primarily as a poet who composed ",True,/works/OL44989W
Therese Raquin,Émile Zola,Émile Zola,1,Romance,Romance,"Adultery, Adultery in fiction, Fiction",,,,,36,Popular,True,,,,False,,,,,,,,,,,Unknown,,Not available,False,/works/OL3521623W
This Side of Paradise,F. Scott Fitzgerald,F. Scott Fitzgerald,1,Romance,Romance,"Fiction, Romance, Historical""",1920,1920,1900–1949,106,631,Classic/Bestseller,True,3.83,18.0,200.0,False,Short (<200),265.0,16.0,25.0,306.0,0.61,1896-09-24,1896,1940-12-21,1940,Deceased,24,"Francis Scott Key Fitzgerald was an American author of novels and short stories, whose works are evocative of the Jazz Age, a term he coined himself. He is widely regarded as one of the twentieth century's greatest writers. Fitzgerald is considered a member of the ""Lost Generation"" of the Twenties. ",True,/works/OL468488W
Three Fates,Nora Roberts,Nora Roberts,1,Romance,Romance,"Statues, Brothers and sisters",2002,2000,2000+,24,22,Moderate,True,4.0,4.0,384.0,False,Long (350–500),58.0,4.0,13.0,75.0,0.765,,,,,Unknown,,Not available,True,/works/OL111582W
To All the Boys I've Loved Before,Jenny Han,Jenny Han,1,Romance,Romance,"Scandals, Love, Teenage girls",2014,2010,2000+,12,28,Popular,True,,,,False,,,,,,,,,,,Unknown,,Not available,False,/works/OL17203233W
Tres novelas ejemplares y un prólogo,Miguel de Unamuno,Miguel de Unamuno,1,Romance,Romance,"Translations into English, Social life and customs, Fiction",1920,1920,1900–1949,106,37,Popular,True,,,,False,,,,,,,1864-09-29,1864,1936-12-31,1936,Deceased,56,"Miguel de Unamuno y Jugo (Bilbao, 29 de septiembre de 1864 - Salamanca, 31 de diciembre de 1936) fue un escritor y filósofo español perteneciente a la generación del 98. En su obra cultivó gran variedad de géneros literarios, incluyendo novela, ensayo, teatro y poesía. Rector de la Universidad de Sa",False,/works/OL503626W
Tri-Tip,Vanessa Vale,Vanessa Vale,1,Romance,Romance,"Serie:Grade-A_Beefcakes, Romance, Erotica",2018,2010,2000+,8,23,Moderate,False,,,,False,,,,,,,,,,,Unknown,,Not available,False,/works/OL25425565W
True Betrayals,Nora Roberts,Nora Roberts,1,Romance,Romance,"1990s, Contemporary, Romance",1995,1990,1950–1999,31,29,Popular,True,,,,False,,,,,,,,,,,Unknown,,Not available,False,/works/OL111635W
Turtle Moon,Alice Hoffman,Alice Hoffman,1,Romance,Romance,"Fiction, Suspense fiction, Didactic fiction",1992,1990,1950–1999,34,25,Moderate,True,,,,False,,,,,,,,,,,Unknown,,Not available,False,/works/OL48924W
Twilight,Stephenie Meyer,Stephenie Meyer,1,Romance,Romance,"Series:Luz_e_Escuridão, Series:Twilight, New York Times bestseller",2005,2000,2000+,21,131,Classic/Bestseller,True,3.68,446.0,368.5,True,Long (350–500),5321.0,409.0,687.0,6417.0,0.627,1973-12-24,1973,,,Living,32,"an American novelist and film producer. She is best known for writing the vampire romance series Twilight.
Meyer was the bestselling author of 2008 and 2009 in the U.S. 
Meyer received the 2009 Children's Book of the Year award from the British Book Awards for Breaking Dawn, the Twilight series fi",True,/works/OL5720023W
Uncle Tom's Cabin,Harriet Beecher Stowe,Harriet Beecher Stowe,1,Romance,Romance,"Master and servant, Slavery, Plantation life",1850,1850,Pre-1900,176,688,Classic/Bestseller,True,4.05,21.0,448.0,False,Long (350–500),393.0,20.0,43.0,456.0,0.683,1811-06-14,1811,1896-07-01,1896,Deceased,39,Harriet Elisabeth Beecher Stowe (14 June 1811 – 1 July 1896) was an American author and abolitionist.,True,/works/OL152161W
"Under the Greenwood Tree or, The Mellstock quire",Thomas Hardy,Thomas Hardy,1,Romance,Romance,"British and irish fiction (fictional works by one author), Wessex (england), Fiction, Man-woman relationships",1872,1870,Pre-1900,154,425,Classic/Bestseller,True,3.5,4.0,206.0,False,Medium (200–350),111.0,6.0,5.0,122.0,0.455,1840-06-02,1840,1928-01-11,1928,Deceased,32,"Thomas Hardy, OM was an English novelist and poet of the naturalist movement, although in several poems he displays elements of the previous romantic and enlightenment periods of literature, such as his fascination with the supernatural.

While he regarded himself primarily as a poet who composed ",True,/works/OL44973W
Verity,Colleen Hoover,Colleen Hoover,1,Romance,Romance,"Fiction, Romance, Contemporary, Suspense, New York Times bestseller, Family secrets in fiction",2018,2010,2000+,8,23,Moderate,False,3.86,126.0,269.0,False,Medium (200–350),4727.0,153.0,258.0,5138.0,0.628,,,,,Unknown,,Not available,True,/works/OL20068530W
Wait Until Midnight,Jayne Ann Krentz,Jayne Ann Krentz,1,Romance,Romance,"Fiction, Fantasy, General, Extortion",2004,2000,2000+,22,20,Moderate,True,,,,False,,,,,,,,,,,Unknown,,Not available,False,/works/OL112323W
Waiting,Ha Jin,Ha Jin,1,Romance,Romance,"Fiction, Physicians, Married people",1998,1990,1950–1999,28,23,Moderate,True,,,,False,,,,,,,,,,,Unknown,,Not available,False,/works/OL14557W
Washington Square,Henry James,Henry James,1,Romance,Romance,"Romance, Man-woman relationships, Historical Fiction",1880,1880,Pre-1900,146,219,Classic/Bestseller,True,3.33,6.0,368.5,True,Long (350–500),48.0,1.0,12.0,61.0,0.923,1843-04-15,1843,1916-02-28,1916,Deceased,37,"Henry James, was an American writer, regarded as one of the key figures of 19th-century literary realism. He was the son of Henry James, Sr., a clergyman, and the brother of philosopher and psychologist William James and diarist Alice James.  ([Source][1].)

[1]:http://en.wikipedia.org/wiki/Henry_",True,/works/OL276395W
Water for Elephants,"Sara Gruen, David LeDoux, John Randolph Jones",Sara Gruen,3,Romance,Romance,"Fiction, Circus performers, Depression era",2006,2000,2000+,20,36,Popular,True,,,,False,,,,,,,,,,,Unknown,,Not available,False,/works/OL5813796W
Whispering Rock,Robyn Carr,Robyn Carr,1,Romance,Romance,"Public prosecutors in fiction, Police in fiction, Police",2007,2000,2000+,19,24,Moderate,True,,,,False,,,,,,,,,,,Unknown,,Not available,False,/works/OL4279467W
White Lies,Jayne Ann Krentz,Jayne Ann Krentz,1,Romance,Romance,"Fiction, Psychics, Romance, Paranormal, General",1999,1990,1950–1999,27,30,Popular,True,,,,False,,,,,,,,,,,Unknown,,Not available,False,/works/OL34245W
Wicked Widow,Jayne Ann Krentz,Jayne Ann Krentz,1,Romance,Romance,"Widows, Fiction, Veuves",2000,2000,2000+,26,24,Moderate,True,,,,False,,,,,,,,,,,Unknown,,Not available,False,/works/OL112319W
With This Ring,Jayne Ann Krentz,Jayne Ann Krentz,1,Romance,Romance,"Fiction, Social life and customs, Antiquities",1998,1990,1950–1999,28,20,Moderate,True,,,,False,,,,,,,,,,,Unknown,,Not available,False,/works/OL112326W
Women in Love,D. H. Lawrence,D. H. Lawrence,1,Romance,Romance,"Romance, Classic Literature, Male friendship",,,,,564,Classic/Bestseller,True,3.6,20.0,478.0,False,Long (350–500),708.0,73.0,34.0,815.0,0.318,1885,1885,1930,1930,Deceased,,"D.H. Lawrence was an English author, poet, playwright, essayist and literary critic. His collected works represent an extended reflection upon the dehumanising effects of modernity  and industrialisation. In them, Lawrence confronts issues relating to emotional health and vitality, spontaneity, huma",True,/works/OL81294W
Wrangled,Vanessa Vale,Vanessa Vale,1,Romance,Romance,"Serie:Steele_Ranch, Romance, Erotica",2018,2010,2000+,8,24,Moderate,False,,,,False,,,,,,,,,,,Unknown,,Not available,False,/works/OL25422472W
Wuthering Heights,Emily Brontë,Emily Brontë,1,Romance,Romance,"Form:novel, Genre:tragedy, Genre:gothic",1846,1840,Pre-1900,180,2888,Classic/Bestseller,True,4.1,297.0,311.0,False,Medium (200–350),3030.0,223.0,397.0,3650.0,0.64,1818-07-30,1818,1848-12-19,1848,Deceased,28,"Emily Jane Brontë was an English novelist and poet, now best remembered for her novel [Wuthering Heights][1], a classic of English literature. Emily was the second eldest of the three surviving Brontë sisters, between Charlotte and Anne. She published under the androgynous pen name Ellis Bell. ([Sou",True,/works/OL21177W
Wuthering Heights / Agnes Grey,"Emily Brontë, Anne Brontë",Emily Brontë,2,Romance,Romance,"British and irish fiction (fictional works by one author), Chang pian xiao shuo, Children's fiction",1870,1870,Pre-1900,156,31,Popular,True,,,,False,,,,,,,1818-07-30,1818,1848-12-19,1848,Deceased,52,"Emily Jane Brontë was an English novelist and poet, now best remembered for her novel [Wuthering Heights][1], a classic of English literature. Emily was the second eldest of the three surviving Brontë sisters, between Charlotte and Anne. She published under the androgynous pen name Ellis Bell. ([Sou",False,/works/OL17392581W
Анна Каренина,Лев Толстой,Лев Толстой,1,Romance,"Historical Fiction, Romance","Fiction, Adultery, Married women",1876,1870,Pre-1900,150,1316,Classic/Bestseller,True,4.18,49.0,713.0,False,Epic (500+),1168.0,85.0,105.0,1358.0,0.553,1828-09-09,1828,1910-11-20,1910,Deceased,48,"Лев Николаевич Толстой (9 сентября 1828 – 20 ноября 1910) – русский писатель. Он считается одним из величайших и самых влиятельных авторов всех времён. Среди наиболее известных произведений Толстого – романы «Война и мир» (1869) и «Анна Каренина» (1878), которые часто называют вершинами реалистическ",True,/works/OL267096W
Доктор Живаго,Boris Leonidovich Pasternak,Boris Leonidovich Pasternak,1,Romance,Romance,"Fiction, History, Continental european fiction (fictional works by one author)",1957,1950,1950–1999,69,176,Classic/Bestseller,True,3.5,16.0,,False,,,,,,,1890-02-10,1890,1960-05-30,1960,Deceased,67,"Boris Leonidovich Pasternak (Russian: Бори́с Леони́дович Пастерна́к) was a Russian poet, novelist, composer, and literary translator.",False,/works/OL258301W
コーヒーが冷めないうちに,"川口俊和, Toshikazu Kawaguchi",川口俊和,2,Romance,Romance,"Japanese fiction, Time travel, Fiction",2015,2010,2000+,11,24,Moderate,True,,,,False,,,,,,,,,,,Unknown,,Not available,False,/works/OL20019347W
2001,Arthur C. Clarke,Arthur C. Clarke,1,Sci-Fi,Sci-Fi,"Human-computer interaction, Computers, Fiction",1968,1960,1950–1999,58,117,Classic/Bestseller,True,,,,False,,,,,,,,,,,Unknown,,Not available,False,/works/OL17365W
"2010, odyssey two",Arthur C. Clarke,Arthur C. Clarke,1,Sci-Fi,Sci-Fi,"English Science fiction, Interplanetary voyages, Fiction",1982,1980,1950–1999,44,41,Popular,True,3.82,40.0,304.0,True,Medium (200–350),74.0,4.0,72.0,150.0,0.947,,,,,Unknown,,Not available,True,/works/OL17391W
A Canticle for Leibowitz,"Walter M. Miller Jr., Волтер Майкл Міллер-молодший",Walter M. Miller Jr.,2,Sci-Fi,Sci-Fi,"Hugo Award Winner, Award:hugo_award=1961, Award:hugo_award=novel",1959,1950,1950–1999,67,72,Popular,True,,,,False,,,,,,,,,,,Unknown,,Not available,False,/works/OL2626638W
A Clash of Kings,George R. R. Martin,George R. R. Martin,1,Sci-Fi,Sci-Fi,"Fantasy fiction, Fiction, Fantasy",1998,1990,1950–1999,28,76,Popular,True,,,,False,,,,,,,,,,,Unknown,,Not available,False,/works/OL257939W
A Clockwork Orange,Anthony Burgess,Anthony Burgess,1,Sci-Fi,Sci-Fi,"Bible, Aversion therapy, Unintended consequences",1962,1960,1950–1999,64,145,Classic/Bestseller,True,,,,False,,,,,,,,,,,Unknown,,Not available,False,/works/OL261794W
A Dance With Dragons,George R. R. Martin,George R. R. Martin,1,Sci-Fi,Sci-Fi,"New York Times bestseller, Nyt:hardcover_fiction=2011-07-30, Seven kingdoms (Imaginary place)",2008,2000,2000+,18,49,Popular,True,,,,False,,,,,,,,,,,Unknown,,Not available,False,/works/OL1955906W
A Dream of John Ball / A king's Lesson,William Morris,William Morris,1,Sci-Fi,Sci-Fi,"Fiction, Tyler's Insurrection, 1381, Peasant uprisings",1888,1880,Pre-1900,138,48,Popular,True,,,,False,,,,,,,,,,,Unknown,,Not available,False,/works/OL47747W
A Feast for Crows,George R. R. Martin,George R. R. Martin,1,Sci-Fi,Sci-Fi,"New York Times bestseller, Nyt:mass_market_paperback=2011-08-20, Seven Kingdoms (Imaginary place)",2005,2000,2000+,21,69,Popular,True,,,,False,,,,,,,,,,,Unknown,,Not available,False,/works/OL257948W
A Fighting Man Of Mars,Edgar Rice Burroughs,Edgar Rice Burroughs,1,Sci-Fi,Sci-Fi,"Fiction, Science Fiction, American Science fiction",1931,1930,1900–1949,95,138,Classic/Bestseller,True,,,,False,,,,,,,,,,,Unknown,,Not available,False,/works/OL1418176W
A Game of Thrones,George R. R. Martin,George R. R. Martin,1,Sci-Fi,Sci-Fi,"Adult, Action & Adventure, Fantasy",1996,1990,1950–1999,30,136,Classic/Bestseller,True,,,,False,,,,,,,,,,,Unknown,,Not available,False,/works/OL257943W
A Modern Utopia,H. G. Wells,H. G. Wells,1,Sci-Fi,Sci-Fi,"Utopias, Fiction, Science Fiction",,,,,102,Classic/Bestseller,True,,,,False,,,,,,,,,,,Unknown,,Not available,False,/works/OL52256W
A Princess of Mars,Edgar Rice Burroughs,Edgar Rice Burroughs,1,Sci-Fi,Sci-Fi,"John Carter (Fictitious character), Fiction, Classic Literature",1912,1910,1900–1949,114,456,Classic/Bestseller,True,,,,False,,,,,,,,,,,Unknown,,Not available,False,/works/OL1418187W
A Wind in the Door (Time Quintet #2,Madeleine L'Engle,Madeleine L'Engle,1,Sci-Fi,Sci-Fi,"Science fiction, Juvenile literature, Brothers and sisters",1973,1970,1950–1999,53,42,Popular,True,3.68,28.0,280.0,False,Medium (200–350),165.0,16.0,54.0,235.0,0.771,,,,,Unknown,,Not available,True,/works/OL41494W
A Wizard of Earthsea,Ursula K. Le Guin,Ursula K. Le Guin,1,Sci-Fi,Sci-Fi,"Fiction, Magic, Magic in fiction",1968,1960,1950–1999,58,87,Popular,True,,,,False,,,,,,,,,,,Unknown,,Not available,False,/works/OL59798W
A Wrinkle in Time,Madeleine L'Engle,Madeleine L'Engle,1,Sci-Fi,Sci-Fi,"Love, Sci-fi, Newbery Medal",1962,1960,1950–1999,64,105,Classic/Bestseller,True,,,,False,,,,,,,,,,,Unknown,,Not available,False,/works/OL41495W
A strange manuscript found in a copper cylinder,James De Mille,James De Mille,1,Sci-Fi,Sci-Fi,"Canadian fiction (English), CIHM, Roman canadien-anglais, ICMH, Fiction, Mystery & detective, General",1888,1880,Pre-1900,138,110,Classic/Bestseller,True,,,,False,,,,,,,,,,,Unknown,,Not available,False,/works/OL96167W
After London,Richard Jefferies,Richard Jefferies,1,Sci-Fi,Sci-Fi,"19th Century Post Apocalypse, Speculative Fiction, Science Fiction",1885,1880,Pre-1900,141,280,Classic/Bestseller,True,,,,False,,,,,,,,,,,Unknown,,Not available,False,/works/OL1176822W
Alanna,Tamora Pierce,Tamora Pierce,1,Sci-Fi,Sci-Fi,"Fiction, Song of the Lioness, Tortall",1954,1950,1950–1999,72,38,Popular,True,,,,False,,,,,,,,,,,Unknown,,Not available,False,/works/OL29286W
Alice's Adventures in Wonderland,Lewis Carroll,Lewis Carroll,1,Sci-Fi,Sci-Fi,"Alice (fictitious character : carroll), Fiction, British and irish fiction (fictional works by one author), Fantasy, General",1865,1860,Pre-1900,161,3547,Classic/Bestseller,True,,,,False,,,,,,,,,,,Unknown,,Not available,False,/works/OL138052W
Allegiant,Veronica Roth,Veronica Roth,1,Sci-Fi,Sci-Fi,"Dystopian, Young adult, Fiction",2011,2010,2000+,15,60,Popular,True,,,,False,,,,,,,1988-08-19,1988,,,Living,23,"Veronica grew up outside of Chicago and graduated from Northwestern University. She now lives in Chicago proper with her husband and dog and writes full-time.  She is the #1 New York Times bestselling author of Carve the Mark and the Divergent Series (Divergent, Insurgent, Allegiant, and Four: A Div",False,/works/OL16808471W
American Gods,Neil Gaiman,Neil Gaiman,1,Sci-Fi,Sci-Fi,"Science fiction, Fantasy fiction, Americana",2001,2000,2000+,25,72,Popular,True,,,,False,,,,,,,1960-11-10,1960,,,Living,41,"Neil Richard MacKinnon Gaiman born Neil Richard Gaiman, 10 November 1960) is an English author of short fiction, novels, comic books, graphic novels, audio theatre, and films. His notable works include the comic book series The Sandman and novels Stardust, American Gods, Coraline, and The Graveyard ",False,/works/OL679360W
Animal Farm / Nineteen Eighty-Four,George Orwell,George Orwell,1,Sci-Fi,Sci-Fi,"Domestic animals, Totalitarianism, Satire",1978,1970,1950–1999,48,37,Popular,True,,,,False,,,,,,,,,,,Unknown,,Not available,False,/works/OL1167981W
Armageddon 2419 AD,Philip Francis Nowlan,Philip Francis Nowlan,1,Sci-Fi,Sci-Fi,"Fiction, Science fiction, General, Buck Rogers (Fictitious character)",1962,1960,1950–1999,64,127,Classic/Bestseller,True,,,,False,,,,,,,,,,,Unknown,,Not available,False,/works/OL8126453W
Artemis Fowl and the Arctic Incident,Eoin Colfer,Eoin Colfer,1,Sci-Fi,Sci-Fi,"Science fiction, Secuestro, Mothers and sons",2001,2000,2000+,25,50,Popular,True,,,,False,,,,,,,,,,,Unknown,,Not available,False,/works/OL5725964W
Artemis Fowl and the Eternity Code,Eoin Colfer,Eoin Colfer,1,Sci-Fi,Sci-Fi,"New York Times bestseller, Nyt:series_books=2008-06-22, Reading Level-Grade 5",2003,2000,2000+,23,63,Popular,True,,,,False,,,,,,,,,,,Unknown,,Not available,False,/works/OL5725961W
At the Earth's Core,Edgar Rice Burroughs,Edgar Rice Burroughs,1,Sci-Fi,Sci-Fi,"American Science fiction, Classic Literature, Core",1914,1910,1900–1949,112,219,Classic/Bestseller,True,,,,False,,,,,,,,,,,Unknown,,Not available,False,/works/OL1417907W
Atlas Shrugged (Centennial Ed. HC),"Ayn Rand, Sophie Bastide-Foltz, Adrian Rand",Ayn Rand,3,Sci-Fi,Sci-Fi,"Classic Literature, Fiction, Literature",1936,1930,1900–1949,90,84,Popular,True,,,,False,,,,,,,,,,,Unknown,,Not available,False,/works/OL731644W
Babel-17,Samuel R. Delany,Samuel R. Delany,1,Sci-Fi,Sci-Fi,"Artificial Languages, Fiction, Language",1966,1960,1950–1999,60,45,Popular,True,,,,False,,,,,,,,,,,Unknown,,Not available,False,/works/OL56834W
Beyond This Horizon,Robert A. Heinlein,Robert A. Heinlein,1,Sci-Fi,Sci-Fi,"Fiction in English, Fiction, American Science fiction",1940,1940,1900–1949,86,39,Popular,True,,,,False,,,,,,,,,,,Unknown,,Not available,False,/works/OL59724W
Black Canaan,Robert E. Howard,Robert E. Howard,1,Sci-Fi,Sci-Fi,Science fiction,1978,1970,1950–1999,48,48,Popular,True,,,,False,,,,,,,,,,,Unknown,,Not available,False,/works/OL8107717W
Brave New World,Aldous Huxley,Aldous Huxley,1,Sci-Fi,Sci-Fi,"Utopias, Brainwashing, Moral and ethical aspects of Science",1932,1930,1900–1949,94,722,Classic/Bestseller,True,,,,False,,,,,,,,,,,Unknown,,Not available,False,/works/OL64365W
Breakfast of Champions,"Kurt Vonnegut, María Medem, Irma Triginé, Daniel Martí i Colom",Kurt Vonnegut,4,Sci-Fi,Sci-Fi,"Authorship, Science fiction, Fiction",1973,1970,1950–1999,53,60,Popular,True,,,,False,,,,,,,1922-11-11,1922,2007-04-11,2007,Deceased,51,"Kurt Vonnegut, Jr. was an American novelist who wrote works blending satire, black comedy, and science fiction, such as [*Slaughterhouse-Five* (1969)][1], [*Cat's Cradle* (1963)][2], and [*Breakfast of Champions* (1973)][3]. He was known for his humanist beliefs as well as being honorary president o",False,/works/OL98488W
Captain Underpants and the Attack of the Talking Toilets,Dav Pilkey,Dav Pilkey,1,Sci-Fi,Sci-Fi,"School stories, Humorous stories, Juvenile fiction",1996,1990,1950–1999,30,57,Popular,True,,,,False,,,,,,,,,,,Unknown,,Not available,False,/works/OL8119760W
"Captain Underpants and the Big, Bad Battle of the Bionic Booger Boy, part 2",Dav Pilkey,Dav Pilkey,1,Sci-Fi,Sci-Fi,"Superintendentes y directores, Humorous stories, Cuentos humorísticos",2002,2000,2000+,24,37,Popular,True,,,,False,,,,,,,,,,,Unknown,,Not available,False,/works/OL14871284W
Captain Underpants and the Invasion of the Incredibly Naughty Cafeteria Ladies from Outer Space,Dav Pilkey,Dav Pilkey,1,Sci-Fi,Sci-Fi,"Fiction, Juvenile fiction, Schools",1999,1990,1950–1999,27,53,Popular,True,,,,False,,,,,,,,,,,Unknown,,Not available,False,/works/OL8119758W
Captain Underpants and the Perilous Plot of Professor Poopypants,Dav Pilkey,Dav Pilkey,1,Sci-Fi,Sci-Fi,"Humorous stories, Héroes, Juvenile fiction",2000,2000,2000+,26,47,Popular,True,,,,False,,,,,,,,,,,Unknown,,Not available,False,/works/OL14871282W
Captain Underpants and the Preposterous Plight of the Purple Potty People,Dav Pilkey,Dav Pilkey,1,Sci-Fi,Sci-Fi,"Humorous stories, School principals, Fiction",2006,2000,2000+,20,41,Popular,True,4.17,12.0,172.0,False,Short (<200),115.0,10.0,15.0,140.0,0.6,,,,,Unknown,,Not available,True,/works/OL14871259W
Carpe Jugulum,Terry Pratchett,Terry Pratchett,1,Sci-Fi,Sci-Fi,"Discworld (Imaginary place), Fiction, Science Fiction",1998,1990,1950–1999,28,39,Popular,True,,,,False,,,,,,,,,,,Unknown,,Not available,False,/works/OL453671W
Cat's Cradle,"Kurt Vonnegut, Martí Sales Sariola",Kurt Vonnegut,2,Sci-Fi,Sci-Fi,"End of the world, Fiction, American Fantasy fiction",1963,1960,1950–1999,63,87,Popular,True,,,,False,,,,,,,1922-11-11,1922,2007-04-11,2007,Deceased,41,"Kurt Vonnegut, Jr. was an American novelist who wrote works blending satire, black comedy, and science fiction, such as [*Slaughterhouse-Five* (1969)][1], [*Cat's Cradle* (1963)][2], and [*Breakfast of Champions* (1973)][3]. He was known for his humanist beliefs as well as being honorary president o",False,/works/OL98454W
Catching Fire,Suzanne Collins,Suzanne Collins,1,Sci-Fi,Sci-Fi,"Action/Adventure, Fantasy, Teen fiction",2009,2000,2000+,17,118,Classic/Bestseller,True,,,,False,,,,,,,,,,,Unknown,,Not available,False,/works/OL5735360W
Chapterhouse Dune,Frank Herbert,Frank Herbert,1,Sci-Fi,Sci-Fi,"Dune (Imaginary place), Fiction, Science fiction",1985,1980,1950–1999,41,43,Popular,True,,,,False,,,,,,,,,,,Unknown,,Not available,False,/works/OL893508W
Charlie and the Great Glass Elevator,Roald Dahl,Roald Dahl,1,Sci-Fi,Sci-Fi,"Charlie Bucket (Fictitious character), Juvenile fiction, Children's fiction",1972,1970,1950–1999,54,126,Classic/Bestseller,True,,,,False,,,,,,,,,,,Unknown,,Not available,False,/works/OL45793W
Childhood’s End,Arthur C. Clarke,Arthur C. Clarke,1,Sci-Fi,Sci-Fi,"Human-alien encounters, Fiction, Science fiction",1952,1950,1950–1999,74,81,Popular,True,,,,False,,,,,,,,,,,Unknown,,Not available,False,/works/OL17415W
Children of Dune,Frank Herbert,Frank Herbert,1,Sci-Fi,Sci-Fi,"Dune (Imaginary place), Fiction, Fiction in English",1976,1970,1950–1999,50,77,Popular,True,,,,False,,,,,,,,,,,Unknown,,Not available,False,/works/OL893516W
Citizen of the Galaxy,Robert A. Heinlein,Robert A. Heinlein,1,Sci-Fi,Sci-Fi,"Science fiction, Translations into Russian, Space flight -- Fiction",1957,1950,1950–1999,69,37,Popular,True,,,,False,,,,,,,,,,,Unknown,,Not available,False,/works/OL59679W
City,Clifford D. Simak,Clifford D. Simak,1,Sci-Fi,Sci-Fi,"Science fiction, Genetic engineering, Robots",1952,1950,1950–1999,74,50,Popular,True,,,,False,,,,,,,,,,,Unknown,,Not available,False,/works/OL4088358W
Cloud Atlas,David Mitchell,David Mitchell,1,Sci-Fi,Sci-Fi,"Fate and fatalism, Fiction, Reincarnation",2004,2000,2000+,22,41,Popular,True,3.97,87.0,546.0,False,Epic (500+),278.0,4.0,114.0,396.0,0.966,1969-01-12,1969,,,Living,35,"David Stephen Mitchell (born 12 January 1969) is an English novelist, television writer, and screenwriter. He has written nine novels, two of which, *number9dream* (2001) and *Cloud Atlas* (2004), were shortlisted for the Booker Prize. He has also written articles for several newspapers, most notabl",True,/works/OL482454W
Code to zero,Ken Follett,Ken Follett,1,Sci-Fi,Sci-Fi,"Fiction, Science fiction",2000,2000,2000+,26,36,Popular,True,,,,False,,,,,,,1949-06-05,1949,,,Living,51,"Ken Follett is a British author of thrillers and historical novels. He has sold more then 100 million copies of his works. Four of his books have reached the number 1 ranking on the New York Times best-seller list : *The Key to Rebecca, Lie Down with Lions, Triple* and *World Without End*.",False,/works/OL1914074W
Columbus of Space,Garrett Putman Serviss,Garrett Putman Serviss,1,Sci-Fi,Sci-Fi,"Science fiction, Fiction, General",1911,1910,1900–1949,115,55,Popular,True,,,,False,,,,,,,,,,,Unknown,,Not available,False,/works/OL4998696W
Congo,Michael Crichton,Michael Crichton,1,Sci-Fi,Sci-Fi,"Kakundakari, Type IIb, Diamonds",1980,1980,1950–1999,46,49,Popular,True,,,,False,,,,,,,,,,,Unknown,,Not available,False,/works/OL46913W
Contact,Carl Sagan,Carl Sagan,1,Sci-Fi,Sci-Fi,"Exploration, Fiction, Human-alien encounters",1985,1980,1950–1999,41,50,Popular,True,,,,False,,,,,,,,,,,Unknown,,Not available,False,/works/OL2950903W
Danger! and Other Stories,Arthur Conan Doyle,Arthur Conan Doyle,1,Sci-Fi,Sci-Fi,Science fiction,1918,1910,1900–1949,108,49,Popular,True,,,,False,,,,,,,,,,,Unknown,,Not available,False,/works/OL262542W
De la terre à la lune,Jules Verne,Jules Verne,1,Sci-Fi,Sci-Fi,"Continental european fiction (fictional works by one author), Fiction, Science fiction, General, Ciencia-ficción",1865,1860,Pre-1900,161,208,Classic/Bestseller,True,,,,False,,,,,,,1828-02-08,1828,1905-03-24,1905,Deceased,37,"Jules Verne was a French author who helped pioneer the science-fiction genre. 

He is best known for his novels A Journey to the Centre of the Earth (1864), From the Earth to the Moon (1865), Twenty Thousand Leagues Under the Sea (1869–1870), Around the World in Eighty Days (1873) and The Mysterio",False,/works/OL1099479W
Deathlands,James Axler,James Axler,1,Sci-Fi,Sci-Fi,"Revenge, Fiction, Regression (Civilization)",1987,1980,1950–1999,39,43,Popular,True,,,,False,,,,,,,,,,,Unknown,,"James Axler is a house name used by the publishing company Gold Eagle Publishing, the action adventure series published by Harlequin Enterprises Ltd.

The name was first used for the ""Deathlands"" series, which began in 1986 with *Pilgrimage to Hell*, co-written by Christopher Lowder (under the pse",False,/works/OL5690515W
Deathworld 1,"Harry Harrison, Christian Rummel",Harry Harrison,2,Sci-Fi,Sci-Fi,"Fiction, Science fiction, General, Life on other planets in fiction, Life on other planets",1960,1960,1950–1999,66,41,Popular,True,3.57,14.0,157.0,False,Short (<200),26.0,2.0,24.0,52.0,0.923,1925-03-12,1925,2012-08-15,2012,Deceased,35,"Harry Max Harrison was born Henry Maxwell Dempsey in Stamford, Connecticut. He moved with his family to New York early in his childhood. On his 18th birthday, having graduated from high school, he was drafted into the U.S. Army Air Corps, and serves as an armourer, gunnery instructor, truck driver, ",True,/works/OL467158W
Deception Point,Dan Brown,Dan Brown,1,Sci-Fi,Sci-Fi,"Mystery fiction, Adventure fiction, Literature",2001,2000,2000+,25,96,Popular,True,,,,False,,,,,,,,,,,Unknown,,Not available,False,/works/OL76835W
Dirk Gently’s Holistic Detective Agency,Douglas Adams,Douglas Adams,1,Sci-Fi,Sci-Fi,"Fantasy, Krimi, Abiogenesis",1987,1980,1950–1999,39,36,Popular,True,,,,False,,,,,,,,,,,Unknown,,Not available,False,/works/OL2163628W
Do Androids Dream of Electric Sheep?,Philip K. Dick,Philip K. Dick,1,Sci-Fi,Sci-Fi,"Androids, Fiction, Rick Deckard (Fictitious character)",1968,1960,1950–1999,58,90,Popular,True,,,,False,,,,,,,,,,,Unknown,,Not available,False,/works/OL2172356W
Double Star,Robert A. Heinlein,Robert A. Heinlein,1,Sci-Fi,Sci-Fi,"Hugo Award Winner, Award:hugo_award=1956, Award:hugo_award=novel",1956,1950,1950–1999,70,42,Popular,True,4.11,18.0,128.0,False,Short (<200),62.0,4.0,36.0,102.0,0.9,,,,,Unknown,,Not available,True,/works/OL59715W
Down and out in the Magic Kingdom,Cory Doctorow,Cory Doctorow,1,Sci-Fi,Sci-Fi,"Science fiction, Fiction, Immortalism",2001,2000,2000+,25,53,Popular,True,,,,False,,,,,,,,,,,Unknown,,Not available,False,/works/OL5734712W
Dragonflight,Anne McCaffrey,Anne McCaffrey,1,Sci-Fi,Sci-Fi,"Pern (Imaginary place), Science Fiction, Fantasy fiction",1968,1960,1950–1999,58,78,Popular,True,,,,False,,,,,,,,,,,Unknown,,Not available,False,/works/OL73387W
Dragonquest,Anne McCaffrey,Anne McCaffrey,1,Sci-Fi,Sci-Fi,"Pern, Dragons, Fiction",1971,1970,1950–1999,55,56,Popular,True,,,,False,,,,,,,,,,,Unknown,,Not available,False,/works/OL73382W
Dragonsong,Anne McCaffrey,Anne McCaffrey,1,Sci-Fi,Sci-Fi,"Harper Hall, Pern, Dragons",1976,1970,1950–1999,50,39,Popular,True,,,,False,,,,,,,,,,,Unknown,,Not available,False,/works/OL73385W
Dune,Frank Herbert,Frank Herbert,1,Sci-Fi,Sci-Fi,"Dune (Imaginary place), Fiction, Science fiction, General",1965,1960,1950–1999,61,161,Classic/Bestseller,True,,,,False,,,,,,,,,,,Unknown,,Not available,False,/works/OL893414W
Dune Messiah,Frank Herbert,Frank Herbert,1,Sci-Fi,Sci-Fi,"American Science fiction, Dune (Imaginary place), Fiction",1969,1960,1950–1999,57,101,Classic/Bestseller,True,,,,False,,,,,,,,,,,Unknown,,Not available,False,/works/OL893461W
Edison's conquest of Mars,Garrett Putman Serviss,Garrett Putman Serviss,1,Sci-Fi,Sci-Fi,"Fiction, American literature, Science fiction, Space opera",1947,1940,1900–1949,79,57,Popular,False,,,,False,,,,,,,,,,,Unknown,,Not available,False,/works/OL4998710W
El reino del dragón de oro,Isabel Allende,Isabel Allende,1,Sci-Fi,Sci-Fi,"Fiction, Buddhism, Adventure and adventurers",2003,2000,2000+,23,40,Popular,True,,,,False,,,,,,,,,,,Unknown,,Not available,False,/works/OL1905349W
Ender's Game,Orson Scott Card,Orson Scott Card,1,Sci-Fi,Sci-Fi,"New York Times bestseller, Nyt:mass_market_paperback=2011-07-30, Military education",1985,1980,1950–1999,41,105,Classic/Bestseller,True,,,,False,,,,,,,,,,,Unknown,,Not available,False,/works/OL49488W
Eon,Greg Bear,Greg Bear,1,Sci-Fi,Sci-Fi,"Fiction, Science fiction, Asteroids",1985,1980,1950–1999,41,43,Popular,True,4.11,18.0,654.0,False,Epic (500+),63.0,4.0,31.0,98.0,0.886,,,,,Unknown,,Not available,True,/works/OL16518W
Equal Rites,"Terry Pratchett, Nurit Sharʻabi",Terry Pratchett,2,Sci-Fi,Sci-Fi,"Fantasy, Fiction, Samuel Vimes (Fictitious character)",1987,1980,1950–1999,39,55,Popular,True,,,,False,,,,,,,,,,,Unknown,,Not available,False,/works/OL453670W
Eragon,Christopher Paolini,Christopher Paolini,1,Sci-Fi,Sci-Fi,"Fantasy, Juvenile fiction, Dragons",2000,2000,2000+,26,91,Popular,True,,,,False,,,,,,,,,,,Unknown,,Not available,False,/works/OL5819895W
Fahrenheit 451,Ray Bradbury,Ray Bradbury,1,Sci-Fi,Sci-Fi,"Mechanical Hound, Girl next door, Long Now Manual for Civilization",1953,1950,1950–1999,73,263,Classic/Bestseller,True,,,,False,,,,,,,,,,,Unknown,,Not available,False,/works/OL103123W
Fail-safe,"Eugene Burdick, Harvey Wheeler",Eugene Burdick,2,Sci-Fi,Sci-Fi,"Nuclear accidents, Nuclear weapons, International relations",1962,1960,1950–1999,64,39,Popular,True,,,,False,,,,,,,,,,,Unknown,,Not available,False,/works/OL6664380W
Feet of Clay,Terry Pratchett,Terry Pratchett,1,Sci-Fi,Sci-Fi,"Discworld (Imaginary Place), Science Fiction, Fantasy",1996,1990,1950–1999,30,42,Popular,True,4.47,38.0,304.0,True,Medium (200–350),89.0,4.0,75.0,168.0,0.949,,,,,Unknown,,Not available,True,/works/OL453743W
Fight Club,Chuck Palahniuk,Chuck Palahniuk,1,Sci-Fi,Sci-Fi,"Fiction, Millennialism, Young men",1996,1990,1950–1999,30,40,Popular,True,,,,False,,,,,,,,,,,Unknown,,Not available,False,/works/OL18941W
Firestarter,Stephen King,Stephen King,1,Sci-Fi,Sci-Fi,"Genetic Engineering, Suspense, Fiction",1980,1980,1950–1999,46,78,Popular,True,,,,False,,,,,,,,,,,Unknown,,Not available,False,/works/OL81623W
First Lensman,Edward E. Smith,Edward E. Smith,1,Sci-Fi,Sci-Fi,"Fiction, Science fiction, General, American Science fiction",1950,1950,1950–1999,76,59,Popular,True,,,,False,,,,,,,,,,,Unknown,,Not available,False,/works/OL3292446W
Flatland,Edwin Abbott Abbott,Edwin Abbott Abbott,1,Sci-Fi,Sci-Fi,"Fourth dimension, Fiction, General",1884,1880,Pre-1900,142,585,Classic/Bestseller,True,,,,False,,,,,,,,,,,Unknown,,Not available,False,/works/OL118388W
Flowers for Algernon,Daniel Keyes,Daniel Keyes,1,Sci-Fi,Sci-Fi,"Institutionalization, Dementia, Phenylketonuria",1966,1960,1950–1999,60,79,Popular,True,,,,False,,,,,,,,,,,Unknown,,Not available,False,/works/OL515754W
Forward the Foundation,Isaac Asimov,Isaac Asimov,1,Sci-Fi,Sci-Fi,"Fiction, Historians, Ficción",1993,1990,1950–1999,33,42,Popular,True,,,448.0,False,Long (350–500),109.0,4.0,93.0,206.0,0.959,1920-01-02,1920,1992-04-06,1992,Deceased,73,"Asimov was born sometime between October 4, 1919 and January 2, 1920 in Petrovichi in Smolensk Oblast, RSFSR (now Russia), the son of a Jewish family of millers.  Although his exact date of birth is uncertain, Asimov himself celebrated it on January 2.  His family emigrated to Brooklyn, New York and",True,/works/OL46299W
Foundation,Isaac Asimov,Isaac Asimov,1,Sci-Fi,Sci-Fi,"Psychohistory, Life on other planets",1951,1950,1950–1999,75,99,Popular,True,,,,False,,,,,,,1920-01-02,1920,1992-04-06,1992,Deceased,31,"Asimov was born sometime between October 4, 1919 and January 2, 1920 in Petrovichi in Smolensk Oblast, RSFSR (now Russia), the son of a Jewish family of millers.  Although his exact date of birth is uncertain, Asimov himself celebrated it on January 2.  His family emigrated to Brooklyn, New York and",False,/works/OL46125W
Foundation and Earth,Isaac Asimov,Isaac Asimov,1,Sci-Fi,Sci-Fi,"Fiction, Psychohistory, Life on other planets",1986,1980,1950–1999,40,48,Popular,True,,,,False,,,,,,,1920-01-02,1920,1992-04-06,1992,Deceased,66,"Asimov was born sometime between October 4, 1919 and January 2, 1920 in Petrovichi in Smolensk Oblast, RSFSR (now Russia), the son of a Jewish family of millers.  Although his exact date of birth is uncertain, Asimov himself celebrated it on January 2.  His family emigrated to Brooklyn, New York and",False,/works/OL46347W
Foundation and Empire,Isaac Asimov,Isaac Asimov,1,Sci-Fi,Sci-Fi,"Fiction, Psychohistory, Life on other planets",1945,1940,1900–1949,81,82,Popular,True,,,,False,,,,,,,1920-01-02,1920,1992-04-06,1992,Deceased,25,"Asimov was born sometime between October 4, 1919 and January 2, 1920 in Petrovichi in Smolensk Oblast, RSFSR (now Russia), the son of a Jewish family of millers.  Although his exact date of birth is uncertain, Asimov himself celebrated it on January 2.  His family emigrated to Brooklyn, New York and",False,/works/OL46224W
Foundation's Edge,Isaac Asimov,Isaac Asimov,1,Sci-Fi,Sci-Fi,"Fiction, Psychohistory, Science fiction",1977,1970,1950–1999,49,60,Popular,True,,,,False,,,,,,,1920-01-02,1920,1992-04-06,1992,Deceased,57,"Asimov was born sometime between October 4, 1919 and January 2, 1920 in Petrovichi in Smolensk Oblast, RSFSR (now Russia), the son of a Jewish family of millers.  Although his exact date of birth is uncertain, Asimov himself celebrated it on January 2.  His family emigrated to Brooklyn, New York and",False,/works/OL46302W
Four-Day Planet,H. Beam Piper,H. Beam Piper,1,Sci-Fi,Sci-Fi,"Fiction, Science Fiction",1961,1960,1950–1999,65,59,Popular,True,,,,False,,,,,,,,,,,Unknown,,Not available,False,/works/OL579073W
"Frankenstein; or, The Modern Prometheus",Mary Shelley,Mary Shelley,1,Sci-Fi,Sci-Fi,"Frankenstein (Fictitious character), Frankenstein's monster (Fictitious character), Fiction",1818,1810,Pre-1900,208,2188,Classic/Bestseller,True,,,,False,,,,,,,,,,,Unknown,,Not available,False,/works/OL450063W
Galactic Derelict,Andre Norton,Andre Norton,1,Sci-Fi,Sci-Fi,"Science fiction, Time travel, Fiction",1959,1950,1950–1999,67,65,Popular,True,,,,False,,,,,,,,,,,Unknown,,Not available,False,/works/OL473453W
Galápagos,Kurt Vonnegut,Kurt Vonnegut,1,Sci-Fi,Sci-Fi,"American Science fiction, Fiction, Ghost stories",,,,,41,Popular,True,3.92,25.0,304.0,False,Medium (200–350),,,,,,1922-11-11,1922,2007-04-11,2007,Deceased,,"Kurt Vonnegut, Jr. was an American novelist who wrote works blending satire, black comedy, and science fiction, such as [*Slaughterhouse-Five* (1969)][1], [*Cat's Cradle* (1963)][2], and [*Breakfast of Champions* (1973)][3]. He was known for his humanist beliefs as well as being honorary president o",False,/works/OL98471W
Gladiator,Philip Wylie,Philip Wylie,1,Sci-Fi,Sci-Fi,"Fiction, Human experimentation in medicine, Muscle strength",1930,1930,1900–1949,96,48,Popular,True,,,,False,,,,,,,,,,,Unknown,,Not available,False,/works/OL31043W
God Emperor of Dune,Frank Herbert,Frank Herbert,1,Sci-Fi,Sci-Fi,"American Science fiction, Dune (imaginary place), Fiction, Science fiction, General",1981,1980,1950–1999,45,47,Popular,True,,,,False,,,,,,,,,,,Unknown,,Not available,False,/works/OL893515W
Gravity's Rainbow,Thomas Pynchon,Thomas Pynchon,1,Sci-Fi,Sci-Fi,"Fiction, Rockets (Ordnance), Americans",1973,1970,1950–1999,53,44,Popular,True,,,,False,,,,,,,,,,,Unknown,,Not available,False,/works/OL2636675W
Gullivar of Mars,Edwin Lester Linden Arnold,Edwin Lester Linden Arnold,1,Sci-Fi,Sci-Fi,"Fiction, Military art and science, History, Science fiction, General",1964,1960,1950–1999,62,290,Classic/Bestseller,True,,,,False,,,,,,,,,,,Unknown,,Not available,False,/works/OL5960415W
Heretics of Dune,Frank Herbert,Frank Herbert,1,Sci-Fi,Sci-Fi,"Science Fiction, Fiction, Dune (Imaginary place)",1984,1980,1950–1999,42,48,Popular,True,,,,False,,,,,,,,,,,Unknown,,Not available,False,/works/OL893502W
I Sing the Body Electric!,Ray Bradbury,Ray Bradbury,1,Sci-Fi,Sci-Fi,"American Science fiction, Science fiction, Short stories",1969,1960,1950–1999,57,39,Popular,True,,,,False,,,,,,,,,,,Unknown,,Not available,False,/works/OL103156W
In the days of the comet,H. G. Wells,H. G. Wells,1,Sci-Fi,Sci-Fi,"Classic Literature, Collisions with Earth, Comets",1906,1900,1900–1949,120,213,Classic/Bestseller,True,,,,False,,,,,,,,,,,Unknown,,Not available,False,/works/OL52252W
In the wet,Nevil Shute,Nevil Shute,1,Sci-Fi,Sci-Fi,"Science fiction, British and irish fiction (fictional works by one author), English Science fiction",1953,1950,1950–1999,73,49,Popular,True,,,,False,,,,,,,1899,1899,1960,1960,Deceased,54,Not available,False,/works/OL2779807W
Insurgent,Veronica Roth,Veronica Roth,1,Sci-Fi,Sci-Fi,"Future, Faction, Identity, Fiction",2011,2010,2000+,15,64,Popular,True,,,,False,,,,,,,1988-08-19,1988,,,Living,23,"Veronica grew up outside of Chicago and graduated from Northwestern University. She now lives in Chicago proper with her husband and dog and writes full-time.  She is the #1 New York Times bestselling author of Carve the Mark and the Divergent Series (Divergent, Insurgent, Allegiant, and Four: A Div",False,/works/OL16325201W
Islands of Space,"John W. Campbell, Campbell, John, John Campbell",John W. Campbell,4,Sci-Fi,Sci-Fi,"American Science fiction, Extraterrestrial beings, Fiction",1956,1950,1950–1999,70,39,Popular,True,,,,False,,,,,,,,,,,Unknown,,Not available,False,/works/OL3892385W
It Can't Happen Here,Sinclair Lewis,Sinclair Lewis,1,Sci-Fi,Sci-Fi,"Anti-fascist movements, Presidents, Newspaper editors",1935,1930,1900–1949,91,157,Classic/Bestseller,True,,,,False,,,,,,,,,,,Unknown,,Not available,False,/works/OL51145W
Junkyard Planet,"H. Beam Piper, H. Bean Piper",H. Beam Piper,2,Sci-Fi,Sci-Fi,"Fiction, Science Fiction, Action & adventure",1631,1630,Pre-1900,395,87,Popular,True,,,,False,,,,,,,,,,,Unknown,,Not available,False,/works/OL579075W
Jurassic Park,Michael Crichton,Michael Crichton,1,Sci-Fi,Sci-Fi,"Dichogamy, Corporate espionage, Science fiction",1990,1990,1950–1999,36,94,Popular,True,,,,False,,,,,,,,,,,Unknown,,Not available,False,/works/OL46881W
Key Out of Time,Andre Norton,Andre Norton,1,Sci-Fi,Sci-Fi,"Juvenile fiction, Fiction, Time travel",1963,1960,1950–1999,63,70,Popular,True,,,,False,,,,,,,,,,,Unknown,,Not available,False,/works/OL473474W
Kometen kommer (Kometjakten),Tove Jansson,Tove Jansson,1,Sci-Fi,Sci-Fi,"Children's stories, Swedish, Comets, Fiction",1946,1940,1900–1949,80,44,Popular,True,,,,False,,,,,,,,,,,Unknown,,Not available,False,/works/OL2195985W
L'Île mystérieuse,Jules Verne,Jules Verne,1,Sci-Fi,Sci-Fi,"Popular Print Disabled Books, French Adventure stories, French language materials",1870,1870,Pre-1900,156,83,Popular,True,,,,False,,,,,,,1828-02-08,1828,1905-03-24,1905,Deceased,42,"Jules Verne was a French author who helped pioneer the science-fiction genre. 

He is best known for his novels A Journey to the Centre of the Earth (1864), From the Earth to the Moon (1865), Twenty Thousand Leagues Under the Sea (1869–1870), Around the World in Eighty Days (1873) and The Mysterio",False,/works/OL1099915W
La casa verde,Mario Vargas Llosa,Mario Vargas Llosa,1,Sci-Fi,Sci-Fi,"Prostitutes, Fiction, Good and evil",1966,1960,1950–1999,60,87,Popular,True,,,,False,,,,,,,,,,,Unknown,,Not available,False,/works/OL857541W
La planète des singes,Pierre Boulle,Pierre Boulle,1,Sci-Fi,Sci-Fi,"French language edition, Fiction, Monkeys",1963,1960,1950–1999,63,61,Popular,True,,,,False,,,,,,,,,,,Unknown,,Not available,False,/works/OL1319418W
Last and First Men,Olaf Stapledon,Olaf Stapledon,1,Sci-Fi,Sci-Fi,"Fiction, Science fiction, General, Fiction in English",1930,1930,1900–1949,96,72,Popular,True,,,,False,,,,,,,,,,,Unknown,,Not available,False,/works/OL3290731W
"Life, the Universe and Everything",Douglas Adams,Douglas Adams,1,Sci-Fi,Sci-Fi,"Sofas, Xenophobia, Bird language",1982,1980,1950–1999,44,65,Popular,True,,,,False,,,,,,,,,,,Unknown,,Not available,False,/works/OL2163623W
Little Fuzzy,H. Beam Piper,H. Beam Piper,1,Sci-Fi,Sci-Fi,"Classic Literature, Fiction, Science Fiction",1961,1960,1950–1999,65,110,Classic/Bestseller,True,,,,False,,,,,,,,,,,Unknown,,Not available,False,/works/OL579085W
Llana of Gathol (Mars #10),Edgar Rice Burroughs,Edgar Rice Burroughs,1,Sci-Fi,Sci-Fi,"John Carter (Fictitious character), Fiction, Science Fiction",1948,1940,1900–1949,78,107,Classic/Bestseller,True,,,,False,,,,,,,,,,,Unknown,,Not available,False,/works/OL1417975W
Looking Backward from 2000 to 1887,Edward Bellamy,Edward Bellamy,1,Sci-Fi,Sci-Fi,"Science fiction, Utopias, General",1945,1940,1900–1949,81,41,Popular,True,,,,False,,,,,,,,,,,Unknown,,Not available,False,/works/OL7998548W
"Looking Backward, 2000-1887",Edward Bellamy,Edward Bellamy,1,Sci-Fi,Sci-Fi,"Fiction, Utopias, Time travel",1888,1880,Pre-1900,138,68,Popular,True,,,,False,,,,,,,,,,,Unknown,,Not available,False,/works/OL2981506W
Lord of the World,"Robert Hugh Benson, Simon Vance",Robert Hugh Benson,2,Sci-Fi,Sci-Fi,"Utopias, Fiction, Religious, End of the world",1907,1900,1900–1949,119,104,Classic/Bestseller,True,,,,False,,,,,,,,,,,Unknown,,Not available,False,/works/OL50103W
Maître du monde,Jules Verne,Jules Verne,1,Sci-Fi,Sci-Fi,"Science fiction, Fiction, General",1902,1900,1900–1949,124,50,Popular,True,,,,False,,,,,,,1828-02-08,1828,1905-03-24,1905,Deceased,74,"Jules Verne was a French author who helped pioneer the science-fiction genre. 

He is best known for his novels A Journey to the Centre of the Earth (1864), From the Earth to the Moon (1865), Twenty Thousand Leagues Under the Sea (1869–1870), Around the World in Eighty Days (1873) and The Mysterio",False,/works/OL1099630W
Mockingjay,Suzanne Collins,Suzanne Collins,1,Sci-Fi,Sci-Fi,"New York Times bestseller, Sci-fi, Young Adult",2010,2010,2000+,16,98,Popular,True,,,,False,,,,,,,,,,,Unknown,,Not available,False,/works/OL14908941W
Moreta,Anne McCaffrey,Anne McCaffrey,1,Sci-Fi,Sci-Fi,"Science Fiction, Fiction, Pern (imaginary place)",1983,1980,1950–1999,43,41,Popular,True,,,,False,,,,,,,,,,,Unknown,,Not available,False,/works/OL73386W
Mort,Terry Pratchett,Terry Pratchett,1,Sci-Fi,Sci-Fi,"Death, Discworld (Imaginary place), Fantasy",1987,1980,1950–1999,39,61,Popular,True,,,,False,,,,,,,,,,,Unknown,,Not available,False,/works/OL453658W
Mostly Harmless,Douglas Adams,Douglas Adams,1,Sci-Fi,Sci-Fi,"Ford Prefect (Fictitious character), Arthur Dent (Fictitious character), Interplanetary voyages",1991,1990,1950–1999,35,53,Popular,True,,,,False,,,,,,,,,,,Unknown,,Not available,False,/works/OL2163638W
Mother Night,"Kurt Vonnegut, Victor Bevine, Avirama Golan",Kurt Vonnegut,3,Sci-Fi,Sci-Fi,"Black humor (Literature), Fiction, Science fiction",1961,1960,1950–1999,65,60,Popular,True,,,,False,,,,,,,1922-11-11,1922,2007-04-11,2007,Deceased,39,"Kurt Vonnegut, Jr. was an American novelist who wrote works blending satire, black comedy, and science fiction, such as [*Slaughterhouse-Five* (1969)][1], [*Cat's Cradle* (1963)][2], and [*Breakfast of Champions* (1973)][3]. He was known for his humanist beliefs as well as being honorary president o",False,/works/OL98487W
Neuromancer,William Gibson,William Gibson,1,Sci-Fi,Sci-Fi,"Information superhighway, Computer hackers, Conspiracies",1984,1980,1950–1999,42,65,Popular,True,,,,False,,,,,,,,,,,Unknown,,Not available,False,/works/OL27258W
Never Let Me Go,Kazuo Ishiguro,Kazuo Ishiguro,1,Sci-Fi,Sci-Fi,"Fiction, Organ donors, Cloning",2005,2000,2000+,21,61,Popular,True,,,,False,,,,,,,,,,,Unknown,,Not available,False,/works/OL59038W
"News from nowhere, or, An epoch of rest, being some chapters from a utopian romance",William Morris,William Morris,1,Sci-Fi,Sci-Fi,"Utopias, Utopies, Fiction, Short stories (single author)",1890,1890,Pre-1900,136,347,Classic/Bestseller,True,,,,False,,,,,,,,,,,Unknown,,Not available,False,/works/OL47721W
Next,Michael Crichton,Michael Crichton,1,Sci-Fi,Sci-Fi,"Blondes, Neanderthals, Cro-magnons",2006,2000,2000+,20,44,Popular,True,,,,False,,,,,,,,,,,Unknown,,Not available,False,/works/OL46904W
Nightmares & Dreamscapes,Stephen King,Stephen King,1,Sci-Fi,Sci-Fi,"Horror tales, Metalepsis, Sherlockiana",1993,1990,1950–1999,33,39,Popular,True,,,,False,,,,,,,,,,,Unknown,,Not available,False,/works/OL81604W
Nineteen Eighty-Four,George Orwell,George Orwell,1,Sci-Fi,Sci-Fi,"Futurology, Censorship, Surveillance",1949,1940,1900–1949,77,548,Classic/Bestseller,True,,,,False,,,,,,,,,,,Unknown,,Not available,False,/works/OL1168083W
On Writing,Stephen King,Stephen King,1,Sci-Fi,Sci-Fi,"Writing, Salem’s Lot, Science fiction",1999,1990,1950–1999,27,69,Popular,True,,,,False,,,,,,,,,,,Unknown,,Not available,False,/works/OL81601W
On the Beach,Nevil Shute,Nevil Shute,1,Sci-Fi,Sci-Fi,"Atomic Bomb, English Science fiction, Fiction",1957,1950,1950–1999,69,120,Classic/Bestseller,True,,,,False,,,,,,,1899,1899,1960,1960,Deceased,58,Not available,False,/works/OL2779754W
Out of the Silent Planet,C. S. Lewis,C. S. Lewis,1,Sci-Fi,Sci-Fi,"Linguists, Elwin Ransom (Fictitious character), Readers",1938,1930,1900–1949,88,65,Popular,True,,,,False,,,,,,,,,,,Unknown,,Not available,False,/works/OL71166W
Outlaw of Gor,"John Norman, Robert Foster",John Norman,2,Sci-Fi,Sci-Fi,"Fiction, Science Fiction, American Fantasy fiction",1967,1960,1950–1999,59,42,Popular,True,3.25,4.0,304.0,True,Medium (200–350),35.0,0.0,6.0,41.0,1.0,,,,,Unknown,,Not available,True,/works/OL172995W
Pebble in the Sky,Isaac Asimov,Isaac Asimov,1,Sci-Fi,Sci-Fi,"Fiction in English, American Science fiction, Science fiction",1950,1950,1950–1999,76,42,Popular,True,4.12,26.0,187.0,False,Short (<200),143.0,6.0,69.0,218.0,0.92,1920-01-02,1920,1992-04-06,1992,Deceased,30,"Asimov was born sometime between October 4, 1919 and January 2, 1920 in Petrovichi in Smolensk Oblast, RSFSR (now Russia), the son of a Jewish family of millers.  Although his exact date of birth is uncertain, Asimov himself celebrated it on January 2.  His family emigrated to Brooklyn, New York and",True,/works/OL46402W
Perelandra,C. S. Lewis,C. S. Lewis,1,Sci-Fi,Sci-Fi,"Linguists, Elwin Ransom (Fictitious character)",1943,1940,1900–1949,83,43,Popular,True,3.54,13.0,304.0,True,Medium (200–350),83.0,4.0,33.0,120.0,0.892,,,,,Unknown,,Not available,True,/works/OL71163W
Plague Ship,Andre Norton,Andre Norton,1,Sci-Fi,Sci-Fi,"Fiction, Science fiction, General, Space ships",1956,1950,1950–1999,70,91,Popular,True,,,,False,,,,,,,,,,,Unknown,,Not available,False,/works/OL473283W
Podkayne of Mars,Robert A. Heinlein,Robert A. Heinlein,1,Sci-Fi,Sci-Fi,"Brothers and sisters, Fiction, Fiction in English",1960,1960,1950–1999,66,48,Popular,True,,,,False,,,,,,,,,,,Unknown,,Not available,False,/works/OL59735W
Prelude to Foundation,Isaac Asimov,Isaac Asimov,1,Sci-Fi,Sci-Fi,"American Science fiction, Psychohistory, Psychohistory in fiction",1988,1980,1950–1999,38,43,Popular,True,3.77,13.0,512.0,False,Epic (500+),,,,,,1920-01-02,1920,1992-04-06,1992,Deceased,68,"Asimov was born sometime between October 4, 1919 and January 2, 1920 in Petrovichi in Smolensk Oblast, RSFSR (now Russia), the son of a Jewish family of millers.  Although his exact date of birth is uncertain, Asimov himself celebrated it on January 2.  His family emigrated to Brooklyn, New York and",False,/works/OL46172W
Prey,Michael Crichton,Michael Crichton,1,Sci-Fi,Sci-Fi,"Programmers, Nanorobotics, Reproduction",2002,2000,2000+,24,65,Popular,True,,,,False,,,,,,,,,,,Unknown,,Not available,False,/works/OL46883W
Priest Kings of Gor,"John Norman, Ralph Lister",John Norman,2,Sci-Fi,Sci-Fi,"CollectionID:Sleazy_pulp, Fiction, Fantasy, Historical, Thrillers, General",1968,1960,1950–1999,58,40,Popular,False,3.25,4.0,,False,,,,,,,,,,,Unknown,,Not available,False,/works/OL172994W
R.U.R. and The insect play,"Karel Čapek, Josef Čapek",Karel Čapek,2,Sci-Fi,Sci-Fi,"Czech drama, Fiction, Science Fiction",1920,1920,1900–1949,106,147,Classic/Bestseller,True,,,,False,,,,,,,,,,,Unknown,,Not available,False,/works/OL575625W
Ready Player One,Ernest Cline,Ernest Cline,1,Sci-Fi,Sci-Fi,"Regression (Civilization), Utopias, Virtual reality",2008,2000,2000+,18,40,Popular,True,3.98,316.0,462.0,False,Long (350–500),,,,,,,,,,Unknown,,Not available,False,/works/OL15936512W
Red Mars,Kim Stanley Robinson,Kim Stanley Robinson,1,Sci-Fi,Sci-Fi,"Mars, Science fiction, Terraforming",1992,1990,1950–1999,34,37,Popular,True,,,,False,,,,,,,,,,,Unknown,,Not available,False,/works/OL81665W
Redwall,Brian Jacques,Brian Jacques,1,Sci-Fi,Sci-Fi,"Children's fiction, Fantasy fiction, Mice",1986,1980,1950–1999,40,59,Popular,True,,,,False,,,,,,,,,,,Unknown,,Not available,False,/works/OL465952W
Rendezvous with Rama,Arthur C. Clarke,Arthur C. Clarke,1,Sci-Fi,Sci-Fi,"Fiction, Future in literature, Hugo Award Winner",1973,1970,1950–1999,53,60,Popular,True,,,,False,,,,,,,,,,,Unknown,,Not available,False,/works/OL17417W
Ringworld,Larry Niven,Larry Niven,1,Sci-Fi,Sci-Fi,"Hugo Award Winner, Award:hugo_award=1971, Award:hugo_award=novel",1970,1970,1950–1999,56,49,Popular,True,,,,False,,,,,,,,,,,Unknown,,Not available,False,/works/OL510405W
Second Foundation,Isaac Asimov,Isaac Asimov,1,Sci-Fi,Sci-Fi,"Fiction, Psychohistory, Life on other planets",1953,1950,1950–1999,73,81,Popular,True,,,,False,,,,,,,1920-01-02,1920,1992-04-06,1992,Deceased,33,"Asimov was born sometime between October 4, 1919 and January 2, 1920 in Petrovichi in Smolensk Oblast, RSFSR (now Russia), the son of a Jewish family of millers.  Although his exact date of birth is uncertain, Asimov himself celebrated it on January 2.  His family emigrated to Brooklyn, New York and",False,/works/OL46309W
Sixth Column,Robert A. Heinlein,Robert A. Heinlein,1,Sci-Fi,Sci-Fi,"Fiction, General, Science fiction",1657,1650,Pre-1900,369,38,Popular,True,,,,False,,,,,,,,,,,Unknown,,Not available,False,/works/OL59691W
Slaughterhouse-Five,Kurt Vonnegut,Kurt Vonnegut,1,Sci-Fi,Sci-Fi,"American science fiction, Bombing of Dresden",1956,1950,1950–1999,70,141,Classic/Bestseller,True,,,,False,,,,,,,1922-11-11,1922,2007-04-11,2007,Deceased,34,"Kurt Vonnegut, Jr. was an American novelist who wrote works blending satire, black comedy, and science fiction, such as [*Slaughterhouse-Five* (1969)][1], [*Cat's Cradle* (1963)][2], and [*Breakfast of Champions* (1973)][3]. He was known for his humanist beliefs as well as being honorary president o",False,/works/OL98459W
Small Gods,"Terry Pratchett, Ray Friesen",Terry Pratchett,2,Sci-Fi,Sci-Fi,"Discworld (Imaginary place), Science fiction, Fantasy fiction",1992,1990,1950–1999,34,53,Popular,True,,,,False,,,,,,,,,,,Unknown,,Not available,False,/works/OL453697W
Snow Crash,Neal Stephenson,Neal Stephenson,1,Sci-Fi,Sci-Fi,"American Science fiction, Ready player one",1992,1990,1950–1999,34,41,Popular,True,4.07,201.0,,False,,,,,,,1959-10-31,1959,,,Living,33,"Neal Town Stephenson (born October 31, 1959) is an American writer and game designer known for his works of speculative fiction. His novels have been categorized as science fiction, historical fiction, cyberpunk, postcyberpunk, and baroque.

Stephenson's work explores subjects such as mathematics,",False,/works/OL38501W
"So long, and thanks for all the fish",Douglas Adams,Douglas Adams,1,Sci-Fi,Sci-Fi,"Trilogy of Four, Fantasy fiction, Fiction",1984,1980,1950–1999,42,74,Popular,True,,,,False,,,,,,,,,,,Unknown,,Not available,False,/works/OL2163719W
Solaris,Stanisław Lem,Stanisław Lem,1,Sci-Fi,Sci-Fi,"Translations into English, English fiction, Polish Science fiction",1961,1960,1950–1999,65,86,Popular,True,,,,False,,,,,,,,,,,Unknown,,Not available,False,/works/OL109524W
Something Wicked This Way Comes,Ray Bradbury,Ray Bradbury,1,Sci-Fi,Sci-Fi,"Boys, Fiction, Male friendship",1962,1960,1950–1999,64,60,Popular,True,,,,False,,,,,,,,,,,Unknown,,Not available,False,/works/OL103194W
Space Viking,H. Beam Piper,H. Beam Piper,1,Sci-Fi,Sci-Fi,"Fiction, Science Fiction, Space colonies",1963,1960,1950–1999,63,51,Popular,True,,,,False,,,,,,,,,,,Unknown,,Not available,False,/works/OL579067W
Speaker for the Dead,Orson Scott Card,Orson Scott Card,1,Sci-Fi,Sci-Fi,"Reading Level-Grade 9, Reading Level-Grade 8, Reading Level-Grade 11",1986,1980,1950–1999,40,39,Popular,True,,,,False,,,,,,,,,,,Unknown,,Not available,False,/works/OL49580W
Sphere,Michael Crichton,Michael Crichton,1,Sci-Fi,Sci-Fi,"Space ships, Space vehicles, Squid",1980,1980,1950–1999,46,70,Popular,True,,,,False,,,,,,,,,,,Unknown,,Not available,False,/works/OL46917W
Star Born,Andre Norton,Andre Norton,1,Sci-Fi,Sci-Fi,"Classic Literature, Fiction, Science Fiction",1957,1950,1950–1999,69,89,Popular,True,,,,False,,,,,,,,,,,Unknown,,Not available,False,/works/OL473476W
Star Hunter,Andre Norton,Andre Norton,1,Sci-Fi,Sci-Fi,"Fiction, Science fiction, General",1961,1960,1950–1999,65,61,Popular,True,,,,False,,,,,,,,,,,Unknown,,Not available,False,/works/OL473471W
Star Maker,Olaf Stapledon,Olaf Stapledon,1,Sci-Fi,Sci-Fi,"Fiction, General, Fiction in English, Science fiction",1937,1930,1900–1949,89,77,Popular,True,,,,False,,,,,,,,,,,Unknown,,Not available,False,/works/OL3290739W
Starship Troopers,Robert A. Heinlein,Robert A. Heinlein,1,Sci-Fi,Sci-Fi,"Fiction, Hugo Award Winner, Science fiction",1959,1950,1950–1999,67,60,Popular,True,,,,False,,,,,,,,,,,Unknown,,Not available,False,/works/OL59740W
State of Fear,Michael Crichton,Michael Crichton,1,Sci-Fi,Sci-Fi,"Conflicts of interest, Swashes, Blue-ringed octopuses",2004,2000,2000+,22,51,Popular,True,,,,False,,,,,,,,,,,Unknown,,Not available,False,/works/OL46914W
Storm Over Warlock,Andre Norton,Andre Norton,1,Sci-Fi,Sci-Fi,"Fiction, Science fiction, General, Life on other planets",1960,1960,1950–1999,66,78,Popular,True,,,,False,,,,,,,,,,,Unknown,,Not available,False,/works/OL473314W
Stranger in a Strange Land,Robert A. Heinlein,Robert A. Heinlein,1,Sci-Fi,Sci-Fi,"Hugo Award Winner, Award:hugo_award=1962, Award:hugo_award=novel",1961,1960,1950–1999,65,80,Popular,True,,,,False,,,,,,,,,,,Unknown,,Not available,False,/works/OL59688W
Swords of Mars,Edgar Rice Burroughs,Edgar Rice Burroughs,1,Sci-Fi,Sci-Fi,"Dejah Thoris (Fictitious character), Fiction, Science Fiction",1936,1930,1900–1949,90,110,Classic/Bestseller,True,,,,False,,,,,,,,,,,Unknown,,Not available,False,/works/OL1418224W
Synthetic Men of Mars,Edgar Rice Burroughs,Edgar Rice Burroughs,1,Sci-Fi,Sci-Fi,"Fiction, Science fiction, General",1940,1940,1900–1949,86,115,Classic/Bestseller,True,,,,False,,,,,,,,,,,Unknown,,Not available,False,/works/OL1418033W
Tales of space and time,H. G. Wells,H. G. Wells,1,Sci-Fi,Sci-Fi,"English Science fiction, Classic Literature, Fiction",1899,1890,Pre-1900,127,77,Popular,True,,,,False,,,,,,,,,,,Unknown,,Not available,False,/works/OL52211W
Tarnsman of Gor,John Norman,John Norman,1,Sci-Fi,Sci-Fi,"CollectionID:Sleazy_pulp, Fantasy games, Fiction, Fantasy, General",1966,1960,1950–1999,60,42,Popular,False,3.57,7.0,313.0,False,Medium (200–350),43.0,1.0,12.0,56.0,0.923,,,,,Unknown,,Not available,True,/works/OL172996W
The Adventures of Captain Underpants,Dav Pilkey,Dav Pilkey,1,Sci-Fi,Sci-Fi,"Humorous stories, School principals, Cartoons and comics",1997,1990,1950–1999,29,85,Popular,True,,,,False,,,,,,,,,,,Unknown,,Not available,False,/works/OL14871228W
The Amazing Maurice and His Educated Rodents,Terry Pratchett,Terry Pratchett,1,Sci-Fi,Sci-Fi,"Fiction, Rats, Cats",2001,2000,2000+,25,49,Popular,True,,,,False,,,,,,,,,,,Unknown,,Not available,False,/works/OL453885W
The Amber Spyglass,Philip Pullman,Philip Pullman,1,Sci-Fi,Sci-Fi,"Fantasy, Fantasy fiction, Quests (Expeditions)",1999,1990,1950–1999,27,87,Popular,True,,,,False,,,,,,,,,,,Unknown,,Not available,False,/works/OL28996W
The Andromeda Strain,Michael Crichton,Michael Crichton,1,Sci-Fi,Sci-Fi,"American Science fiction, Fiction, Fiction in English",1969,1960,1950–1999,57,68,Popular,True,,,,False,,,,,,,,,,,Unknown,,Not available,False,/works/OL46909W
The Angel Experiment,James Patterson,James Patterson,1,Sci-Fi,Sci-Fi,"Fiction, Genetic engineering, Adventure and adventurers",2001,2000,2000+,25,43,Popular,True,,,432.0,False,Long (350–500),,,,,,,,,,Unknown,,Not available,False,/works/OL167174W
"The Beasts of Tarzan (Classic Ace SF, F-203)",Edgar Rice Burroughs,Edgar Rice Burroughs,1,Sci-Fi,Sci-Fi,"Tarzan (fictitious character), Fiction, Action & adventure, Fantasy, General",1914,1910,1900–1949,112,188,Classic/Bestseller,True,,,,False,,,,,,,,,,,Unknown,,Not available,False,/works/OL1417916W
The Big Time,Fritz Leiber,Fritz Leiber,1,Sci-Fi,Sci-Fi,"Fantasy fiction, Science fiction, War stories",1958,1950,1950–1999,68,55,Popular,True,,,,False,,,,,,,,,,,Unknown,,Not available,False,/works/OL101943W
The Black Cloud,Fred Hoyle,Fred Hoyle,1,Sci-Fi,Sci-Fi,"Fiction in English, Interstellar matter, Fiction",1957,1950,1950–1999,69,36,Popular,True,,,,False,,,,,,,,,,,Unknown,,Not available,False,/works/OL7477971W
The Blind Assassin,Margaret Atwood,Margaret Atwood,1,Sci-Fi,Sci-Fi,"Death, Muerte, Hermanas",2000,2000,2000+,26,89,Popular,True,,,,False,,,,,,,1939-11-18,1939,,,Living,61,"Margaret Eleanor Atwood (born November 18, 1939) is a Canadian novelist, poet, literary critic, and inventor. Since 1961, she has published more than 50 books of fiction, poetry, and critical essays, including 18 books of poetry, 18 novels, 11 books of nonfiction, nine collections of short fiction, ",False,/works/OL675698W
The Book Of Three,Lloyd Alexander,Lloyd Alexander,1,Sci-Fi,Sci-Fi,"Fantasy, Juvenile fiction, Swine",1964,1960,1950–1999,62,53,Popular,True,,,,False,,,,,,,,,,,Unknown,,Not available,False,/works/OL270887W
The Boys from Brazil,Ira Levin,Ira Levin,1,Sci-Fi,Sci-Fi,"Delusions of grandeur, Concentration camps, World War II",1637,1630,Pre-1900,389,48,Popular,True,,,,False,,,,,,,,,,,Unknown,,Not available,False,/works/OL28318W
The Caves of Steel,Isaac Asimov,Isaac Asimov,1,Sci-Fi,Sci-Fi,"Robots, Fiction, Science fiction, Hard science fiction",1953,1950,1950–1999,73,62,Popular,True,,,,False,,,,,,,1920-01-02,1920,1992-04-06,1992,Deceased,33,"Asimov was born sometime between October 4, 1919 and January 2, 1920 in Petrovichi in Smolensk Oblast, RSFSR (now Russia), the son of a Jewish family of millers.  Although his exact date of birth is uncertain, Asimov himself celebrated it on January 2.  His family emigrated to Brooklyn, New York and",False,/works/OL46401W
The Chessmen of Mars,Edgar Rice Burroughs,Edgar Rice Burroughs,1,Sci-Fi,Sci-Fi,"Classic Literature, Fiction, Historical Fiction",1922,1920,1900–1949,104,313,Classic/Bestseller,True,,,,False,,,,,,,,,,,Unknown,,Not available,False,/works/OL1418244W
The Children of Men,P. D. James,P. D. James,1,Sci-Fi,Sci-Fi,"End of the world, Fiction, Male Infertility",1992,1990,1950–1999,34,40,Popular,True,3.36,14.0,304.0,True,Medium (200–350),108.0,3.0,30.0,141.0,0.909,,,,,Unknown,,Not available,True,/works/OL510890W
The Chrysalids,John Wyndham,John Wyndham,1,Sci-Fi,Sci-Fi,"Fiction, Science Fiction, Post-Apocolyptic Life",1955,1950,1950–1999,71,37,Popular,True,,,,False,,,,,,,1903-07-10,1903,1969-03-11,1969,Deceased,52,"John Wyndham Parkes Lucas Beynon Harris (10 July 1903 – 11 March 1969) was an English science fiction writer best known for his works written using the pen name John Wyndham, although he also used other combinations of his names, such as John Beynon and Lucas Parkes. Some of his works were set in po",False,/works/OL1911334W
The City of Ember (The First Book of Ember),Jeanne DuPrau,Jeanne DuPrau,1,Sci-Fi,Sci-Fi,"Fiction, Juvenile Fiction, Science Fiction",1998,1990,1950–1999,28,37,Popular,True,,,,False,,,,,,,,,,,Unknown,,Not available,False,/works/OL4132752W
The Colors of Space,Marion Zimmer Bradley,Marion Zimmer Bradley,1,Sci-Fi,Sci-Fi,"Fiction, Science Fiction, Science Fiction & Fantasy",1963,1960,1950–1999,63,62,Popular,True,,,,False,,,,,,,,,,,Unknown,,Not available,False,/works/OL23767W
The Coming Race,"Edward Bulwer Lytton, Baron Lytton",Edward Bulwer Lytton,2,Sci-Fi,Sci-Fi,"Underground areas, Subterranean civilization in fiction, Utopias",1871,1870,Pre-1900,155,262,Classic/Bestseller,True,,,,False,,,,,,,,,,,Unknown,,Not available,False,/works/OL61825W
The Currents of Space,Isaac Asimov,Isaac Asimov,1,Sci-Fi,Sci-Fi,"Science fiction, Fiction, General, Sci-fi",1952,1950,1950–1999,74,46,Popular,True,,,,False,,,,,,,1920-01-02,1920,1992-04-06,1992,Deceased,32,"Asimov was born sometime between October 4, 1919 and January 2, 1920 in Petrovichi in Smolensk Oblast, RSFSR (now Russia), the son of a Jewish family of millers.  Although his exact date of birth is uncertain, Asimov himself celebrated it on January 2.  His family emigrated to Brooklyn, New York and",False,/works/OL46385W
The Day of the Triffids,"John Wyndham, Marcel Battin, Cover by Andy Bridge",John Wyndham,3,Sci-Fi,Sci-Fi,"Blind, English Fantasy fiction, Translations into Russian",1951,1950,1950–1999,75,63,Popular,True,,,,False,,,,,,,1903-07-10,1903,1969-03-11,1969,Deceased,48,"John Wyndham Parkes Lucas Beynon Harris (10 July 1903 – 11 March 1969) was an English science fiction writer best known for his works written using the pen name John Wyndham, although he also used other combinations of his names, such as John Beynon and Lucas Parkes. Some of his works were set in po",False,/works/OL1911336W
The Dead Zone,Stephen King,Stephen King,1,Sci-Fi,Sci-Fi,"Brain tumors, Rifles, Human shields",1979,1970,1950–1999,47,88,Popular,True,,,,False,,,,,,,,,,,Unknown,,Not available,False,/works/OL81630W
The Defiant Agents,Andre Norton,Andre Norton,1,Sci-Fi,Sci-Fi,"Sci fi, Fiction, Science fiction, General",1962,1960,1950–1999,64,43,Popular,True,,,,False,,,,,,,,,,,Unknown,,Not available,False,/works/OL473243W
The Dispossessed,Ursula K. Le Guin,Ursula K. Le Guin,1,Sci-Fi,Sci-Fi,"Anarchism, Anarquismo, Ciencia-ficción",1974,1970,1950–1999,52,75,Popular,True,,,,False,,,,,,,,,,,Unknown,,Not available,False,/works/OL59863W
The Door Through Space,Marion Zimmer Bradley,Marion Zimmer Bradley,1,Sci-Fi,Sci-Fi,"Fiction in English, Science fiction, Life on other planets",1961,1960,1950–1999,65,62,Popular,True,,,,False,,,,,,,,,,,Unknown,,Not available,False,/works/OL23784W
The Door into Summer,Robert A. Heinlein,Robert A. Heinlein,1,Sci-Fi,Sci-Fi,"American Science fiction, Cold Sleep, Hired Girl Inc.",1957,1950,1950–1999,69,50,Popular,True,,,,False,,,,,,,,,,,Unknown,,Not available,False,/works/OL59733W
The Edge of the Knife,H. Beam Piper,H. Beam Piper,1,Sci-Fi,Sci-Fi,"Fiction, Science Fiction, Children's fiction",2006,2000,2000+,20,42,Popular,False,,,84.0,False,Short (<200),0.0,0.0,0.0,0.0,,,,,,Unknown,,Not available,True,/works/OL8810462W
The End of Eternity,Isaac Asimov,Isaac Asimov,1,Sci-Fi,Sci-Fi,"Time travel, Fiction, Fiction in English",1955,1950,1950–1999,71,62,Popular,True,,,,False,,,,,,,1920-01-02,1920,1992-04-06,1992,Deceased,35,"Asimov was born sometime between October 4, 1919 and January 2, 1920 in Petrovichi in Smolensk Oblast, RSFSR (now Russia), the son of a Jewish family of millers.  Although his exact date of birth is uncertain, Asimov himself celebrated it on January 2.  His family emigrated to Brooklyn, New York and",False,/works/OL46108W
The Eye of the World,Robert Jordan,Robert Jordan,1,Sci-Fi,Sci-Fi,"Series:The Wheel of Time, Fantasy fiction, Rand al'Thor (Fictitious character)",1990,1990,1950–1999,36,69,Popular,True,,,,False,,,,,,,,,,,Unknown,,Not available,False,/works/OL7924103W
The First Men in the Moon,H. G. Wells,H. G. Wells,1,Sci-Fi,Sci-Fi,"Classic Literature, Fiction, Imperialism",,,,,114,Classic/Bestseller,True,,,,False,,,,,,,,,,,Unknown,,Not available,False,/works/OL52260W
The Foundation Trilogy,Isaac Asimov,Isaac Asimov,1,Sci-Fi,Sci-Fi,"American Science fiction, Fiction, Psychohistory",1950,1950,1950–1999,76,54,Popular,True,,,,False,,,,,,,1920-01-02,1920,1992-04-06,1992,Deceased,30,"Asimov was born sometime between October 4, 1919 and January 2, 1920 in Petrovichi in Smolensk Oblast, RSFSR (now Russia), the son of a Jewish family of millers.  Although his exact date of birth is uncertain, Asimov himself celebrated it on January 2.  His family emigrated to Brooklyn, New York and",False,/works/OL46390W
The Giver,Lois Lowry,Lois Lowry,1,Sci-Fi,Sci-Fi,"Social control, Control (Psychology), Juvenile fiction",1993,1990,1950–1999,33,106,Classic/Bestseller,True,,,,False,,,,,,,,,,,Unknown,,Not available,False,/works/OL1846076W
The Gods Themselves,Isaac Asimov,Isaac Asimov,1,Sci-Fi,Sci-Fi,"Fiction in English, Hugo Award Winner, Award:hugo_award=1973",1972,1970,1950–1999,54,49,Popular,True,,,,False,,,,,,,1920-01-02,1920,1992-04-06,1992,Deceased,52,"Asimov was born sometime between October 4, 1919 and January 2, 1920 in Petrovichi in Smolensk Oblast, RSFSR (now Russia), the son of a Jewish family of millers.  Although his exact date of birth is uncertain, Asimov himself celebrated it on January 2.  His family emigrated to Brooklyn, New York and",False,/works/OL46395W
The Gods of Mars,Edgar Rice Burroughs,Edgar Rice Burroughs,1,Sci-Fi,Sci-Fi,"Fiction, Science fiction, General, American Science fiction, Classic Literature",1918,1910,1900–1949,108,315,Classic/Bestseller,True,,,,False,,,,,,,,,,,Unknown,,Not available,False,/works/OL1417942W
The Great Prince Shan,Edward Phillips Oppenheim,Edward Phillips Oppenheim,1,Sci-Fi,Sci-Fi,"Fiction, Political, Science fiction, Library",1922,1920,1900–1949,104,40,Popular,True,,,,False,,,,,,,1866,1866,1946,1946,Deceased,56,"An English novelist, in his lifetime a major and successful writer of genre fiction including thrillers.",False,/works/OL2681017W
The Gunslinger,Stephen King,Stephen King,1,Sci-Fi,Sci-Fi,"Succubus, Demons, American fiction",1976,1970,1950–1999,50,95,Popular,True,,,,False,,,,,,,,,,,Unknown,,Not available,False,/works/OL81628W
The Handmaid's Tale,Margaret Atwood,Margaret Atwood,1,Sci-Fi,Sci-Fi,"Brothels, Canadian authors, Canadian fantasy fiction",1985,1980,1950–1999,41,174,Classic/Bestseller,True,,,,False,,,,,,,1939-11-18,1939,,,Living,46,"Margaret Eleanor Atwood (born November 18, 1939) is a Canadian novelist, poet, literary critic, and inventor. Since 1961, she has published more than 50 books of fiction, poetry, and critical essays, including 18 books of poetry, 18 novels, 11 books of nonfiction, nine collections of short fiction, ",False,/works/OL675783W
The High King,Lloyd Alexander,Lloyd Alexander,1,Sci-Fi,Sci-Fi,"Juvenile fiction, Fairy tales, Maturation (Psychology)",1968,1960,1950–1999,58,46,Popular,True,,,,False,,,,,,,,,,,Unknown,,Not available,False,/works/OL1966591W
The Hitchhiker's Guide to the Galaxy,Douglas Adams,Douglas Adams,1,Sci-Fi,Sci-Fi,"Comic science fiction, Vogons, Humorous fiction",1979,1970,1950–1999,47,130,Classic/Bestseller,True,,,,False,,,,,,,,,,,Unknown,,Not available,False,/works/OL2163649W
The House on the Borderland,William Hope Hodgson,William Hope Hodgson,1,Sci-Fi,Sci-Fi,"Classic Literature, Fiction, Horror",1946,1940,1900–1949,80,43,Popular,True,,,,False,,,,,,,,,,,Unknown,,Not available,False,/works/OL810402W
The Hunger Games,Suzanne Collins,Suzanne Collins,1,Sci-Fi,Sci-Fi,"Severe poverty, Starvation, Oppression",2008,2000,2000+,18,143,Classic/Bestseller,True,,,,False,,,,,,,,,,,Unknown,,Not available,False,/works/OL5735363W
The Illustrated Man,Ray Bradbury,Ray Bradbury,1,Sci-Fi,Sci-Fi,"American Science fiction, Science fiction, English Short stories",1951,1950,1950–1999,75,82,Popular,True,,,,False,,,,,,,,,,,Unknown,,Not available,False,/works/OL103128W
The Inheritors,William Golding,William Golding,1,Sci-Fi,Sci-Fi,"English Science fiction, Fiction, Neanderthals",1955,1950,1950–1999,71,37,Popular,True,,,,False,,,,,,,1911-09-19,1911,1993-06-19,1993,Deceased,44,"The winner of the 1983 Nobel Prize in Literature, William Golding is among the most popular and influential British authors to have emerged in the second half of the twentieth century. Golding's reputation rests primarily upon his first novel, Lord of the Flies (1954), which is consistently regarded",False,/works/OL2430152W
The Invisible Man,H. G. Wells,H. G. Wells,1,Sci-Fi,Sci-Fi,"Ciencia-ficción, Classic Literature, Fiction",,,,,563,Classic/Bestseller,True,,,,False,,,,,,,,,,,Unknown,,Not available,False,/works/OL52266W
The Iron Heel,Jack London,Jack London,1,Sci-Fi,Sci-Fi,"Revolutions, Fiction, Oligarchy, Utopias",1907,1900,1900–1949,119,597,Classic/Bestseller,True,,,,False,,,,,,,1876-01-12,1876,1916-11-22,1916,Deceased,31,"John Griffith London (born John Griffith Chaney; January 12, 1876 – November 22, 1916) was an American novelist, journalist, and social activist. A pioneer in the world of commercial magazine fiction, he was one of the first writers to become a worldwide celebrity and earn a large fortune from writi",False,/works/OL74502W
The Island of Dr. Moreau,H. G. Wells,H. G. Wells,1,Sci-Fi,Sci-Fi,"Islands, Survival after airplane accidents, Shipwrecks, Fiction",1896,1890,Pre-1900,130,295,Classic/Bestseller,True,,,,False,,,,,,,,,,,Unknown,,Not available,False,/works/OL381550W
The Lake House,James Patterson,James Patterson,1,Sci-Fi,Sci-Fi,"Fiction, Flight, Genetic engineering",1662,1660,Pre-1900,364,39,Popular,True,,,,False,,,,,,,,,,,Unknown,,Not available,False,/works/OL167172W
The Last Man,Mary Shelley,Mary Shelley,1,Sci-Fi,Sci-Fi,"Fiction, Plague, Twenty-first century",1826,1820,Pre-1900,200,430,Classic/Bestseller,True,,,,False,,,,,,,,,,,Unknown,,Not available,False,/works/OL450124W
The Lathe of Heaven,Ursula K. Le Guin,Ursula K. Le Guin,1,Sci-Fi,Sci-Fi,"Dreams, Fiction, Fiction in English",1971,1970,1950–1999,55,40,Popular,True,,,,False,,,,,,,,,,,Unknown,,Not available,False,/works/OL59858W
The Left Hand of Darkness,Ursula K. Le Guin,Ursula K. Le Guin,1,Sci-Fi,Sci-Fi,"Ciencia-ficción, Hugo Award Winner, Award:hugo_award=1970",1969,1960,1950–1999,57,91,Popular,True,,,,False,,,,,,,,,,,Unknown,,Not available,False,/works/OL59800W
The Lost World,Arthur Conan Doyle,Arthur Conan Doyle,1,Sci-Fi,Sci-Fi,"Adventure stories, Atlantis, Dinosaurs",,,,,747,Classic/Bestseller,True,,,,False,,,,,,,,,,,Unknown,,Not available,False,/works/OL262460W
The Machine Stops,E. M. Forster,E. M. Forster,1,Sci-Fi,Sci-Fi,"English literature, Children's fiction, Science fiction",1909,1900,1900–1949,117,311,Classic/Bestseller,True,,,,False,,,,,,,1879-01-01,1879,1970-06-07,1970,Deceased,30,"Edward Morgan Forster OM, CH, was an English novelist, short story writer, essayist and librettist. He is known best for his ironic and well-plotted novels examining class difference and hypocrisy and also the attitudes towards gender and homosexuality in early 20th-century British society. Forster'",False,/works/OL88800W
The Man in the High Castle,Philip K. Dick,Philip K. Dick,1,Sci-Fi,Sci-Fi,"Award:hugo_award=1963, Fiction, Hugo Award Winner",1962,1960,1950–1999,64,84,Popular,True,,,,False,,,,,,,,,,,Unknown,,Not available,False,/works/OL2172403W
The Martian,Andy Weir,Andy Weir,1,Sci-Fi,Sci-Fi,"Science-Fiction, Science Fiction & Fantasy, Suspense & Thriller",2011,2010,2000+,15,74,Popular,True,,,,False,,,,,,,,,,,Unknown,,Not available,False,/works/OL17091839W
The Martian Chronicles,Ray Bradbury,Ray Bradbury,1,Sci-Fi,Sci-Fi,"American Science fiction, Ciencia-ficción, Drama",1950,1950,1950–1999,76,138,Classic/Bestseller,True,,,,False,,,,,,,,,,,Unknown,,Not available,False,/works/OL103134W
The Master Mind of Mars,Edgar Rice Burroughs,Edgar Rice Burroughs,1,Sci-Fi,Sci-Fi,"Fiction, Historical Fiction, Science fiction",1928,1920,1900–1949,98,130,Classic/Bestseller,True,,,,False,,,,,,,,,,,Unknown,,Not available,False,/works/OL1418222W
The Moon Pool,A. Merritt,A. Merritt,1,Sci-Fi,Sci-Fi,"Fiction, Botanists, Geographical myths",1919,1910,1900–1949,107,230,Classic/Bestseller,True,,,,False,,,,,,,,,,,Unknown,,Not available,False,/works/OL4104767W
The Naked Sun,Isaac Asimov,Isaac Asimov,1,Sci-Fi,Sci-Fi,"Fiction, Science fiction, Robots",1954,1950,1950–1999,72,53,Popular,True,,,,False,,,,,,,1920-01-02,1920,1992-04-06,1992,Deceased,34,"Asimov was born sometime between October 4, 1919 and January 2, 1920 in Petrovichi in Smolensk Oblast, RSFSR (now Russia), the son of a Jewish family of millers.  Although his exact date of birth is uncertain, Asimov himself celebrated it on January 2.  His family emigrated to Brooklyn, New York and",False,/works/OL46398W
The Napoleon of Notting Hill,Gilbert Keith Chesterton,Gilbert Keith Chesterton,1,Sci-Fi,Sci-Fi,"Fiction, Classic Literature, Science Fiction",1904,1900,1900–1949,122,454,Classic/Bestseller,True,,,,False,,,,,,,,,,,Unknown,,Not available,False,/works/OL76473W
The Passage,Justin Cronin,Justin Cronin,1,Sci-Fi,Sci-Fi,"FICTION, MODERN & CONTEMPORARY FICTION (POST C 1945), HORROR & GHOST STORIES",2010,2010,2000+,16,47,Popular,True,,,,False,,,,,,,,,,,Unknown,,Not available,False,/works/OL15168588W
The People of the Crater,"Andre Norton, Andre Alice Norton",Andre Norton,2,Sci-Fi,Sci-Fi,"Fiction, Science Fiction, Fantasy, General",2009,2000,2000+,17,42,Popular,False,3.0,1.0,304.0,True,Medium (200–350),0.0,0.0,2.0,2.0,1.0,,,,,Unknown,,Not available,True,/works/OL15176835W
The Poison Belt,Arthur Conan Doyle,Arthur Conan Doyle,1,Sci-Fi,Sci-Fi,"Professor Challenger (Fictitious character), Fiction, Classic Literature",1913,1910,1900–1949,113,345,Classic/Bestseller,True,,,,False,,,,,,,,,,,Unknown,,Not available,False,/works/OL262596W
The Princess and Curdie,George MacDonald,George MacDonald,1,Sci-Fi,Sci-Fi,"Fairy tales, Princesses, Fiction",1832,1830,Pre-1900,194,487,Classic/Bestseller,True,,,,False,,,,,,,,,,,Unknown,,Not available,False,/works/OL15448W
The Puppet Masters,Robert A. Heinlein,Robert A. Heinlein,1,Sci-Fi,Sci-Fi,"Science fiction, Alien, Invasion",1951,1950,1950–1999,75,45,Popular,True,,,,False,,,,,,,,,,,Unknown,,Not available,False,/works/OL59729W
The Purple Cloud,"M. P. Shiel, J. J. Cameron, Brian Stableford",M. P. Shiel,3,Sci-Fi,Sci-Fi,"Classic Literature, End of the world, Fiction",1901,1900,1900–1949,125,56,Popular,True,,,,False,,,,,,,,,,,Unknown,,Not available,False,/works/OL6414317W
The Regulators,Stephen King,Stephen King,1,Sci-Fi,Sci-Fi,"Science fiction, Audiobooks, Autistic children",1996,1990,1950–1999,30,55,Popular,True,,,,False,,,,,,,,,,,Unknown,,Not available,False,/works/OL2794726W
The Restaurant at the End of the Universe,Douglas Adams,Douglas Adams,1,Sci-Fi,Sci-Fi,"Fiction, Humorous fiction, Humorous stories",1980,1980,1950–1999,46,92,Popular,True,,,,False,,,,,,,,,,,Unknown,,Not available,False,/works/OL2163655W
The Running Man,Stephen King,Stephen King,1,Sci-Fi,Sci-Fi,"Horror fiction, Game shows, Television game shows",1982,1980,1950–1999,44,40,Popular,True,3.63,41.0,224.0,False,Medium (200–350),244.0,11.0,80.0,335.0,0.879,,,,,Unknown,,Not available,True,/works/OL149188W
The Sands of Mars,Arthur C. Clarke,Arthur C. Clarke,1,Sci-Fi,Sci-Fi,"Fiction, Science fiction, English fiction",1951,1950,1950–1999,75,37,Popular,True,,,,False,,,,,,,,,,,Unknown,,Not available,False,/works/OL17406W
The Scarlet Plague,Jack London,Jack London,1,Sci-Fi,Sci-Fi,"Fiction, American Science fiction, Plague",1910,1910,1900–1949,116,71,Popular,True,,,,False,,,,,,,1876-01-12,1876,1916-11-22,1916,Deceased,34,"John Griffith London (born John Griffith Chaney; January 12, 1876 – November 22, 1916) was an American novelist, journalist, and social activist. A pioneer in the world of commercial magazine fiction, he was one of the first writers to become a worldwide celebrity and earn a large fortune from writi",False,/works/OL74485W
The Shape of Things to Come,H. G. Wells,H. G. Wells,1,Sci-Fi,Sci-Fi,"Modern History, Prophecies, Forecasts",1933,1930,1900–1949,93,40,Popular,True,4.0,2.0,304.0,True,Medium (200–350),30.0,0.0,3.0,33.0,1.0,,,,,Unknown,,Not available,True,/works/OL52246W
The Skylark of Space,Edward E. Smith,Edward E. Smith,1,Sci-Fi,Sci-Fi,"Fiction, Science fiction, Space opera, Space flight",1946,1940,1900–1949,80,49,Popular,True,,,,False,,,,,,,,,,,Unknown,,Not available,False,/works/OL2685476W
"The Stars, Like Dust",Isaac Asimov,Isaac Asimov,1,Sci-Fi,Sci-Fi,"Science fiction, Space colonies, Imperialism",1951,1950,1950–1999,75,47,Popular,True,,,,False,,,,,,,1920-01-02,1920,1992-04-06,1992,Deceased,31,"Asimov was born sometime between October 4, 1919 and January 2, 1920 in Petrovichi in Smolensk Oblast, RSFSR (now Russia), the son of a Jewish family of millers.  Although his exact date of birth is uncertain, Asimov himself celebrated it on January 2.  His family emigrated to Brooklyn, New York and",False,/works/OL46399W
The Strange Case of Dr. Jekyll and Mr. Hyde,Robert Louis Stevenson,Robert Louis Stevenson,1,Sci-Fi,Sci-Fi,"Fiction, Physicians, Physicians in fiction",1875,1870,Pre-1900,151,373,Classic/Bestseller,True,,,,False,,,,,,,1850-11-13,1850,1894-12-03,1894,Deceased,25,"Robert Louis Stevenson (born Robert Lewis Balfour Stevenson; 13 November 1850 – 3 December 1894) was a Scottish novelist, essayist, poet and travel writer. He is best known for works such as Treasure Island, Strange Case of Dr Jekyll and Mr Hyde, Kidnapped and A Child's Garden of Verses.",False,/works/OL24156W
The Terminal Man,Michael Crichton,Michael Crichton,1,Sci-Fi,Sci-Fi,"Fiction, Psychosurgery, Paranoia",1972,1970,1950–1999,54,45,Popular,True,,,,False,,,,,,,,,,,Unknown,,Not available,False,/works/OL46875W
The Time Machine,H. G. Wells,H. G. Wells,1,Sci-Fi,Sci-Fi,"Self-experimentation in medicine in fiction, Fiction, Time travel in fiction",1895,1890,Pre-1900,131,1146,Classic/Bestseller,True,,,,False,,,,,,,,,,,Unknown,,Not available,False,/works/OL52267W
The Time Traders,Andre Norton,Andre Norton,1,Sci-Fi,Sci-Fi,"Time travel in fiction, Time travel, Fiction",1958,1950,1950–1999,68,91,Popular,True,,,,False,,,,,,,,,,,Unknown,,Not available,False,/works/OL473477W
The War Of The Worlds/The Time Machine,H. G. Wells,H. G. Wells,1,Sci-Fi,Sci-Fi,"Fiction, English Science fiction, Space warfare",1946,1940,1900–1949,80,39,Popular,True,,,,False,,,,,,,,,,,Unknown,,Not available,False,/works/OL52148W
The War of the Worlds,H. G. Wells,H. G. Wells,1,Sci-Fi,Sci-Fi,"Imaginary wars and battles, Juvenile fiction, Space warfare",,,,,457,Classic/Bestseller,True,,,,False,,,,,,,,,,,Unknown,,Not available,False,/works/OL52114W
The White Dragon,Anne McCaffrey,Anne McCaffrey,1,Sci-Fi,Sci-Fi,"Pern (Imaginary place), Fiction in English, Fiction",1978,1970,1950–1999,48,40,Popular,True,4.29,21.0,304.0,True,Medium (200–350),105.0,1.0,51.0,157.0,0.981,,,,,Unknown,,Not available,True,/works/OL73384W
The White Mountains (The Tripods #1),Sam Youd,Sam Youd,1,Sci-Fi,Sci-Fi,"Young adult, Extraterrestrial beings, Freedom",1967,1960,1950–1999,59,39,Popular,True,,,,False,,,,,,,,,,,Unknown,,Not available,False,/works/OL3972834W
The Wonderful Wizard of Oz,L. Frank Baum,L. Frank Baum,1,Sci-Fi,Sci-Fi,"Witches, Spanish language materials, Fiction",1899,1890,Pre-1900,127,2049,Classic/Bestseller,True,,,,False,,,,,,,,,,,Unknown,,Not available,False,/works/OL18417W
The Word for World is Forest,Ursula K. Le Guin,Ursula K. Le Guin,1,Sci-Fi,Sci-Fi,"Noteworthy & awarded Science fiction, Hainish Cycle, Resource conservation",1972,1970,1950–1999,54,39,Popular,True,,,,False,,,,,,,,,,,Unknown,,Not available,False,/works/OL59797W
The X-Files,"Kevin J. Anderson, Ben Mezrich, Chris Carter",Kevin J. Anderson,3,Sci-Fi,Sci-Fi,"Fiction, Science fiction, General, Mulder, Fox (fictitious character), Scully, Dana (fictitious character)",1995,1990,1950–1999,31,44,Popular,True,,,,False,,,,,,,,,,,Unknown,,Not available,False,/works/OL257917W
The dark other,Stanley G. Weinbaum,Stanley G. Weinbaum,1,Sci-Fi,Sci-Fi,"Families, Fiction, Mental illness",1950,1950,1950–1999,76,39,Popular,True,,,,False,,,,,,,,,,,Unknown,,Not available,False,/works/OL7111311W
The description of a new world,"Margaret Cavendish, Duchess of Newcastle",Margaret Cavendish,2,Sci-Fi,Sci-Fi,"Voyages, Imaginary, Imaginary Voyages, Utopias",1666,1660,Pre-1900,360,361,Classic/Bestseller,True,,,,False,,,,,,,,,,,Unknown,,Not available,False,/works/OL1112413W
The food of the gods and how it came to earth,H. G. Wells,H. G. Wells,1,Sci-Fi,Sci-Fi,"Fiction, Giants, Growth factors",,,,,194,Classic/Bestseller,True,,,,False,,,,,,,,,,,Unknown,,Not available,False,/works/OL52195W
The golden apples of the sun and other stories,Ray Bradbury,Ray Bradbury,1,Sci-Fi,Sci-Fi,"American Science fiction, Reading Level-Grade 11, Reading Level-Grade 10",1953,1950,1950–1999,73,48,Popular,True,,,,False,,,,,,,,,,,Unknown,,Not available,False,/works/OL103125W
The house behind the cedars,Charles Waddell Chesnutt,Charles Waddell Chesnutt,1,Sci-Fi,Sci-Fi,"Fiction, Passing (Identity), African American women",,,,,105,Classic/Bestseller,True,,,,False,,,,,,,,,,,Unknown,,Not available,False,/works/OL112797W
"The king of the Golden River; or, The black brothers",John Ruskin,John Ruskin,1,Sci-Fi,Sci-Fi,"Fairy tales, Contes de fées, Conduct of life",1839,1830,Pre-1900,187,235,Classic/Bestseller,True,,,,False,,,,,,,,,,,Unknown,,Not available,False,/works/OL88599W
The man who ended war,Hollis Godfrey,Hollis Godfrey,1,Sci-Fi,Sci-Fi,"Utopias, Science fiction, American Science fiction",1908,1900,1900–1949,118,78,Popular,True,,,,False,,,,,,,,,,,Unknown,,Not available,False,/works/OL96214W
The moon metal,Garrett Putman Serviss,Garrett Putman Serviss,1,Sci-Fi,Sci-Fi,"Science fiction, Fiction, General",,,,,42,Popular,False,,,304.0,True,Medium (200–350),1.0,0.0,0.0,1.0,,,,,,Unknown,,Not available,True,/works/OL4998708W
The ship of Ishtar,"A. Merritt, Amelia Pérez de Villar Herranz",A. Merritt,2,Sci-Fi,Sci-Fi,"Science fiction, Translations into Russian, Life on other planets",1924,1920,1900–1949,102,104,Classic/Bestseller,True,,,,False,,,,,,,,,,,Unknown,,Not available,False,/works/OL4104766W
The three stigmata of Palmer Eldritch,Philip K. Dick,Philip K. Dick,1,Sci-Fi,Sci-Fi,"Drugs, Fiction, Fiction in English",1965,1960,1950–1999,61,44,Popular,True,,,,False,,,,,,,,,,,Unknown,,Not available,False,/works/OL2172402W
The war in the air,H. G. Wells,H. G. Wells,1,Sci-Fi,Sci-Fi,"Fiction, Air warfare, English Science fiction",1908,1900,1900–1949,118,54,Popular,True,,,,False,,,,,,,,,,,Unknown,,Not available,False,/works/OL52253W
The warlord of Mars #3,Edgar Rice Burroughs,Edgar Rice Burroughs,1,Sci-Fi,Sci-Fi,"Classic Literature, Fiction, Historical Fiction",1914,1910,1900–1949,112,420,Classic/Bestseller,True,,,,False,,,,,,,,,,,Unknown,,Not available,False,/works/OL1418137W
The water of the Wondrous isles,William Morris,William Morris,1,Sci-Fi,Sci-Fi,"Private presses, Science fiction, Fiction, Fantasy, General",1897,1890,Pre-1900,129,96,Popular,True,,,,False,,,,,,,,,,,Unknown,,Not available,False,/works/OL47745W
The wood beyond the world,William Morris,William Morris,1,Sci-Fi,Sci-Fi,"Classic Literature, Fantasy, Fiction",1894,1890,Pre-1900,132,250,Classic/Bestseller,True,,,,False,,,,,,,,,,,Unknown,,Not available,False,/works/OL47752W
"Thuvia, Maid of Mars","Edgar Rice Burroughs, Craig Trahan, Eric King, J. Allen St. John",Edgar Rice Burroughs,4,Sci-Fi,Sci-Fi,"American Science fiction, Fiction, Science fiction, American",1916,1910,1900–1949,110,206,Classic/Bestseller,True,,,,False,,,,,,,,,,,Unknown,,Not available,False,/works/OL1418128W
Továrna na absolutno,Karel Čapek,Karel Čapek,1,Sci-Fi,Sci-Fi,"Czech Science fiction, Science fiction, Czech Satire",1922,1920,1900–1949,104,42,Popular,True,4.33,6.0,304.0,True,Medium (200–350),22.0,0.0,6.0,28.0,1.0,,,,,Unknown,,Not available,True,/works/OL575636W
Triplanetary,"Edward E. Smith, E. E. Smith, E E Doc Smith, Edward Elmer Smith",Edward E. Smith,4,Sci-Fi,Sci-Fi,"Fiction, General, Science fiction, Juvenile literature",1948,1940,1900–1949,78,67,Popular,True,,,,False,,,,,,,,,,,Unknown,,Not available,False,/works/OL2685469W
Ubik,Philip K. Dick,Philip K. Dick,1,Sci-Fi,Sci-Fi,"Fiction, Death, Businessmen",1969,1960,1950–1999,57,68,Popular,True,,,,False,,,,,,,,,,,Unknown,,Not available,False,/works/OL2172454W
Voodoo Planet,Andre Norton,Andre Norton,1,Sci-Fi,Sci-Fi,"Fiction, Science Fiction, Science Fiction & Fantasy",1959,1950,1950–1999,67,38,Popular,True,,,,False,,,,,,,,,,,Unknown,,Not available,False,/works/OL473438W
Válka s mloky,Karel Čapek,Karel Čapek,1,Sci-Fi,Sci-Fi,"Czech Science fiction, Continental european fiction (fictional works by one author), Salamanders",1936,1930,1900–1949,90,75,Popular,True,,,,False,,,,,,,,,,,Unknown,,Not available,False,/works/OL575639W
Watchmen,"Alan Moore, Dave Gibbons, John Higgins, DC Comics",Alan Moore,4,Sci-Fi,Sci-Fi,"Watchmen (Comic strip), Graphic novels, Comic books, Strips",1986,1980,1950–1999,40,43,Popular,True,4.47,242.0,,False,,,,,,,,,,,Unknown,,Not available,False,/works/OL2897798W
Welcome to the Monkey House,Kurt Vonnegut,Kurt Vonnegut,1,Sci-Fi,Sci-Fi,"American Science fiction, Short stories, American, American Short stories",1950,1950,1950–1999,76,40,Popular,True,,,,False,,,,,,,1922-11-11,1922,2007-04-11,2007,Deceased,28,"Kurt Vonnegut, Jr. was an American novelist who wrote works blending satire, black comedy, and science fiction, such as [*Slaughterhouse-Five* (1969)][1], [*Cat's Cradle* (1963)][2], and [*Breakfast of Champions* (1973)][3]. He was known for his humanist beliefs as well as being honorary president o",False,/works/OL98480W
When the Sleeper Awakes,H. G. Wells,H. G. Wells,1,Sci-Fi,Sci-Fi,"Fiction, Twenty-first century, Technological innovations",1899,1890,Pre-1900,127,197,Classic/Bestseller,True,,,,False,,,,,,,,,,,Unknown,,Not available,False,/works/OL52151W
When the World Shook,"H. Rider Haggard, H. Haggar",H. Rider Haggard,2,Sci-Fi,Sci-Fi,"Fiction, Action & adventure, English Adventure stories, Science fiction",1919,1910,1900–1949,107,181,Classic/Bestseller,True,,,,False,,,,,,,1856-06-22,1856,1925-05-14,1925,Deceased,63,"English writer of adventure novels set in exotic locations, predominantly Africa, and a founder of the Lost World literary genre.",False,/works/OL17518W
Witch & Wizard,"James Patterson, Gabrielle Charbonnet",James Patterson,2,Sci-Fi,Sci-Fi,"Brothers and sisters in fiction, Brothers and sisters, Fiction",1999,1990,1950–1999,27,37,Popular,True,,,,False,,,,,,,,,,,Unknown,,Not available,False,/works/OL14920182W
World War Z,Max Brooks,Max Brooks,1,Sci-Fi,Sci-Fi,"Humor, Nyt:trade_fiction_paperback=2011-08-20, Fiction",2006,2000,2000+,20,46,Popular,True,,,,False,,,,,,,,,,,Unknown,,Not available,False,/works/OL5969057W
Xenocide,Orson Scott Card,Orson Scott Card,1,Sci-Fi,Sci-Fi,"Space warfare, Fiction, Science fiction, Hard science fiction",1991,1990,1950–1999,35,38,Popular,True,,,,False,,,,,,,,,,,Unknown,,Not available,False,/works/OL49604W
Мы,Евгений Иванович Замятин,Евгений Иванович Замятин,1,Sci-Fi,Sci-Fi,"Literature: Texts, Untranslated Fiction - General, Literature - Classics / Criticism",1924,1920,1900–1949,102,210,Classic/Bestseller,True,,,,False,,,,,,,,,,,Unknown,,Not available,False,/works/OL10215W
三体,"刘慈欣, Vincent Schmitt, Gwennaël Gaffric, Marc Simonetti",刘慈欣,4,Sci-Fi,Sci-Fi,"Hugo Award Winner, Award:hugo_award=2015, Award:hugo_award=novel",2008,2000,2000+,18,44,Popular,True,,,,False,,,,,,,,,,,Unknown,,Not available,False,/works/OL17267881W
2nd Chance,"James Patterson, Andrew Gross",James Patterson,2,Thriller,Thriller,"Fiction, Women detectives, Women in the professions",2002,2000,2000+,24,56,Popular,True,,,,False,,,,,,,,,,,Unknown,,Not available,False,/works/OL167157W
A Coffin for Dimitrios,Eric Ambler,Eric Ambler,1,Thriller,Thriller,"Fiction, Novelists, British",1939,1930,1900–1949,87,65,Popular,True,,,,False,,,,,,,,,,,Unknown,,Not available,False,/works/OL3297229W
A Tale of Three Lions,H. Rider Haggard,H. Rider Haggard,1,Thriller,Thriller,"Classic Literature, Fiction, Thriller",2004,2000,2000+,22,215,Classic/Bestseller,True,,,252.0,True,Medium (200–350),0.0,0.0,0.0,0.0,,1856-06-22,1856,1925-05-14,1925,Deceased,,"English writer of adventure novels set in exotic locations, predominantly Africa, and a founder of the Lost World literary genre.",True,/works/OL17455W
A Taste for Death,P. D. James,P. D. James,1,Thriller,Thriller,"New York Times reviewed, Adam Dalgliesh (Fictitious character), Fiction",1986,1980,1950–1999,40,50,Popular,True,,,,False,,,,,,,,,,,Unknown,,Not available,False,/works/OL510879W
A Time to Kill,John Grisham,John Grisham,1,Thriller,Thriller,"African american girls, Attorney and client, Capital murder",1989,1980,1950–1999,37,79,Popular,True,3.76,25.0,,False,,,,,,,,,,,Unknown,,Not available,False,/works/OL77001W
A strange disappearance,"Anna Katharine Green, Anna Green, Ann Green",Anna Katharine Green,3,Thriller,Thriller,"Fiction, Police, Missing persons",1879,1870,Pre-1900,147,390,Classic/Bestseller,True,3.63,19.0,290.0,False,Medium (200–350),59.0,2.0,14.0,75.0,0.875,1846,1846,1935,1935,Deceased,33,Not available,True,/works/OL4885721W
Alcatraz,Frederick Faust,Frederick Faust,1,Thriller,Thriller,"Classic Literature, Fiction, Thriller",1922,1920,1900–1949,104,178,Classic/Bestseller,True,,,,False,,,,,,,,,,,Unknown,,Not available,False,/works/OL8075008W
Altered Carbon,Richard K. Morgan,Richard K. Morgan,1,Thriller,Thriller,"Science Fiction, Cyberpunk, Thriller",2002,2000,2000+,24,28,Popular,True,,,,False,,,,,,,,,,,Unknown,,Not available,False,/works/OL29914687W
An American Tragedy,Theodore Dreiser,Theodore Dreiser,1,Thriller,Thriller,"Classic Literature, Fiction, Thriller",,,,,210,Classic/Bestseller,True,,,,False,,,,,,,,,,,Unknown,,Not available,False,/works/OL100239W
An Unkindness of Ravens,Ruth Rendell,Ruth Rendell,1,Thriller,Thriller,"Police, Fiction, Inspector Wexford (Fictitious character)",1985,1980,1950–1999,41,26,Popular,True,,,,False,,,,,,,,,,,Unknown,,Not available,False,/works/OL12116W
Ante la bandera (Face au drapeau),Jules Verne,Jules Verne,1,Thriller,Thriller,"Classic Literature, Fiction, Thriller",1897,1890,Pre-1900,129,60,Popular,True,,,,False,,,,,,,1828-02-08,1828,1905-03-24,1905,Deceased,69,"Jules Verne was a French author who helped pioneer the science-fiction genre. 

He is best known for his novels A Journey to the Centre of the Earth (1864), From the Earth to the Moon (1865), Twenty Thousand Leagues Under the Sea (1869–1870), Around the World in Eighty Days (1873) and The Mysterio",False,/works/OL1099321W
Apollyon,"Tim F. LaHaye, Jerry B. Jenkins",Tim F. LaHaye,2,Thriller,Thriller,"Rapture (Christian eschatology), Suspense fiction, Christian life",1999,1990,1950–1999,27,24,Moderate,True,,,,False,,,,,,,,,,,Unknown,,Not available,False,/works/OL8568374W
Ark Angel,Anthony Horowitz,Anthony Horowitz,1,Thriller,Thriller,"Spies in fiction, Terrorism in fiction, Adventure and adventurers",2005,2000,2000+,21,22,Moderate,True,,,,False,,,,,,,,,,,Unknown,,Not available,False,/works/OL84766W
Assassini,Thomas Gifford,Thomas Gifford,1,Thriller,Thriller,"Fiction, Mystery, Thriller",1924,1920,1900–1949,102,29,Popular,True,,,,False,,,,,,,,,,,Unknown,,Not available,False,/works/OL3271098W
Athabasca,Alistair MacLean,Alistair MacLean,1,Thriller,Thriller,"Fiction, Thriller, Extortion",1980,1980,1950–1999,46,26,Popular,True,,,,False,,,,,,,,,,,Unknown,,Not available,False,/works/OL259286W
Bad Luck and Trouble,Lee Child,Lee Child,1,Thriller,Thriller,"Detective and mystery stories, Serial murders, Ex-police officers",1984,1980,1950–1999,42,44,Popular,True,,,,False,,,,,,,,,,,Unknown,,Not available,False,/works/OL52947W
"Baree, Son of Kazan",James Oliver Curwood,James Oliver Curwood,1,Thriller,Thriller,"Classic Literature, Dogs, Fiction",1917,1910,1900–1949,109,22,Moderate,True,,,,False,,,,,,,,,,,Unknown,,Not available,False,/works/OL3739423W
Bear Island,Alistair MacLean,Alistair MacLean,1,Thriller,Thriller,"Motion picture industry, Fiction, Thriller",1971,1970,1950–1999,55,24,Moderate,True,,,,False,,,,,,,,,,,Unknown,,Not available,False,/works/OL257679W
Big Little Lies,Liane Moriarty,Liane Moriarty,1,Thriller,Thriller,"Suburbs, Murder, Families",2014,2010,2000+,12,24,Moderate,True,,,,False,,,,,,,,,,,Unknown,,Not available,False,/works/OL17116911W
Billion-dollar brain,Len Deighton,Len Deighton,1,Thriller,Thriller,"Fiction, Thriller, English Science fiction",1966,1960,1950–1999,60,27,Popular,True,,,,False,,,,,,,,,,,Unknown,,Not available,False,/works/OL2425036W
Black Friday,James Patterson,James Patterson,1,Thriller,Thriller,"Fiction, Terrorism, International finance",1986,1980,1950–1999,40,45,Popular,True,,,,False,,,,,,,,,,,Unknown,,Not available,False,/works/OL167147W
Bones in London,Edgar Wallace,Edgar Wallace,1,Thriller,Thriller,"Fiction, Mystery, Thriller",,,,,27,Popular,True,,,,False,,,,,,,,,,,Unknown,,Not available,False,/works/OL1518012W
Caravan to Vaccares,Alistair MacLean,Alistair MacLean,1,Thriller,Thriller,"Fiction in English, Romanies, Adventure stories",1970,1970,1950–1999,56,23,Moderate,True,,,,False,,,,,,,,,,,Unknown,,Not available,False,/works/OL257689W
Carrie,Stephen King,Stephen King,1,Thriller,Thriller,"Occult & supernatural fiction, Horror fiction, Psychological thrillers",1974,1970,1950–1999,52,120,Classic/Bestseller,True,4.0,169.0,222.0,False,Medium (200–350),2487.0,144.0,369.0,3000.0,0.719,1947-09-21,1947,,,Living,27,"Stephen Edwin King (born September 21, 1947) is an American author of horror, supernatural fiction, suspense, crime, science-fiction, and fantasy novels. His books have sold more than 350 million copies, and many have been adapted into films, television series, miniseries, and comic books. King has ",True,/works/OL81626W
Carte Blanche,Jeffery Deaver,Jeffery Deaver,1,Thriller,Thriller,"James Bond (Fictitious character), Fiction, James Bond (Fictional character)",2011,2010,2000+,15,27,Popular,True,,,,False,,,,,,,,,,,Unknown,,Not available,False,/works/OL15922552W
Casino Royale,Ian Fleming,Ian Fleming,1,Thriller,Thriller,"British, Fiction, Fiction in English",1953,1950,1950–1999,73,164,Classic/Bestseller,True,,,,False,,,,,,,,,,,Unknown,,Not available,False,/works/OL85753W
Cathedral,Nelson DeMille,Nelson DeMille,1,Thriller,Thriller,"Fiction, St. Patrick's Cathedral (New York, N.Y.), Irish Americans",1980,1980,1950–1999,46,43,Popular,True,,,,False,,,,,,,,,,,Unknown,,Not available,False,/works/OL22897W
Caught,Harlan Coben,Harlan Coben,1,Thriller,Thriller,"Fiction, Teenage girls, Suburban life in fiction",2010,2010,2000+,16,40,Popular,True,,,,False,,,,,,,,,,,Unknown,,Not available,False,/works/OL24496732W
Child 44,Tom Rob Smith,Tom Rob Smith,1,Thriller,Thriller,"Secret service, Thriller, Fiction",2008,2000,2000+,18,41,Popular,True,,,,False,,,,,,,,,,,Unknown,,Not available,False,/works/OL9364988W
Christine,Stephen King,Stephen King,1,Thriller,Thriller,"Carbon monoxide, Greasers, Couriers",1983,1980,1950–1999,43,65,Popular,True,,,,False,,,,,,,1947-09-21,1947,,,Living,36,"Stephen Edwin King (born September 21, 1947) is an American author of horror, supernatural fiction, suspense, crime, science-fiction, and fantasy novels. His books have sold more than 350 million copies, and many have been adapted into films, television series, miniseries, and comic books. King has ",False,/works/OL81619W
Cinnamon Skin (A Travis McGee Novel),John D. MacDonald,John D. MacDonald,1,Thriller,Thriller,"Fiction, Travis McGee (Fictitious character), Private investigators",1982,1980,1950–1999,44,20,Moderate,True,,,,False,,,,,,,,,,,Unknown,,Not available,False,/works/OL2446118W
Cinq semaines en ballon,Jules Verne,Jules Verne,1,Thriller,Thriller,"Travel, Hot air balloons, Description and travel",1867,1860,Pre-1900,159,112,Classic/Bestseller,True,3.91,11.0,212.0,False,Medium (200–350),28.0,4.0,18.0,50.0,0.818,1828-02-08,1828,1905-03-24,1905,Deceased,39,"Jules Verne was a French author who helped pioneer the science-fiction genre. 

He is best known for his novels A Journey to the Centre of the Earth (1864), From the Earth to the Moon (1865), Twenty Thousand Leagues Under the Sea (1869–1870), Around the World in Eighty Days (1873) and The Mysterio",True,/works/OL1099380W
Claudius Bombarnac,Jules Verne,Jules Verne,1,Thriller,Thriller,"Classic Literature, Fiction, Thriller",1892,1890,Pre-1900,134,39,Popular,True,,,,False,,,,,,,1828-02-08,1828,1905-03-24,1905,Deceased,64,"Jules Verne was a French author who helped pioneer the science-fiction genre. 

He is best known for his novels A Journey to the Centre of the Earth (1864), From the Earth to the Moon (1865), Twenty Thousand Leagues Under the Sea (1869–1870), Around the World in Eighty Days (1873) and The Mysterio",False,/works/OL1099309W
Colonel Sun,Kingsley Amis,Kingsley Amis,1,Thriller,Thriller,"Bond, James (Fictitious character), Fiction, Thrillers, Espionage",1968,1960,1950–1999,58,25,Moderate,True,,,,False,,,,,,,,,,,Unknown,,Not available,False,/works/OL277467W
Crackdown,Bernard Cornwell,Bernard Cornwell,1,Thriller,Thriller,"Fiction, Thriller, Bahamas",1990,1990,1950–1999,36,21,Moderate,True,,,,False,,,,,,,,,,,Unknown,,Not available,False,/works/OL23248W
Cross Country,James Patterson,James Patterson,1,Thriller,Thriller,"Fiction, African American psychologists, Alex Cross (Fictitious character)",2008,2000,2000+,18,28,Popular,True,,,,False,,,,,,,,,,,Unknown,,Not available,False,/works/OL167149W
Day of Judgement,Henry Patterson,Henry Patterson,1,Thriller,Thriller,"Fiction, Mystery & detective, General, Thrillers, Espionage",1697,1690,Pre-1900,329,38,Popular,True,,,,False,,,,,,,,,,,Unknown,,Not available,False,/works/OL157700W
Decider,Dick Francis,Dick Francis,1,Thriller,Thriller,"Detective and mystery stories, Horse racing",1993,1990,1950–1999,33,22,Moderate,True,,,,False,,,,,,,,,,,Unknown,,Not available,False,/works/OL463318W
Derailed,James Siegel,James Siegel,1,Thriller,Thriller,"Murder for hire, Attica Prison, Prisons",2002,2000,2000+,24,21,Moderate,True,,,,False,,,,,,,,,,,Unknown,,Not available,False,/works/OL5816242W
Devil May Care,Sebastian Faulks,Sebastian Faulks,1,Thriller,Thriller,"Fiction, James Bond (Fictitious character), Thriller",2000,2000,2000+,26,23,Moderate,True,,,,False,,,,,,,,,,,Unknown,,Not available,False,/works/OL80176W
Diamonds are Forever,Ian Fleming,Ian Fleming,1,Thriller,Thriller,"British, Diamond smuggling, English Spy stories",1956,1950,1950–1999,70,117,Classic/Bestseller,True,3.14,14.0,,False,,,,,,,1935,1935,,,Living,21,"Ian Fleming is an English organic chemist, and an emeritus professor of the University of Cambridge, and an emeritus fellow of Pembroke College, Cambridge. He was the first to determine the full structure of chlorophyll (in 1967) and was involved in the development of the synthesis of cyanocobalamin",False,/works/OL85747W
Die Trying,Lee Child,Lee Child,1,Thriller,Thriller,"Private investigators, Kidnapping, Revenge",1998,1990,1950–1999,28,42,Popular,True,,,,False,,,,,,,,,,,Unknown,,Not available,False,/works/OL52939W
Doctor No,Ian Fleming,Ian Fleming,1,Thriller,Thriller,"Detective and mystery stories, Fiction, James Bond (Fictitious character)",1958,1950,1950–1999,68,119,Classic/Bestseller,True,3.71,14.0,252.0,True,Medium (200–350),50.0,0.0,23.0,73.0,1.0,1935,1935,,,Living,23,"Ian Fleming is an English organic chemist, and an emeritus professor of the University of Cambridge, and an emeritus fellow of Pembroke College, Cambridge. He was the first to determine the full structure of chlorophyll (in 1967) and was involved in the development of the synthesis of cyanocobalamin",True,/works/OL85736W
Dope,Sax Rohmer,Sax Rohmer,1,Thriller,Thriller,"Fiction, Mystery, Thriller",1919,1910,1900–1949,107,42,Popular,True,,,,False,,,,,,,,,,,Unknown,,Not available,False,/works/OL2288678W
Dracula,Bram Stoker,Bram Stoker,1,Thriller,Thriller,"English literature, Fiction, Horror",1897,1890,Pre-1900,129,1918,Classic/Bestseller,True,3.99,244.0,338.0,False,Medium (200–350),2130.0,212.0,455.0,2797.0,0.682,1847,1847,1912,1912,Deceased,50,Not available,True,/works/OL85892W
Eaters of the Dead,Michael Crichton,Michael Crichton,1,Thriller,Thriller,"Adaptations, Fiction, Vikings",1976,1970,1950–1999,50,50,Popular,True,,,,False,,,,,,,,,,,Unknown,,Not available,False,/works/OL46873W
Echo Burning,Lee Child,Lee Child,1,Thriller,Thriller,"Private investigators, Detective and mystery stories, Fiction",2001,2000,2000+,25,38,Popular,True,,,,False,,,,,,,,,,,Unknown,,Not available,False,/works/OL14959791W
El Amo Del Juego/Masters of the Game,Sidney Sheldon,Sidney Sheldon,1,Thriller,Thriller,"Sidney Sheldon, Adult, American",1905,1900,1900–1949,121,50,Popular,True,,,,False,,,,,,,,,,,Unknown,,Not available,False,/works/OL1881658W
End in Tears,Ruth Rendell,Ruth Rendell,1,Thriller,Thriller,"Mystery, Police, Teenage girls",2005,2000,2000+,21,20,Moderate,True,,,,False,,,,,,,,,,,Unknown,,Not available,False,/works/OL12164W
Fantômas,"Pierre Souvestre, Marcel Allain",Pierre Souvestre,2,Thriller,Thriller,"Fantômas (Fictitious character), Fiction, Literature",,,,,38,Popular,True,,,,False,,,,,,,,,,,Unknown,,Not available,False,/works/OL4516527W
Firewall -- Canadian Book Club,Andy McNab,Andy McNab,1,Thriller,Thriller,"Fiction, Nick Stone (Fictitious character), Intelligence officers",2000,2000,2000+,26,27,Popular,True,,,,False,,,,,,,,,,,Unknown,,Not available,False,/works/OL1978005W
For Special Services,John Gardner,John Gardner,1,Thriller,Thriller,"Fiction, Intelligence service, James Bond (Fictitious character)",1982,1980,1950–1999,44,20,Moderate,True,,,,False,,,,,,,,,,,Unknown,,Not available,False,/works/OL280301W
For Your Eyes Only,Ian Fleming,Ian Fleming,1,Thriller,Thriller,"British, English Short stories, English Spy stories",1959,1950,1950–1999,67,93,Popular,True,3.25,8.0,252.0,True,Medium (200–350),27.0,1.0,13.0,41.0,0.929,1935,1935,,,Living,24,"Ian Fleming is an English organic chemist, and an emeritus professor of the University of Cambridge, and an emeritus fellow of Pembroke College, Cambridge. He was the first to determine the full structure of chlorophyll (in 1967) and was involved in the development of the synthesis of cyanocobalamin",True,/works/OL85748W
Four Past Midnight,Stephen King,Stephen King,1,Thriller,Thriller,"Paranormal, Nightmares, Cuckoo clocks",1990,1990,1950–1999,36,64,Popular,True,,,,False,,,,,,,1947-09-21,1947,,,Living,43,"Stephen Edwin King (born September 21, 1947) is an American author of horror, supernatural fiction, suspense, crime, science-fiction, and fantasy novels. His books have sold more than 350 million copies, and many have been adapted into films, television series, miniseries, and comic books. King has ",False,/works/OL81606W
From Doon with Death,Ruth Rendell,Ruth Rendell,1,Thriller,Thriller,"Mystery, Police, Inspector Wexford (Fictitious character)",1965,1960,1950–1999,61,29,Popular,True,,,,False,,,,,,,,,,,Unknown,,Not available,False,/works/OL12063W
"From Russia, with love",Ian Fleming,Ian Fleming,1,Thriller,Thriller,"British, Fiction, Fiction in English",1957,1950,1950–1999,69,150,Classic/Bestseller,True,,,,False,,,,,,,,,,,Unknown,,Not available,False,/works/OL85732W
From a Buick 8,Stephen King,Stephen King,1,Thriller,Thriller,"Pennsylvania State Police, Ghost story, Drunk driving",2002,2000,2000+,24,55,Popular,True,,,,False,,,,,,,,,,,Unknown,,Not available,False,/works/OL81586W
From the Earth to the Moon and Round the Moon,Jules Verne,Jules Verne,1,Thriller,Thriller,"Classic Literature, Fiction, Thriller",1890,1890,Pre-1900,136,24,Moderate,True,,,,False,,,,,,,1828-02-08,1828,1905-03-24,1905,Deceased,62,"Jules Verne was a French author who helped pioneer the science-fiction genre. 

He is best known for his novels A Journey to the Centre of the Earth (1864), From the Earth to the Moon (1865), Twenty Thousand Leagues Under the Sea (1869–1870), Around the World in Eighty Days (1873) and The Mysterio",False,/works/OL15171753W
Funeral in Berlin,Len Deighton,Len Deighton,1,Thriller,Thriller,"Fiction, Fiction in English, History",1743,1740,Pre-1900,283,48,Popular,True,,,,False,,,,,,,,,,,Unknown,,Not available,False,/works/OL2425040W
Goldfinger,Ian Fleming,Ian Fleming,1,Thriller,Thriller,"Fiction, Fiction in English, Gold smuggling",1958,1950,1950–1999,68,144,Classic/Bestseller,True,,,,False,,,,,,,,,,,Unknown,,Not available,False,/works/OL85750W
Hannibal,Thomas Harris,Thomas Harris,1,Thriller,Thriller,"Fiction, Government investigators, Revenge",1999,1990,1950–1999,27,48,Popular,True,,,,False,,,,,,,,,,,Unknown,,Not available,False,/works/OL23478W
Hannibal Rising,Thomas Harris,Thomas Harris,1,Thriller,Thriller,"Ortolans, Tantō, War criminals",2006,2000,2000+,20,22,Moderate,True,,,,False,,,,,,,,,,,Unknown,,Not available,False,/works/OL138395W
High Citadel,Desmond Bagley,Desmond Bagley,1,Thriller,Thriller,"Mystery, Thriller, Adventure",1965,1960,1950–1999,61,26,Popular,True,,,,False,,,,,,,,,,,Unknown,,Not available,False,/works/OL3917435W
Hold Tight,Harlan Coben,Harlan Coben,1,Thriller,Thriller,"Teenagers, Fiction, Parent and child",2008,2000,2000+,18,49,Popular,True,,,,False,,,,,,,,,,,Unknown,,Not available,False,/works/OL79343W
"Homeward Bound, Or, The Chase: A Tale of the Sea",James Fenimore Cooper,James Fenimore Cooper,1,Thriller,Thriller,"Fiction, Historical fiction, Pirates",,,,,55,Popular,True,,,,False,,,,,,,1789-09-15,1789,1851-09-14,1851,Deceased,,"James Fenimore Cooper was a prolific and popular American writer of the early 19th century. He is best remembered as a novelist who wrote numerous sea-stories and the historical novels known as the Leatherstocking Tales, featuring frontiersman Natty Bumppo. Among his most famous works is the Romanti",False,/works/OL77956W
Honor Bound,William E. Butterworth III,William E. Butterworth III,1,Thriller,Thriller,"Fiction, World War, 1939-1945, Military History",1993,1990,1950–1999,33,20,Moderate,True,,,,False,,,,,,,,,,,Unknown,,Not available,False,/works/OL17658W
Hour Game,David Baldacci,David Baldacci,1,Thriller,Thriller,"Serial murders, Government investigators",2004,2000,2000+,22,46,Popular,True,,,,False,,,,,,,,,,,Unknown,,Not available,False,/works/OL41245W
I and my true love,Helen MacInnes,Helen MacInnes,1,Thriller,Thriller,"Fiction in English, Spy stories",1952,1950,1950–1999,74,22,Moderate,True,,,,False,,,,,,,,,,,Unknown,,Not available,False,/works/OL3923116W
"I, Alex Cross",James Patterson,James Patterson,1,Thriller,Thriller,"Fiction, Investigation, African American detectives",2002,2000,2000+,24,28,Popular,True,,,,False,,,,,,,,,,,Unknown,,Not available,False,/works/OL5337395W
"I, Robot",Isaac Asimov,Isaac Asimov,1,Thriller,Thriller,"Smear campaigns, Supercomputers, Computers",1950,1950,1950–1999,76,99,Popular,True,4.25,191.0,246.0,False,Medium (200–350),1503.0,97.0,329.0,1929.0,0.772,1920-01-02,1920,1992-04-06,1992,Deceased,30,"Asimov was born sometime between October 4, 1919 and January 2, 1920 in Petrovichi in Smolensk Oblast, RSFSR (now Russia), the son of a Jewish family of millers.  Although his exact date of birth is uncertain, Asimov himself celebrated it on January 2.  His family emigrated to Brooklyn, New York and",True,/works/OL46241W
If It Bleeds,Stephen King,Stephen King,1,Thriller,Thriller,"Fiction, Horror, Suspense, Nyt:combined-print-and-e-book-fiction=2020-05-10",2020,2020,2000+,6,21,Moderate,True,,,,False,,,,,,,,,,,Unknown,,Not available,False,/works/OL20663157W
If Tomorrow Comes,Sidney Sheldon,Sidney Sheldon,1,Thriller,Thriller,"Sidney Sheldon, Adult, American",1984,1980,1950–1999,42,22,Moderate,True,,,,False,,,,,,,,,,,Unknown,,Not available,False,/works/OL10640705W
In Secret,Robert W. Chambers,Robert W. Chambers,1,Thriller,Thriller,"World war, 1914-1918, Fiction, Historical, General, Classic Literature",1919,1910,1900–1949,107,142,Classic/Bestseller,False,,,,False,,,,,,,,,,,Unknown,,Not available,False,/works/OL8127199W
Io uccido,Giorgio Faletti,Giorgio Faletti,1,Thriller,Thriller,"Italian fiction, Fiction, Thriller",2002,2000,2000+,24,24,Moderate,True,,,,False,,,,,,,,,,,Unknown,,Not available,False,/works/OL36884316W
Jack & Jill,James Patterson,James Patterson,1,Thriller,Thriller,"Fiction, Police, Alex Cross (Fictitious character)",1714,1710,Pre-1900,312,56,Popular,True,,,,False,,,,,,,,,,,Unknown,,Not available,False,/works/OL167185W
Jack Tier or the Florida Reef,James Fenimore Cooper,James Fenimore Cooper,1,Thriller,Thriller,"Florida in fiction, Fiction, Historical fiction",,,,,61,Popular,True,,,,False,,,,,,,1789-09-15,1789,1851-09-14,1851,Deceased,,"James Fenimore Cooper was a prolific and popular American writer of the early 19th century. He is best remembered as a novelist who wrote numerous sea-stories and the historical novels known as the Leatherstocking Tales, featuring frontiersman Natty Bumppo. Among his most famous works is the Romanti",False,/works/OL78046W
Kidnapped,Robert Louis Stevenson,Robert Louis Stevenson,1,Thriller,Thriller,"Juvenile fiction, Fiction, History",1886,1880,Pre-1900,140,352,Classic/Bestseller,True,3.68,19.0,516.0,False,Epic (500+),198.0,11.0,30.0,239.0,0.732,1850-11-13,1850,1894-12-03,1894,Deceased,36,"Robert Louis Stevenson (born Robert Lewis Balfour Stevenson; 13 November 1850 – 3 December 1894) was a Scottish novelist, essayist, poet and travel writer. He is best known for works such as Treasure Island, Strange Case of Dr Jekyll and Mr Hyde, Kidnapped and A Child's Garden of Verses.",True,/works/OL24166W
Killing Floor,Lee Child,Lee Child,1,Thriller,Thriller,"English language, Fiction, Private investigators",1997,1990,1950–1999,29,64,Popular,True,,,,False,,,,,,,,,,,Unknown,,Not available,False,/works/OL24477958W
Kinesen,Henning Mankell,Henning Mankell,1,Thriller,Thriller,"Fiction, Mystery, Literature",2008,2000,2000+,18,25,Moderate,True,,,,False,,,,,,,,,,,Unknown,,Not available,False,/works/OL14970034W
Kiss the Girls,James Patterson,James Patterson,1,Thriller,Thriller,"Fiction, Police, Serial murders",1995,1990,1950–1999,31,43,Popular,True,,,,False,,,,,,,,,,,Unknown,,Not available,False,/works/OL167171W
Kisscut,Karin Slaughter,Karin Slaughter,1,Thriller,Thriller,"Divorced people, Police in fiction, Detective and mystery stories",1999,1990,1950–1999,27,28,Popular,True,,,,False,,,,,,,,,,,Unknown,,Not available,False,/works/OL5725868W
LIBERATION DAY - A Nick Stone Mission,Andy McNab,Andy McNab,1,Thriller,Thriller,"Fiction, Nick Stone (Fictitious character), Intelligence officers",2002,2000,2000+,24,23,Moderate,True,,,,False,,,,,,,,,,,Unknown,,Not available,False,/works/OL1978013W
La nuit du carrefour,Georges Simenon,Georges Simenon,1,Thriller,Thriller,"Fiction, Jules Maigret (Fictitious character), Police",1931,1930,1900–1949,95,28,Popular,True,,,,False,,,,,,,,,,,Unknown,,Not available,False,/works/OL1242936W
Last Man Standing,David Baldacci,David Baldacci,1,Thriller,Thriller,"Federal Bureau of Investigation, Government investigators",2001,2000,2000+,25,53,Popular,True,,,,False,,,,,,,,,,,Unknown,,Not available,False,/works/OL41254W
Last light,Andy McNab,Andy McNab,1,Thriller,Thriller,"Nick Stone (Fictitious character), Intelligence officers, British",2001,2000,2000+,25,25,Moderate,True,,,,False,,,,,,,,,,,Unknown,,Not available,False,/works/OL1978024W
Le Chancellor,Jules Verne,Jules Verne,1,Thriller,Thriller,"Juvenile fiction, Shipwrecks, Classic Literature",1875,1870,Pre-1900,151,89,Popular,True,,,134.0,False,Short (<200),,,,,,1828-02-08,1828,1905-03-24,1905,Deceased,47,"Jules Verne was a French author who helped pioneer the science-fiction genre. 

He is best known for his novels A Journey to the Centre of the Earth (1864), From the Earth to the Moon (1865), Twenty Thousand Leagues Under the Sea (1869–1870), Around the World in Eighty Days (1873) and The Mysterio",False,/works/OL1099842W
Le Tour du Monde en Quatre-Vingts Jours,Jules Verne,Jules Verne,1,Thriller,Thriller,"Viajes alrededor del mundo, Translations into Gujarati, Fiction",1872,1870,Pre-1900,154,426,Classic/Bestseller,True,3.98,89.0,122.0,False,Short (<200),479.0,35.0,159.0,673.0,0.82,1828-02-08,1828,1905-03-24,1905,Deceased,44,"Jules Verne was a French author who helped pioneer the science-fiction genre. 

He is best known for his novels A Journey to the Centre of the Earth (1864), From the Earth to the Moon (1865), Twenty Thousand Leagues Under the Sea (1869–1870), Around the World in Eighty Days (1873) and The Mysterio",True,/works/OL1100007W
Le pendu de Saint-Pholien,Georges Simenon,Georges Simenon,1,Thriller,Thriller,"Fiction, Jules Maigret (Fictitious character), Police",1931,1930,1900–1949,95,27,Popular,True,,,,False,,,,,,,,,,,Unknown,,Not available,False,/works/OL1242854W
Les enfants du capitaine Grant,Jules Verne,Jules Verne,1,Thriller,Thriller,"Classic Literature, Fiction, Thriller",1868,1860,Pre-1900,158,42,Popular,True,,,,False,,,,,,,1828-02-08,1828,1905-03-24,1905,Deceased,40,"Jules Verne was a French author who helped pioneer the science-fiction genre. 

He is best known for his novels A Journey to the Centre of the Earth (1864), From the Earth to the Moon (1865), Twenty Thousand Leagues Under the Sea (1869–1870), Around the World in Eighty Days (1873) and The Mysterio",False,/works/OL1099364W
License Renewed,John Gardner,John Gardner,1,Thriller,Thriller,"Spy fiction, 007, Secret agents",1976,1970,1950–1999,50,24,Moderate,True,,,,False,,,,,,,,,,,Unknown,,Not available,False,/works/OL280295W
Lie Down With Lions,Ken Follett,Ken Follett,1,Thriller,Thriller,"Ken Follett, History, Historical",1985,1980,1950–1999,41,44,Popular,True,,,,False,,,,,,,1949-06-05,1949,,,Living,36,"Ken Follett is a British author of thrillers and historical novels. He has sold more then 100 million copies of his works. Four of his books have reached the number 1 ranking on the New York Times best-seller list : *The Key to Rebecca, Lie Down with Lions, Triple* and *World Without End*.",False,/works/OL1914086W
Live and let die,Ian Fleming,Ian Fleming,1,Thriller,Thriller,"British, Fiction, Fiction in English",1954,1950,1950–1999,72,135,Classic/Bestseller,True,,,252.0,True,Medium (200–350),58.0,5.0,33.0,96.0,0.868,1935,1935,,,Living,19,"Ian Fleming is an English organic chemist, and an emeritus professor of the University of Cambridge, and an emeritus fellow of Pembroke College, Cambridge. He was the first to determine the full structure of chlorophyll (in 1967) and was involved in the development of the synthesis of cyanocobalamin",True,/works/OL85746W
Long Lost,Harlan Coben,Harlan Coben,1,Thriller,Thriller,"Harlan Coben, Series, Myron Bolitar #9 (Fictitous character)",2009,2000,2000+,17,27,Popular,True,,,,False,,,,,,,,,,,Unknown,,Not available,False,/works/OL79327W
Lord of the Flies,William Golding,William Golding,1,Thriller,Thriller,"Fiction, Relationships, Adventure",1954,1950,1950–1999,72,191,Classic/Bestseller,True,,,,False,,,,,,,,,,,Unknown,,Not available,False,/works/OL455327W
Mademoiselle of Monte Carlo,William Le Queux,William Le Queux,1,Thriller,Thriller,"Fiction, Classic Literature, Thriller",1921,1920,1900–1949,105,38,Popular,True,,,,False,,,,,,,,,,,Unknown,,Not available,False,/works/OL810504W
Max,"James Patterson, Jill Apple",James Patterson,2,Thriller,Thriller,"Adventure and adventurers, Fiction, Genetic engineering",2009,2000,2000+,17,20,Moderate,True,,,,False,,,,,,,,,,,Unknown,,Not available,False,/works/OL14920146W
Metro Girl,Janet Evanovich,Janet Evanovich,1,Thriller,Thriller,"Fiction, Brothers and sisters, Florida in fiction",2004,2000,2000+,22,28,Popular,True,,,,False,,,,,,,,,,,Unknown,,Not available,False,/works/OL48064W
Michel Strogoff,Jules Verne,Jules Verne,1,Thriller,Thriller,"Classic Literature, Fiction, History",1876,1870,Pre-1900,150,152,Classic/Bestseller,True,,,,False,,,,,,,,,,,Unknown,,Not available,False,/works/OL1099641W
Misery,Stephen King,Stephen King,1,Thriller,Thriller,"Dope, Pills, American Novelists",1978,1970,1950–1999,48,100,Popular,True,4.18,145.0,370.0,False,Long (350–500),2748.0,148.0,299.0,3195.0,0.669,1947-09-21,1947,,,Living,31,"Stephen Edwin King (born September 21, 1947) is an American author of horror, supernatural fiction, suspense, crime, science-fiction, and fantasy novels. His books have sold more than 350 million copies, and many have been adapted into films, television series, miniseries, and comic books. King has ",True,/works/OL81634W
Moonraker,Ian Fleming,Ian Fleming,1,Thriller,Thriller,"Fiction, Intelligence officers, James Bond (Fictitious character)",1955,1950,1950–1999,71,107,Classic/Bestseller,True,3.69,13.0,252.0,True,Medium (200–350),36.0,3.0,23.0,62.0,0.885,1935,1935,,,Living,20,"Ian Fleming is an English organic chemist, and an emeritus professor of the University of Cambridge, and an emeritus fellow of Pembroke College, Cambridge. He was the first to determine the full structure of chlorophyll (in 1967) and was involved in the development of the synthesis of cyanocobalamin",True,/works/OL85743W
Motor Mouth,Janet Evanovich,Janet Evanovich,1,Thriller,Thriller,"Fiction, NASCAR (Association), Automobile theft",2006,2000,2000+,20,29,Popular,True,,,,False,,,,,,,,,,,Unknown,,Not available,False,/works/OL48082W
Mr. Mercedes,"Stephen King, Ingah Mikhaʼeli",Stephen King,2,Thriller,Thriller,"Horror, Mystery, Crime",2013,2010,2000+,13,47,Popular,True,,,,False,,,,,,,,,,,Unknown,,Not available,False,/works/OL16820059W
Mr. Standfast,John Buchan,John Buchan,1,Thriller,Thriller,"Fiction, World War, 1914-1918, Richard Hannay (Fictitious character)",1918,1910,1900–1949,108,437,Classic/Bestseller,True,4.36,11.0,310.0,False,Medium (200–350),28.0,4.0,15.0,47.0,0.789,1875-08-26,1875,1940-02-11,1940,Deceased,43,"A Scottish novelist, historian and Unionist politician who served as Governor General of Canada, the 15th since Canadian Confederation (<a href=https://en.wikipedia.org/wiki/John_Buchan>Wikipedia</a>).",True,/works/OL76598W
Mrs. March,Virginia Feito,Virginia Feito,1,Thriller,Thriller,"English literature, Authors' spouses, Fiction",2021,2020,2000+,5,28,Popular,True,,,,False,,,,,,,,,,,Unknown,,Not available,False,/works/OL24212743W
Män som hatar kvinnor,Stieg Larsson,Stieg Larsson,1,Thriller,Thriller,"Fiction: Literature, Novels, Misogyny",2005,2000,2000+,21,78,Popular,True,,,,False,,,,,,,,,,,Unknown,,Not available,False,/works/OL5784622W
Never Go Back,Lee Child,Lee Child,1,Thriller,Thriller,"Murder, Mystery & Detective, FICTION",2013,2010,2000+,13,38,Popular,True,,,,False,,,,,,,,,,,Unknown,,Not available,False,/works/OL37897530W
Never look away,Linwood Barclay,Linwood Barclay,1,Thriller,Thriller,"Kidnapping, Journalists, Fiction",2010,2010,2000+,16,23,Moderate,True,,,,False,,,,,,,,,,,Unknown,,Not available,False,/works/OL14980852W
Night of the Fox,Henry Patterson,Henry Patterson,1,Thriller,Thriller,"Fiction, World War, 1939-1945, World War (1939-1945) fast (OCoLC)fst01180924",1757,1750,Pre-1900,269,51,Popular,True,,,,False,,,,,,,,,,,Unknown,,Not available,False,/works/OL157448W
Nightmare Abbey,Thomas Love Peacock,Thomas Love Peacock,1,Thriller,Thriller,"Adaptations, Arthurian romances, Classic Literature",1818,1810,Pre-1900,208,140,Classic/Bestseller,True,,,,False,,,,,,,,,,,Unknown,,Not available,False,/works/OL2713465W
On Her Majesty's Secret Service,Ian Fleming,Ian Fleming,1,Thriller,Thriller,"British, Fiction, James Bond (Fictitious character)",1963,1960,1950–1999,63,88,Popular,True,4.44,9.0,,False,,,,,,,1935,1935,,,Living,28,"Ian Fleming is an English organic chemist, and an emeritus professor of the University of Cambridge, and an emeritus fellow of Pembroke College, Cambridge. He was the first to determine the full structure of chlorophyll (in 1967) and was involved in the development of the synthesis of cyanocobalamin",False,/works/OL85744W
One Shot,Lee Child,Lee Child,1,Thriller,Thriller,"Detective and mystery stories, Serial murders, Fiction",2005,2000,2000+,21,52,Popular,True,,,,False,,,,,,,,,,,Unknown,,Not available,False,/works/OL52953W
Otto of the Silver Hand,Howard Pyle,Howard Pyle,1,Thriller,Thriller,"Middle Ages, Fiction, Juvenile fiction",1888,1880,Pre-1900,138,226,Classic/Bestseller,True,4.5,2.0,252.0,True,Medium (200–350),14.0,1.0,9.0,24.0,0.9,,,,,Unknown,,Not available,True,/works/OL2021957W
Persuader,Lee Child,Lee Child,1,Thriller,Thriller,"Drug traffic, Private investigators, Detective and mystery stories",2003,2000,2000+,23,49,Popular,True,,,,False,,,,,,,,,,,Unknown,,Not available,False,/works/OL52955W
Point Blanc,Anthony Horowitz,Anthony Horowitz,1,Thriller,Thriller,"Young Adult Fiction, Orphans, Spies",2001,2000,2000+,25,49,Popular,True,,,,False,,,,,,,,,,,Unknown,,Not available,False,/works/OL84778W
Predator,Patricia Cornwell,Patricia Cornwell,1,Thriller,Thriller,"Fiction, Kay Scarpetta (Fictitious character), Women physicians",1742,1740,Pre-1900,284,55,Popular,True,,,,False,,,,,,,,,,,Unknown,,Not available,False,/works/OL134374W
Prowadź swój pług przez kości umarłych,Olga Tokarczuk,Olga Tokarczuk,1,Thriller,Thriller,"Eccentrics and eccentricities, Fiction, Murder",2009,2000,2000+,17,27,Popular,True,,,,False,,,,,,,,,,,Unknown,,Not available,False,/works/OL17351965W
Quantico,"Greg Bear, Jeff Woodman",Greg Bear,2,Thriller,Thriller,"War on Terrorism, 2001-2009, 2001-, Fiction",2005,2000,2000+,21,21,Moderate,True,,,,False,,,,,,,,,,,Unknown,,Not available,False,/works/OL263229W
Red Dragon,Thomas Harris,Thomas Harris,1,Thriller,Thriller,"Novel, Psychiatrists, Cannibalism",1981,1980,1950–1999,45,60,Popular,True,,,,False,,,,,,,,,,,Unknown,,Not available,False,/works/OL23480W
Resurrection Men Double Sided A2 Poster,Ian Rankin,Ian Rankin,1,Thriller,Thriller,"Detective and mystery stories, Police, Inspector Rebus (Fictitious character)",2001,2000,2000+,25,37,Popular,True,,,,False,,,,,,,,,,,Unknown,,Not available,False,/works/OL483778W
Robert Ludlum's The Bourne sanction,"Eric Van Lustbader, Robert Ludlum",Eric Van Lustbader,2,Thriller,Thriller,"Jason Bourne (Fictitious character), Intelligence officers, Terrorists",2008,2000,2000+,18,22,Moderate,True,,,,False,,,,,,,,,,,Unknown,,Not available,False,/works/OL2454224W
Robur le conquérant,Jules Verne,Jules Verne,1,Thriller,Thriller,"Classic Literature, Fiction, Thriller",1886,1880,Pre-1900,140,113,Classic/Bestseller,True,,,158.0,False,Short (<200),9.0,1.0,3.0,13.0,0.75,1828-02-08,1828,1905-03-24,1905,Deceased,58,"Jules Verne was a French author who helped pioneer the science-fiction genre. 

He is best known for his novels A Journey to the Centre of the Earth (1864), From the Earth to the Moon (1865), Twenty Thousand Leagues Under the Sea (1869–1870), Around the World in Eighty Days (1873) and The Mysterio",True,/works/OL1099693W
Rose Madder,Stephen King,Stephen King,1,Thriller,Thriller,"Rose madder, Audiobooks, Miscarriage",1995,1990,1950–1999,31,57,Popular,True,,,,False,,,,,,,,,,,Unknown,,Not available,False,/works/OL81614W
Roses Are Red,James Patterson,James Patterson,1,Thriller,Thriller,"Fiction, Police, Bank robberies",1752,1750,Pre-1900,274,54,Popular,True,,,,False,,,,,,,,,,,Unknown,,Not available,False,/works/OL167175W
Run Away,Harlan Coben,Harlan Coben,1,Thriller,Thriller,"Fiction, Thrillers, Nyt:hardcover-fiction=2019-04-07, New York Times bestseller",2019,2010,2000+,7,26,Popular,True,,,,False,,,,,,,,,,,Unknown,,Not available,False,/works/OL20151084W
Running blind,Desmond Bagley,Desmond Bagley,1,Thriller,Thriller,"Fiction, Fiction in English",1970,1970,1950–1999,56,24,Moderate,True,,,,False,,,,,,,,,,,Unknown,,Not available,False,/works/OL3917431W
SS-GB,Len Deighton,Len Deighton,1,Thriller,Thriller,"Fiction, Fiction in English, Mystery",1978,1970,1950–1999,48,28,Popular,True,,,,False,,,,,,,,,,,Unknown,,Not available,False,/works/OL2425042W
Sad Wind from the Sea,Henry Patterson,Henry Patterson,1,Thriller,Thriller,"Treasure troves, Fiction, China",1942,1940,1900–1949,84,22,Moderate,True,,,,False,,,,,,,,,,,Unknown,,Not available,False,/works/OL157328W
Saving Faith,David Baldacci,David Baldacci,1,Thriller,Thriller,"Novela política, Political corruption",1999,1990,1950–1999,27,64,Popular,True,,,,False,,,,,,,,,,,Unknown,,Not available,False,/works/OL41243W
Second wind,Dick Francis,Dick Francis,1,Thriller,Thriller,"Mystery, Television weathercasters, Threats",1832,1830,Pre-1900,194,28,Popular,True,,,,False,,,,,,,,,,,Unknown,,Not available,False,/works/OL463346W
Six of Crows,Leigh Bardugo,Leigh Bardugo,1,Thriller,Thriller,"Young adult fiction, Fantasy fiction, Fiction",2015,2010,2000+,11,37,Popular,True,,,,False,,,,,,,,,,,Unknown,,Not available,False,/works/OL17332479W
Skeleton Key,Anthony Horowitz,Anthony Horowitz,1,Thriller,Thriller,"Mystery, Spies in fiction, Terrorism in fiction",1999,1990,1950–1999,27,26,Popular,True,,,,False,,,,,,,,,,,Unknown,,Not available,False,/works/OL84774W
Skinny dip,Carl Hiaasen,Carl Hiaasen,1,Thriller,Thriller,"Ex-police officers, Married people, Hazardous wastes",2004,2000,2000+,22,23,Moderate,True,,,,False,,,,,,,,,,,Unknown,,Not available,False,/works/OL463573W
Sky Hunters,Jack Shane,Jack Shane,1,Thriller,Thriller,"Military helicopters, Fiction, Thriller",2005,2000,2000+,21,24,Moderate,True,,,,False,,,,,,,,,,,Unknown,,Not available,False,/works/OL275698W
Sleeping Beauties,"Stephen King, Owen King",Stephen King,2,Thriller,Thriller,"Fiction, Demonology, Women",2014,2010,2000+,12,25,Moderate,True,,,,False,,,,,,,,,,,Unknown,,Not available,False,/works/OL17930363W
Smiley's People,John le Carré,John le Carré,1,Thriller,Thriller,"John le Carré, America's #1 Bestseller, Fiction",1979,1970,1950–1999,47,26,Popular,True,,,,False,,,,,,,,,,,Unknown,,Not available,False,/works/OL15723133W
Snakehead,Anthony Horowitz,Anthony Horowitz,1,Thriller,Thriller,"Young Adult Fiction, Adventure and adventurers, Juvenile fiction",2007,2000,2000+,19,25,Moderate,True,,,,False,,,,,,,,,,,Unknown,,Not available,False,/works/OL14952358W
Step on a Crack,"James Patterson, Michael Ledwidge",James Patterson,2,Thriller,Thriller,"Fiction, Police in fiction, Kidnapping in fiction",1658,1650,Pre-1900,368,47,Popular,True,,,,False,,,,,,,,,,,Unknown,,Not available,False,/works/OL167155W
Stone Cold,David Baldacci,David Baldacci,1,Thriller,Thriller,"Crime thriller, Political fiction, Thrillers",2007,2000,2000+,19,40,Popular,True,,,,False,,,,,,,,,,,Unknown,,Not available,False,/works/OL41249W
Storm Island,Ken Follett,Ken Follett,1,Thriller,Thriller,"English Spy stories, Fiction, German Espionage",1978,1970,1950–1999,48,83,Popular,True,3.92,25.0,252.0,True,Medium (200–350),186.0,10.0,39.0,235.0,0.796,1949-06-05,1949,,,Living,29,"Ken Follett is a British author of thrillers and historical novels. He has sold more then 100 million copies of his works. Four of his books have reached the number 1 ranking on the New York Times best-seller list : *The Key to Rebecca, Lie Down with Lions, Triple* and *World Without End*.",True,/works/OL1914088W
Stormbreaker,Anthony Horowitz,Anthony Horowitz,1,Thriller,Thriller,"Juvenile Fiction, Fiction, Children's fiction",2000,2000,2000+,26,51,Popular,True,,,,False,,,,,,,,,,,Unknown,,Not available,False,/works/OL80763W
Strangers On a Train,Patricia Highsmith,Patricia Highsmith,1,Thriller,Thriller,"Fiction, Mystery, Thriller",1950,1950,1950–1999,76,37,Popular,True,,,,False,,,,,,,,,,,Unknown,,Not available,False,/works/OL59482W
Sycamore Row,John Grisham,John Grisham,1,Thriller,Thriller,"Criminal defense lawyers, Inheritance and succession, Fiction",2013,2010,2000+,13,20,Moderate,True,,,,False,,,,,,,,,,,Unknown,,Not available,False,/works/OL16810052W
The 8th confession,"James Patterson, Maxine Paetro",James Patterson,2,Thriller,Thriller,"Fiction, Women detectives, Mystery fiction",1998,1990,1950–1999,28,29,Popular,True,,,,False,,,,,,,,,,,Unknown,,Not available,False,/works/OL14920186W
The 9th judgment,"James Patterson, Maxine Paetro",James Patterson,2,Thriller,Thriller,"Fiction, Women detectives, Murder",2010,2010,2000+,16,27,Popular,True,,,,False,,,,,,,,,,,Unknown,,Not available,False,/works/OL14920175W
The Adventures of Captain Horn,Frank R. Stockton,Frank R. Stockton,1,Thriller,Thriller,"Classic Literature, Fiction, Thriller",1895,1890,Pre-1900,131,29,Popular,True,,,,False,,,,,,,,,,,Unknown,,Not available,False,/works/OL567004W
The Avenger,Edward Phillips Oppenheim,Edward Phillips Oppenheim,1,Thriller,Thriller,"Classic Literature, Fiction, Thriller",1908,1900,1900–1949,118,62,Popular,True,,,,False,,,,,,,1866,1866,1946,1946,Deceased,42,"An English novelist, in his lifetime a major and successful writer of genre fiction including thrillers.",False,/works/OL2681027W
The Beetle. A Mystery,Richard Marsh,Richard Marsh,1,Thriller,Thriller,"Fiction, Occult & supernatural, Egypt, Horror",1897,1890,Pre-1900,129,211,Classic/Bestseller,True,,,,False,,,,,,,,,,,Unknown,,Not available,False,/works/OL827304W
The Big Clock,Kenneth Fearing,Kenneth Fearing,1,Thriller,Thriller,"Organized crime, Crimes against, Fiction",1946,1940,1900–1949,80,27,Popular,True,,,,False,,,,,,,,,,,Unknown,,Not available,False,/works/OL3975149W
The Black Dahlia,James Ellroy,James Ellroy,1,Thriller,Thriller,"Detective and mystery fiction, Hard-boiled, Thrillers",1987,1980,1950–1999,39,55,Popular,True,,,,False,,,,,,,,,,,Unknown,,Not available,False,/works/OL553754W
The Breakdown,B.A. Paris,B.A. Paris,1,Thriller,Thriller,"Fiction, Suspense, Psychological",2014,2010,2000+,12,22,Moderate,True,,,,False,,,,,,,,,,,Unknown,,Not available,False,/works/OL17852301W
The Burnt House,Faye Kellerman,Faye Kellerman,1,Thriller,Thriller,"Fiction, Police, Aircraft accidents",2007,2000,2000+,19,27,Popular,True,,,,False,,,,,,,,,,,Unknown,,Not available,False,/works/OL462986W
The Camel Club,David Baldacci,David Baldacci,1,Thriller,Thriller,"Mystery & Thriller, Fiction, Mystery & Detective",2005,2000,2000+,21,37,Popular,True,,,,False,,,,,,,,,,,Unknown,,Not available,False,/works/OL41247W
The Centaur,Algernon Blackwood,Algernon Blackwood,1,Thriller,Thriller,"Supernatural, Fiction, Fantasy",1911,1910,1900–1949,115,65,Popular,True,,,,False,,,,,,,,,,,Unknown,,Not available,False,/works/OL2700650W
The Chamber,John Grisham,John Grisham,1,Thriller,Thriller,"Alcoholism, Loyalty oaths, Pardons",1994,1990,1950–1999,32,75,Popular,True,,,,False,,,,,,,,,,,Unknown,,Not available,False,/works/OL77002W
The Circle,Dave Eggers,Dave Eggers,1,Thriller,Thriller,"Multiple sclerosis, Internet phobia, Dystopia",2013,2010,2000+,13,38,Popular,True,,,,False,,,,,,,,,,,Unknown,,Not available,False,/works/OL16808654W
The Collectors,David Baldacci,David Baldacci,1,Thriller,Thriller,"Assassination, Suspense fiction, Legislators",2006,2000,2000+,20,46,Popular,True,,,,False,,,,,,,,,,,Unknown,,Not available,False,/works/OL41256W
The Dead Room,Heather Graham,Heather Graham,1,Thriller,Thriller,"Mystery, Fiction, Romance",2007,2000,2000+,19,23,Moderate,True,,,,False,,,,,,,,,,,Unknown,,Not available,False,/works/OL121763W
The Devil Doctor,Sax Rohmer,Sax Rohmer,1,Thriller,Thriller,"Doctor Fu Manchu (Fictitious character), Fiction, Classic Literature",1916,1910,1900–1949,110,84,Popular,True,,,,False,,,,,,,,,,,Unknown,,Not available,False,/works/OL2288670W
The Devil's Paw,Edward Phillips Oppenheim,Edward Phillips Oppenheim,1,Thriller,Thriller,"Classic Literature, English Suspense stories, Fiction",1920,1920,1900–1949,106,48,Popular,True,,,,False,,,,,,,1866,1866,1946,1946,Deceased,54,"An English novelist, in his lifetime a major and successful writer of genre fiction including thrillers.",False,/works/OL2681034W
The Drums of Jeopardy,Harold MacGrath,Harold MacGrath,1,Thriller,Thriller,"Classic Literature, Fiction, Thriller",1920,1920,1900–1949,106,140,Classic/Bestseller,True,,,,False,,,,,,,,,,,Unknown,,Not available,False,/works/OL2344450W
The Eagle has Landed,Henry Patterson,Henry Patterson,1,Thriller,Thriller,"Germany in fiction, Literature, Fiction in English",1975,1970,1950–1999,51,72,Popular,True,4.36,14.0,252.0,True,Medium (200–350),105.0,12.0,24.0,141.0,0.667,,,,,Unknown,,Not available,True,/works/OL157343W
The Evil Shepherd,Edward Phillips Oppenheim,Edward Phillips Oppenheim,1,Thriller,Thriller,"Classic Literature, Fiction, Thriller",1922,1920,1900–1949,104,291,Classic/Bestseller,True,5.0,2.0,226.0,False,Medium (200–350),9.0,0.0,1.0,10.0,1.0,1866,1866,1946,1946,Deceased,56,"An English novelist, in his lifetime a major and successful writer of genre fiction including thrillers.",True,/works/OL2681032W
The Eye of Osiris,R. Austin Freeman,R. Austin Freeman,1,Thriller,Thriller,"London (england), Fiction, Physicians, Thorndyke, Doctor (fictitious character)",1911,1910,1900–1949,115,136,Classic/Bestseller,True,2.0,1.0,252.0,True,Medium (200–350),30.0,0.0,2.0,32.0,1.0,1862-04-11,1862,1943-09-28,1943,Deceased,49,Not available,True,/works/OL13150029W
The Eyes of the Dragon,Stephen King,Stephen King,1,Thriller,Thriller,"Suspense, Horror, Epic fantasy",1959,1950,1950–1999,67,65,Popular,True,4.3,27.0,320.0,False,Medium (200–350),420.0,24.0,79.0,523.0,0.767,1947-09-21,1947,,,Living,12,"Stephen Edwin King (born September 21, 1947) is an American author of horror, supernatural fiction, suspense, crime, science-fiction, and fantasy novels. His books have sold more than 350 million copies, and many have been adapted into films, television series, miniseries, and comic books. King has ",True,/works/OL81602W
The Face of Fear,Dean Koontz,Dean Koontz,1,Thriller,Thriller,"Fiction, Thriller, Suspense",1977,1970,1950–1999,49,26,Popular,True,,,,False,,,,,,,,,,,Unknown,,Not available,False,/works/OL263290W
The Four Just Men,Edgar Wallace,Edgar Wallace,1,Thriller,Thriller,"Classic Literature, Fiction, Thriller",1905,1900,1900–1949,121,177,Classic/Bestseller,True,,,,False,,,,,,,,,,,Unknown,,Not available,False,/works/OL1517879W
The Fourth K,Mario Puzo,Mario Puzo,1,Thriller,Thriller,"Fiction, Political crimes and offenses, Presidents",1990,1990,1950–1999,36,23,Moderate,True,,,,False,,,,,,,,,,,Unknown,,Not available,False,/works/OL1673194W
The Front,Patricia Cornwell,Patricia Cornwell,1,Thriller,Thriller,"Fiction, Police, Mystery fiction",2008,2000,2000+,18,25,Moderate,True,,,,False,,,,,,,,,,,Unknown,,Not available,False,/works/OL134360W
The Great Secret,Edward Phillips Oppenheim,Edward Phillips Oppenheim,1,Thriller,Thriller,"Classic Literature, Fiction, Thriller",1907,1900,1900–1949,119,53,Popular,True,,,,False,,,,,,,1866,1866,1946,1946,Deceased,41,"An English novelist, in his lifetime a major and successful writer of genre fiction including thrillers.",False,/works/OL2681033W
The Hard Way,Lee Child,Lee Child,1,Thriller,Thriller,"Detective and mystery stories, Ex-police officers, Fiction",2006,2000,2000+,20,41,Popular,True,,,,False,,,,,,,,,,,Unknown,,Not available,False,/works/OL52940W
"The Haunted and the Haunters, Or, The House and the Brain","Edward Bulwer Lytton, Baron Lytton",Edward Bulwer Lytton,2,Thriller,Thriller,"Fiction, Horror, Suspense",,,,,73,Popular,True,,,,False,,,,,,,,,,,Unknown,,Not available,False,/works/OL8088702W
The Hunt for Red October,Tom Clancy,Tom Clancy,1,Thriller,Thriller,"Fiction, Thriller, Intelligence service",1984,1980,1950–1999,42,63,Popular,True,,,,False,,,,,,,,,,,Unknown,,Not available,False,/works/OL159452W
The Illustrious Prince,Edward Phillips Oppenheim,Edward Phillips Oppenheim,1,Thriller,Thriller,"Classic Literature, Fiction, Thriller",1910,1910,1900–1949,116,44,Popular,True,,,,False,,,,,,,1866,1866,1946,1946,Deceased,44,"An English novelist, in his lifetime a major and successful writer of genre fiction including thrillers.",False,/works/OL2681018W
The Institute,Stephen King,Stephen King,1,Thriller,Thriller,"Fiction, Thrillers, Supernatural",2019,2010,2000+,7,28,Popular,True,,,,False,,,,,,,,,,,Unknown,,Not available,False,/works/OL20126932W
The Ipcress File,Len Deighton,Len Deighton,1,Thriller,Thriller,"Fiction, Fiction in English, Thriller",1962,1960,1950–1999,64,43,Popular,True,,,,False,,,,,,,,,,,Unknown,,Not available,False,/works/OL2425041W
The Jewel of Seven Stars,Bram Stoker,Bram Stoker,1,Thriller,Thriller,"Mummies, Horror, Fiction",1902,1900,1900–1949,124,653,Classic/Bestseller,True,4.43,7.0,310.0,False,Medium (200–350),236.0,12.0,10.0,258.0,0.455,1847,1847,1912,1912,Deceased,55,Not available,True,/works/OL85891W
The Khufra run,Henry Patterson,Henry Patterson,1,Thriller,Thriller,"Fiction, Air pilots, Soldiers of fortune",1972,1970,1950–1999,54,22,Moderate,True,,,,False,,,,,,,,,,,Unknown,,Not available,False,/works/OL157797W
The Killing Ground,Henry Patterson,Henry Patterson,1,Thriller,Thriller,"Intelligence officers in fiction, Intelligence officers, Fiction",2007,2000,2000+,19,23,Moderate,True,,,,False,,,,,,,,,,,Unknown,,Not available,False,/works/OL157428W
The King of Torts,John Grisham,John Grisham,1,Thriller,Thriller,"Public defenders, Drugs",1999,1990,1950–1999,27,53,Popular,True,,,,False,,,,,,,,,,,Unknown,,Not available,False,/works/OL77011W
The Lake of Darkness,Ruth Rendell,Ruth Rendell,1,Thriller,Thriller,"Thriller, Suspense, Fiction",1980,1980,1950–1999,46,21,Moderate,True,,,,False,,,,,,,,,,,Unknown,,Not available,False,/works/OL12079W
The Last Juror,John Grisham,John Grisham,1,Thriller,Thriller,"Mystery, Jury, Jurors",2003,2000,2000+,23,38,Popular,True,,,,False,,,,,,,,,,,Unknown,,Not available,False,/works/OL77013W
The Light of Day,Eric Ambler,Eric Ambler,1,Thriller,Thriller,"Jewel thieves, Criminals, Fiction in English",1962,1960,1950–1999,64,43,Popular,True,,,,False,,,,,,,,,,,Unknown,,Not available,False,/works/OL3297232W
The Lincoln Lawyer (Mickey Haller #1),Michael Connelly,Michael Connelly,1,Thriller,Thriller,"Attorney and client, Fiction",1895,1890,Pre-1900,131,59,Popular,True,,,,False,,,,,,,,,,,Unknown,,Not available,False,/works/OL111746W
The Lost World,Michael Crichton,Michael Crichton,1,Thriller,Thriller,"Prions, Scrapie, Ornitholestes",1995,1990,1950–1999,31,78,Popular,True,4.35,34.0,252.0,True,Medium (200–350),470.0,30.0,83.0,583.0,0.735,1942-10-23,1942,2008-11-04,2008,Deceased,53,An American writer and filmmaker.,True,/works/OL46876W
The Malefactor,Edward Phillips Oppenheim,Edward Phillips Oppenheim,1,Thriller,Thriller,"Classic Literature, Fiction, Thriller",1906,1900,1900–1949,120,58,Popular,True,,,,False,,,,,,,1866,1866,1946,1946,Deceased,40,"An English novelist, in his lifetime a major and successful writer of genre fiction including thrillers.",False,/works/OL2681041W
The Man from St. Petersburg,Ken Follett,Ken Follett,1,Thriller,Thriller,"Spies, English, Fiction",1982,1980,1950–1999,44,54,Popular,True,,,,False,,,,,,,1949-06-05,1949,,,Living,33,"Ken Follett is a British author of thrillers and historical novels. He has sold more then 100 million copies of his works. Four of his books have reached the number 1 ranking on the New York Times best-seller list : *The Key to Rebecca, Lie Down with Lions, Triple* and *World Without End*.",False,/works/OL15649851W
The Man with the Golden Gun,Ian Fleming,Ian Fleming,1,Thriller,Thriller,"Assassins, British, Comic books, Strips",1965,1960,1950–1999,61,95,Popular,True,3.67,9.0,128.0,False,Short (<200),26.0,2.0,17.0,45.0,0.895,1935,1935,,,Living,30,"Ian Fleming is an English organic chemist, and an emeritus professor of the University of Cambridge, and an emeritus fellow of Pembroke College, Cambridge. He was the first to determine the full structure of chlorophyll (in 1967) and was involved in the development of the synthesis of cyanocobalamin",True,/works/OL85741W
The Mediterranean Caper,Clive Cussler,Clive Cussler,1,Thriller,Thriller,"Fiction, Dirk Pitt (Fictitious character), Islands",1973,1970,1950–1999,53,37,Popular,True,,,,False,,,,,,,,,,,Unknown,,Not available,False,/works/OL84877W
The Mephisto Club,Tess Gerritsen,Tess Gerritsen,1,Thriller,Thriller,"Detective and mystery stories, Serial murders, Satanism in fiction",2006,2000,2000+,20,25,Moderate,True,,,,False,,,,,,,,,,,Unknown,,Not available,False,/works/OL14871630W
The Mercedes Coffin,Faye Kellerman,Faye Kellerman,1,Thriller,Thriller,"Literature and fiction, Mystery and suspense, Fiction, Mystery & detective, Police procedural, Murder in fiction",2008,2000,2000+,18,20,Moderate,True,,,,False,,,,,,,,,,,Unknown,,Not available,False,/works/OL462957W
The Mysterious Affair at Styles,Agatha Christie,Agatha Christie,1,Thriller,Thriller,"Fiction, Mystery, Crime Fiction",1920,1920,1900–1949,106,1091,Classic/Bestseller,True,4.02,88.0,254.0,False,Medium (200–350),680.0,55.0,184.0,919.0,0.77,,,,,Unknown,,Not available,True,/works/OL472715W
The Naive and Sentimental Lover,John le Carré,John le Carré,1,Thriller,Thriller,"John le Carré, John Le Carre, Le Carre",1971,1970,1950–1999,55,20,Moderate,True,,,,False,,,,,,,,,,,Unknown,,Not available,False,/works/OL181815W
The Narrows,Michael Connelly,Michael Connelly,1,Thriller,Thriller,"Private investigators, Detective and mystery stories, Serial murders",2004,2000,2000+,22,22,Moderate,True,,,,False,,,,,,,,,,,Unknown,,Not available,False,/works/OL111753W
The Orphan Master's Son,Adam Johnson,Adam Johnson,1,Thriller,Thriller,"Totalitarianism, Pulitzer Prize Winner, Fiction",2012,2010,2000+,14,25,Moderate,True,,,,False,,,,,,,,,,,Unknown,,Not available,False,/works/OL16419990W
The Pathfinder,James Fenimore Cooper,James Fenimore Cooper,1,Thriller,Thriller,"Classic Literature, Fiction, Frontier and pioneer life",,,,,427,Classic/Bestseller,True,4.17,6.0,622.0,False,Epic (500+),34.0,6.0,8.0,48.0,0.571,1789-09-15,1789,1851-09-14,1851,Deceased,,"James Fenimore Cooper was a prolific and popular American writer of the early 19th century. He is best remembered as a novelist who wrote numerous sea-stories and the historical novels known as the Leatherstocking Tales, featuring frontiersman Natty Bumppo. Among his most famous works is the Romanti",True,/works/OL78009W
The Pillars of the Earth,Ken Follett,Ken Follett,1,Thriller,Thriller,"White Ship, The Anarchy, Battle of Lincoln",1989,1980,1950–1999,37,111,Classic/Bestseller,True,4.18,73.0,1684.0,False,Epic (500+),735.0,38.0,100.0,873.0,0.725,1949-06-05,1949,,,Living,40,"Ken Follett is a British author of thrillers and historical novels. He has sold more then 100 million copies of his works. Four of his books have reached the number 1 ranking on the New York Times best-seller list : *The Key to Rebecca, Lie Down with Lions, Triple* and *World Without End*.",True,/works/OL1914022W
The Prisoner of Zenda,"Anthony Hope, Gary Hoppenstand, Diane Mowat, Alan Marks, Francesc Ràfols, Andrew Pugsley, Summer M. Hogan, Summer Hogan, Smidgen Press, Charles Dana Gibson, Daniel Lanza Barba, Javier Fornell Fernandez, Stephen Colbourn, Katy Jackson, James Wilby, Robinson, M.",Anthony Hope,17,Thriller,Thriller,"Fiction, Adventure, Action & adventure",,,,,627,Classic/Bestseller,True,3.6,5.0,226.0,False,Medium (200–350),19.0,2.0,11.0,32.0,0.846,1863,1863,1933,1933,Deceased,,Not available,True,/works/OL245401W
The Rainmaker,John Grisham,John Grisham,1,Thriller,Thriller,"Fiction, Insurance crimes, Insurance crimes in fiction",1995,1990,1950–1999,31,67,Popular,True,3.91,33.0,598.0,False,Epic (500+),356.0,34.0,71.0,461.0,0.676,1955-02-08,1955,,,Living,40,"Long before his name became synonymous with the modern legal thriller, he was working 60-70 hours a week at a small Southaven, Mississippi, law practice, squeezing in time before going to the office and during courtroom recesses to work on his hobby—writing his first novel.

Born on February 8, 19",True,/works/OL77021W
The Rangeland Avenger,Frederick Faust,Frederick Faust,1,Thriller,Thriller,"Classic Literature, Fiction, Thriller",1924,1920,1900–1949,102,135,Classic/Bestseller,True,,,246.0,False,Medium (200–350),1.0,0.0,1.0,2.0,1.0,1892-05-29,1892,1944-05-12,1944,Deceased,32,"Frederick Schiller Faust was born in Seattle. He was orphaned at an early age and raised in central California. He worked as a cowhand in the San Joaquin Valley, then went on to attend the University of California at Berkeley. He did not finish university, but did begin to write while there. After l",True,/works/OL8074996W
The Red Badge of Courage,Stephen Crane,Stephen Crane,1,Thriller,"Historical Fiction, Thriller","1783-1865, American Manuscripts, Cartoons and comics",,,,,639,Classic/Bestseller,True,3.67,27.0,216.0,False,Medium (200–350),159.0,12.0,49.0,220.0,0.803,1871-11-01,1871,1900-06-05,1900,Deceased,,A prolific American author (<a href=https://en.wikipedia.org/wiki/Stephen_Crane>Wikipedia</a>; <a href=https://en.wikisource.org/wiki/Author:Stephen_Crane>Wikisource</a>).,True,/works/OL20844W
The Riddle of the Sands,Erskine Childers,Erskine Childers,1,Thriller,Thriller,"Great britain, Fiction, Action & adventure, Thrillers, Espionage",1903,1900,1900–1949,123,532,Classic/Bestseller,True,3.75,4.0,336.0,False,Medium (200–350),121.0,11.0,9.0,141.0,0.45,1870-06-25,1870,1922-11-24,1922,Deceased,33,"Robert Erskine Childers, the author of the influential novel <i>The Riddle of the Sands</i> and an Irish nationalist who smuggled guns to Ireland in his sailing yacht <i>Asgard</i> (<a href=https://en.wikipedia.org/wiki/Robert_Erskine_Childers>Wikipedia</a>).",True,/works/OL23797W
The Secret History,Donna Tartt,Donna Tartt,1,Thriller,Thriller,"Fiction, College students, Teacher-student relationships",1992,1990,1950–1999,34,52,Popular,True,,,,False,,,,,,,,,,,Unknown,,Not available,False,/works/OL4321141W
The Sinner,Tess Gerritsen,Tess Gerritsen,1,Thriller,Thriller,"Fiction, Detective Rizzoli, Jane (Fictitious character), Medical examiners (Law)",2003,2000,2000+,23,24,Moderate,True,,,,False,,,,,,,,,,,Unknown,,Not available,False,/works/OL14871638W
The Spy Who Loved Me,Ian Fleming,Ian Fleming,1,Thriller,Thriller,"Fiction, Fiction in English, James Bond (Fictitious character)",1962,1960,1950–1999,64,108,Classic/Bestseller,True,3.4,10.0,252.0,True,Medium (200–350),29.0,1.0,15.0,45.0,0.938,1935,1935,,,Living,27,"Ian Fleming is an English organic chemist, and an emeritus professor of the University of Cambridge, and an emeritus fellow of Pembroke College, Cambridge. He was the first to determine the full structure of chlorophyll (in 1967) and was involved in the development of the synthesis of cyanocobalamin",True,/works/OL85742W
The Stand,Stephen King,Stephen King,1,Thriller,Thriller,"Suspense & thriller, Gothic & horror, Biological warfare",1978,1970,1950–1999,48,87,Popular,True,,,,False,,,,,,,,,,,Unknown,,Not available,False,/works/OL81618W
The Statement,Brian Moore,Brian Moore,1,Thriller,Thriller,"Fiction, War criminals, Fugitives from justice",1995,1990,1950–1999,31,26,Popular,True,,,,False,,,,,,,,,,,Unknown,,Not available,False,/works/OL2233629W
The Stepford Wives,Ira Levin,Ira Levin,1,Thriller,Thriller,"Horror tales, Conspiracy, Photographers",1972,1970,1950–1999,54,41,Popular,True,,,,False,,,,,,,,,,,Unknown,,Not available,False,/works/OL28319W
The Stranger,Harlan Coben,Harlan Coben,1,Thriller,Thriller,"ADULT FICTION, THRILLER, Married people",2015,2010,2000+,11,27,Popular,True,,,,False,,,,,,,,,,,Unknown,,Not available,False,/works/OL17358805W
The Surgeon,"Tess Gerritsen, Christine Marshall",Tess Gerritsen,2,Thriller,Thriller,"Fiction, Mystery & detective, Police procedural, Thrillers, General, Rizzoli, Jane, Detective (fictitious character)",2001,2000,2000+,25,39,Popular,True,,,,False,,,,,,,,,,,Unknown,,Not available,False,/works/OL14871640W
The Talbot odyssey,Nelson DeMille,Nelson DeMille,1,Thriller,Thriller,"New york (n.y.), Fiction, Thrillers, Espionage, Soviet Espionage",1984,1980,1950–1999,42,27,Popular,True,,,,False,,,,,,,,,,,Unknown,,Not available,False,/works/OL22906W
The Tenth Justice,Brad Meltzer,Brad Meltzer,1,Thriller,Thriller,"Fiction, Law clerks, Thriller",1997,1990,1950–1999,29,22,Moderate,True,,,,False,,,,,,,,,,,Unknown,,Not available,False,/works/OL1818522W
The Terror,Dan Simmons,Dan Simmons,1,Thriller,Thriller,"Fiction, Historical, Horror, Action & adventure",2007,2000,2000+,19,39,Popular,True,,,,False,,,,,,,,,,,Unknown,,Not available,False,/works/OL1963316W
The Thirty-Nine Steps,John Buchan,John Buchan,1,Thriller,Thriller,"Hannay, Richard (fictitious character), Fiction, Great britain, Espionage",1915,1910,1900–1949,111,881,Classic/Bestseller,True,3.77,26.0,228.0,False,Medium (200–350),207.0,18.0,52.0,277.0,0.743,1875-08-26,1875,1940-02-11,1940,Deceased,40,"A Scottish novelist, historian and Unionist politician who served as Governor General of Canada, the 15th since Canadian Confederation (<a href=https://en.wikipedia.org/wiki/John_Buchan>Wikipedia</a>).",True,/works/OL76524W
The Tommyknockers,Stephen King,Stephen King,1,Thriller,Thriller,"Aliens, Paranormal fiction, American horror tales",1985,1980,1950–1999,41,58,Popular,True,,,,False,,,,,,,,,,,Unknown,,Not available,False,/works/OL81593W
The Valhalla exchange,Henry Patterson,Henry Patterson,1,Thriller,Thriller,"Fiction, Fiction in English, Nazis",1976,1970,1950–1999,50,27,Popular,True,,,,False,,,,,,,,,,,Unknown,,Not available,False,/works/OL5597496W
The Visitor,Lee Child,Lee Child,1,Thriller,Thriller,"Thriller, Fiction, Thrillers, Suspense",2000,2000,2000+,26,55,Popular,True,,,,False,,,,,,,,,,,Unknown,,Not available,False,/works/OL52936W
The Vivero Letter,"Desmond Bagley, D Bagley",Desmond Bagley,2,Thriller,Thriller,"Mystery, Thriller, Mafia",1968,1960,1950–1999,58,28,Popular,True,,,,False,,,,,,,,,,,Unknown,,Not available,False,/works/OL3917426W
The Winner,David Baldacci,David Baldacci,1,Thriller,Thriller,"Lottery winners, Lottery winners in fiction",1997,1990,1950–1999,29,45,Popular,True,,,,False,,,,,,,,,,,Unknown,,Not available,False,/works/OL41244W
The Woman in the Alcove,Anna Katharine Green,Anna Katharine Green,1,Thriller,Thriller,"Classic Literature, Fiction, Thriller",1906,1900,1900–1949,120,21,Moderate,True,,,,False,,,,,,,1846,1846,1935,1935,Deceased,60,Not available,False,/works/OL4885684W
The Woods,Harlan Coben,Harlan Coben,1,Thriller,Thriller,"Fiction, Detective and mystery stories, Suspense fiction",1849,1840,Pre-1900,177,57,Popular,True,,,,False,,,,,,,,,,,Unknown,,Not available,False,/works/OL79339W
The amateur gentleman,Jeffery Farnol,Jeffery Farnol,1,Thriller,Thriller,"Classic Literature, Fiction, Thriller",,,,,42,Popular,True,,,,False,,,,,,,,,,,Unknown,,Not available,False,/works/OL8470564W
The deerslayer,James Fenimore Cooper,James Fenimore Cooper,1,Thriller,Thriller,"United States in fiction, Male friendship, Hunters",1841,1840,Pre-1900,185,504,Classic/Bestseller,True,4.0,5.0,246.0,False,Medium (200–350),41.0,2.0,9.0,52.0,0.818,1789-09-15,1789,1851-09-14,1851,Deceased,52,"James Fenimore Cooper was a prolific and popular American writer of the early 19th century. He is best remembered as a novelist who wrote numerous sea-stories and the historical novels known as the Leatherstocking Tales, featuring frontiersman Natty Bumppo. Among his most famous works is the Romanti",True,/works/OL77950W
The dynamiter,Robert Louis Stevenson,Robert Louis Stevenson,1,Thriller,Thriller,"Classic Literature, Fiction, Thriller",1885,1880,Pre-1900,141,25,Moderate,True,,,,False,,,,,,,1850-11-13,1850,1894-12-03,1894,Deceased,35,"Robert Louis Stevenson (born Robert Lewis Balfour Stevenson; 13 November 1850 – 3 December 1894) was a Scottish novelist, essayist, poet and travel writer. He is best known for works such as Treasure Island, Strange Case of Dr Jekyll and Mr Hyde, Kidnapped and A Child's Garden of Verses.",False,/works/OL24136W
The emperor of Ocean Park,"Stephen L. Carter, Peter Francis James",Stephen L. Carter,2,Thriller,Thriller,"African American judges, Death, African American families in fiction",2002,2000,2000+,24,27,Popular,True,,,,False,,,,,,,,,,,Unknown,,Not available,False,/works/OL1980577W
The enemy,Lee Child,Lee Child,1,Thriller,Thriller,"Military police in fiction, Conspiracies in fiction, France in fiction",2004,2000,2000+,22,44,Popular,True,,,,False,,,,,,,,,,,Unknown,,Not available,False,/works/OL52942W
The pioneers,James Fenimore Cooper,James Fenimore Cooper,1,Thriller,Thriller,"Frontier and pioneer life, Natty Bumppo (Fictitious character)",,,,,378,Classic/Bestseller,True,3.67,3.0,252.0,True,Medium (200–350),41.0,4.0,8.0,53.0,0.667,1789-09-15,1789,1851-09-14,1851,Deceased,,"James Fenimore Cooper was a prolific and popular American writer of the early 19th century. He is best remembered as a novelist who wrote numerous sea-stories and the historical novels known as the Leatherstocking Tales, featuring frontiersman Natty Bumppo. Among his most famous works is the Romanti",True,/works/OL77997W
The sea lions,James Fenimore Cooper,James Fenimore Cooper,1,Thriller,Thriller,"Sealers (Persons), Fiction, American Sea stories",,,,,51,Popular,True,,,,False,,,,,,,1789-09-15,1789,1851-09-14,1851,Deceased,,"James Fenimore Cooper was a prolific and popular American writer of the early 19th century. He is best remembered as a novelist who wrote numerous sea-stories and the historical novels known as the Leatherstocking Tales, featuring frontiersman Natty Bumppo. Among his most famous works is the Romanti",False,/works/OL78065W
The secret speech,Tom Rob Smith,Tom Rob Smith,1,Thriller,Thriller,"Secret service, Fiction, Thriller",1994,1990,1950–1999,32,26,Popular,True,,,,False,,,,,,,,,,,Unknown,,Not available,False,/works/OL9364987W
The slave of the lamp,Hugh Stowell Scott,Hugh Stowell Scott,1,Thriller,Thriller,"Classic Literature, Fiction, Thriller",1891,1890,Pre-1900,135,37,Popular,True,,,,False,,,,,,,,,,,Unknown,,Not available,False,/works/OL240590W
The tightrope men,Desmond Bagley,Desmond Bagley,1,Thriller,Thriller,"Fiction in English, Mystery",1973,1970,1950–1999,53,24,Moderate,True,,,,False,,,,,,,,,,,Unknown,,Not available,False,/works/OL3917432W
Thunder on the Right,Mary Stewart,Mary Stewart,1,Thriller,Thriller,"Fiction, Romance, General, Mystery & detective",1957,1950,1950–1999,69,26,Popular,True,,,,False,,,,,,,,,,,Unknown,,Not available,False,/works/OL213267W
Thunderball,Ian Fleming,Ian Fleming,1,Thriller,Thriller,"British, Fiction, Intelligence officers",1961,1960,1950–1999,65,94,Popular,True,3.67,9.0,320.0,False,Medium (200–350),32.0,1.0,17.0,50.0,0.944,1935,1935,,,Living,26,"Ian Fleming is an English organic chemist, and an emeritus professor of the University of Cambridge, and an emeritus fellow of Pembroke College, Cambridge. He was the first to determine the full structure of chlorophyll (in 1967) and was involved in the development of the synthesis of cyanocobalamin",True,/works/OL85745W
Timeline,Michael Crichton,Michael Crichton,1,Thriller,Thriller,"Fiction, Hundertja hriger Krieg, Wissenschaftler",1999,1990,1950–1999,27,64,Popular,True,,,,False,,,,,,,,,,,Unknown,,Not available,False,/works/OL46884W
Tom Clancy's Net Force,"Tom Clancy, Steve R. Pieczenik",Tom Clancy,2,Thriller,Thriller,"Computer crimes, Fiction, Investigation",1998,1990,1950–1999,28,23,Moderate,True,,,,False,,,,,,,,,,,Unknown,,Not available,False,/works/OL448894W
Treasure Island,Robert Louis Stevenson,Robert Louis Stevenson,1,Thriller,Thriller,"Fiction, Treasure Island (Imaginary place), Treasure-trove",1880,1880,Pre-1900,146,1991,Classic/Bestseller,True,3.78,103.0,252.0,True,Medium (200–350),978.0,79.0,198.0,1255.0,0.715,1850-11-13,1850,1894-12-03,1894,Deceased,30,"Robert Louis Stevenson (born Robert Lewis Balfour Stevenson; 13 November 1850 – 3 December 1894) was a Scottish novelist, essayist, poet and travel writer. He is best known for works such as Treasure Island, Strange Case of Dr Jekyll and Mr Hyde, Kidnapped and A Child's Garden of Verses.",True,/works/OL24034W
Treasure of Khan,"Clive Cussler, Dirk Cussler",Clive Cussler,2,Thriller,Thriller,"Fiction, Action & adventure, Thrillers, General, Pitt, Dirk (fictitious character)",2006,2000,2000+,20,25,Moderate,True,,,,False,,,,,,,,,,,Unknown,,Not available,False,/works/OL8375377W
Tripwire,Lee Child,Lee Child,1,Thriller,Thriller,"Vietnamese Conflict, 1961-1975, Private investigators, Murder",1999,1990,1950–1999,27,46,Popular,True,,,,False,,,,,,,,,,,Unknown,,Not available,False,/works/OL52946W
Trojan Odysey,Clive Cussler,Clive Cussler,1,Thriller,Thriller,"Fiction, Thriller, Pitt, Dirk (fictitious character)",2003,2000,2000+,23,25,Moderate,True,,,,False,,,,,,,,,,,Unknown,,Not available,False,/works/OL84887W
Vingt mille lieues sous les mers,Jules Verne,Jules Verne,1,Thriller,Thriller,"Toy and movable books, Fiction, Specimens",1870,1870,Pre-1900,156,384,Classic/Bestseller,True,4.06,68.0,501.0,False,Epic (500+),451.0,37.0,124.0,612.0,0.77,1828-02-08,1828,1905-03-24,1905,Deceased,42,"Jules Verne was a French author who helped pioneer the science-fiction genre. 

He is best known for his novels A Journey to the Centre of the Earth (1864), From the Earth to the Moon (1865), Twenty Thousand Leagues Under the Sea (1869–1870), Around the World in Eighty Days (1873) and The Mysterio",True,/works/OL1099280W
Violent Enemy,Henry Patterson,Henry Patterson,1,Thriller,Thriller,"Literature and fiction, Mystery and suspense, England, Fiction, Thrillers, Suspense",1969,1960,1950–1999,57,28,Popular,True,,,,False,,,,,,,,,,,Unknown,,Not available,False,/works/OL157604W
Voyage au Centre de la Terre,Jules Verne,Jules Verne,1,Thriller,Thriller,"Fiction, Science fiction, Imaginary Voyages",1867,1860,Pre-1900,159,205,Classic/Bestseller,True,,,,False,,,,,,,,,,,Unknown,,Not available,False,/works/OL1099513W
War in heaven,Charles Williams,Charles Williams,1,Thriller,Thriller,"Fiction in English, Supernatural, Thriller",1930,1930,1900–1949,96,68,Popular,True,,,256.0,False,Medium (200–350),,,,,,1886-09-20,1886,1945-05-15,1945,Deceased,44,"Charles Walter Stansby Williams (20 September 1886 – 15 May 1945) was a British poet, novelist, literary critic, editor, biographer, Anglican Christian, and occultist. He was also a member of the Inklings along with C.S. Lewis and J.R.R. Tolkien.

He is best known for his seven 'metaphysical thril",False,/works/OL1155806W
Watchman (Crime Club),Ian Rankin,Ian Rankin,1,Thriller,Thriller,"Fiction, Espionage, Thrillers, General, Northern ireland",1988,1980,1950–1999,38,24,Moderate,True,,,,False,,,,,,,,,,,Unknown,,Not available,False,/works/OL483792W
Way of the Lawless,Frederick Faust,Frederick Faust,1,Thriller,Thriller,"Outlaws, Fiction, Frontier and pioneer life",1978,1970,1950–1999,48,105,Classic/Bestseller,True,4.0,1.0,208.0,False,Medium (200–350),1.0,0.0,2.0,3.0,1.0,1892-05-29,1892,1944-05-12,1944,Deceased,86,"Frederick Schiller Faust was born in Seattle. He was orphaned at an early age and raised in central California. He worked as a cowhand in the San Joaquin Valley, then went on to attend the University of California at Berkeley. He did not finish university, but did begin to write while there. After l",True,/works/OL8075012W
We need to talk about Kevin,Lionel Shriver,Lionel Shriver,1,Thriller,Thriller,"Fiction, Teenage boys, Massacres",2003,2000,2000+,23,38,Popular,True,,,,False,,,,,,,,,,,Unknown,,Not available,False,/works/OL3359138W
White Fang,Jack London,Jack London,1,Thriller,Thriller,"Gold discoveries, Wolfdogs, Classic Literature",1905,1900,1900–1949,121,387,Classic/Bestseller,True,4.01,67.0,156.0,False,Short (<200),460.0,31.0,112.0,603.0,0.783,1876-01-12,1876,1916-11-22,1916,Deceased,29,"John Griffith London (born John Griffith Chaney; January 12, 1876 – November 22, 1916) was an American novelist, journalist, and social activist. A pioneer in the world of commercial magazine fiction, he was one of the first writers to become a worldwide celebrity and earn a large fortune from writi",True,/works/OL74504W
Without Fail,Lee Child,Lee Child,1,Thriller,Thriller,"Private investigators, Detective and mystery stories, Fiction",2002,2000,2000+,24,42,Popular,True,,,,False,,,,,,,,,,,Unknown,,Not available,False,/works/OL37861787W
Woman without a past,Phyllis A. Whitney,Phyllis A. Whitney,1,Thriller,Thriller,"Women, Fiction, Mystery fiction",1991,1990,1950–1999,35,21,Moderate,True,,,,False,,,,,,,,,,,Unknown,,Not available,False,/works/OL60504W
Worst Case,"James Patterson, Michael Ledwidge",James Patterson,2,Thriller,Thriller,"Fiction, Police, Children of the rich",2008,2000,2000+,18,26,Popular,True,,,,False,,,,,,,,,,,Unknown,,Not available,False,/works/OL14920173W
You Only Live Twice,Ian Fleming,Ian Fleming,1,Thriller,Thriller,"Fiction, Espionage, Thrillers, General, Bond, James (fictitious character)",1964,1960,1950–1999,62,105,Classic/Bestseller,True,4.0,11.0,252.0,False,Medium (200–350),22.0,0.0,16.0,38.0,1.0,1935,1935,,,Living,29,"Ian Fleming is an English organic chemist, and an emeritus professor of the University of Cambridge, and an emeritus fellow of Pembroke College, Cambridge. He was the first to determine the full structure of chlorophyll (in 1967) and was involved in the development of the synthesis of cyanocobalamin",True,/works/OL267791W
8 Plus 1,Robert Cormier,Robert Cormier,1,Young Adult,Young Adult,"Young adult, Coming of age, Short stories",1980,1980,1950–1999,46,4,Niche,True,,,,False,,,,,,,,,,,Unknown,,Not available,False,/works/OL55335W
A Curse for True Love,Stephanie Garber,Stephanie Garber,1,Young Adult,Young Adult,"Serie:Once_Upon_a_Broken_Heart, Fantasy, Fantasy fiction",2023,2020,2000+,3,9,Moderate,False,,,,False,,,,,,,,,,,Unknown,,Not available,False,/works/OL33364737W
A Darker Shade of Magic,V. E. Schwab,V. E. Schwab,1,Young Adult,Young Adult,"Quantum theory, Magic, FICTION / Fantasy / Historical",2015,2010,2000+,11,17,Moderate,True,,,,False,,,,,,,,,,,Unknown,,Not available,False,/works/OL17332803W
A Language of Dragons,S. F. Williamson,S. F. Williamson,1,Young Adult,Young Adult,"Fantasy, Dragons, Young Adult",2025,2020,2000+,1,7,Moderate,False,,,,False,,,,,,,,,,,Unknown,,Not available,False,/works/OL42397811W
A Lesson in Vengeance,Victoria Lee,Victoria Lee,1,Young Adult,Young Adult,"Fiction, Sapphic, Queer",2021,2020,2000+,5,6,Moderate,False,,,,False,,,,,,,,,,,Unknown,,Not available,False,/works/OL24821659W
A través de mi ventana,Ariana Godoy,Ariana Godoy,1,Young Adult,Young Adult,"Romance, Young Adult, Contemporary",2021,2020,2000+,5,3,Niche,False,,,,False,,,,,,,,,,,Unknown,,Not available,False,/works/OL24538051W
Across So Many Seas,Ruth Behar,Ruth Behar,1,Young Adult,Young Adult,"Children's fiction, Historical Fiction, Middle Grade",2024,2020,2000+,2,6,Moderate,False,,,,False,,,,,,,,,,,Unknown,,Not available,False,/works/OL37622401W
Alice,Christina Henry,Christina Henry,1,Young Adult,Young Adult,"Retellings, Fiction, Fantasy, General, Imaginary places",2015,2010,2000+,11,7,Moderate,True,,,,False,,,,,,,,,,,Unknown,,Not available,False,/works/OL19912966W
All the Crooked Saints,Maggie Stiefvater,Maggie Stiefvater,1,Young Adult,Young Adult,"Families, Magic, Fiction",2017,2010,2000+,9,11,Moderate,False,4.0,4.0,360.0,False,Long (350–500),20.0,0.0,6.0,26.0,1.0,1981-11-18,1981,,,Living,36,American writer,True,/works/OL17814556W
Amid Stars and Darkness,Chani Lynn Feener,Chani Lynn Feener,1,Young Adult,Young Adult,"Impersonation, Kidnapping, Space warfare",2017,2010,2000+,9,4,Niche,True,,,,False,,,,,,,,,,,Unknown,,Not available,False,/works/OL19713484W
Amulet,Kazu Kibuishi,Kazu Kibuishi,1,Young Adult,Young Adult,"Haunted House, Supernatural, Amulet",2008,2000,2000+,18,17,Moderate,True,,,,False,,,,,,,,,,,Unknown,,Not available,False,/works/OL8842598W
An Ordinary Wonder,Buki Papillon,Buki Papillon,1,Young Adult,Young Adult,"Intersex people, Fiction, Gender-nonconforming people",2021,2020,2000+,5,5,Niche,False,,,,False,,,,,,,,,,,Unknown,,Not available,False,/works/OL25489201W
ArchEnemy,Frank Beddor,Frank Beddor,1,Young Adult,Young Adult,"Series:The-Looking-Glass-Wars, Fiction, Characters in literature",2009,2000,2000+,17,7,Moderate,True,,,,False,,,,,,,,,,,Unknown,,Not available,False,/works/OL14908985W
"Are You There God? It's Me, Margaret",Judy Blume,Judy Blume,1,Young Adult,Young Adult,"Children's Middle Grade Books, Young adult novels, Puberty",1970,1970,1950–1999,56,66,Popular,True,,,,False,,,,,,,,,,,Unknown,,Not available,False,/works/OL268217W
As I descended,Robin Talley,Robin Talley,1,Young Adult,Young Adult,"Spiritualism, Ouija boards, High schools",2016,2010,2000+,10,6,Moderate,True,,,,False,,,,,,,,,,,Unknown,,Not available,False,/works/OL20037210W
At the End of Everything,Marieke Nijkamp,Marieke Nijkamp,1,Young Adult,Young Adult,"Young Adult, Dystopia, Contemporary",2022,2020,2000+,4,4,Niche,False,,,,False,,,,,,,,,,,Unknown,,Not available,False,/works/OL25319435W
At the Little Brown House,Ruth Alberta Brown,Ruth Alberta Brown,1,Young Adult,Young Adult,"Juvenile fiction, Orphans, Country life",1996,1990,1950–1999,30,10,Moderate,False,,,,False,,,,,,,,,,,Unknown,,Not available,False,/works/OL7714767W
Battle for the Park,H. D. Hunter,H. D. Hunter,1,Young Adult,Young Adult,"Children's fiction, Middle Grade, Science Fiction",2022,2020,2000+,4,4,Niche,False,,,,False,,,,,,,,,,,Unknown,,Not available,False,/works/OL28432832W
Because of Winn-Dixie,Kate DiCamillo,Kate DiCamillo,1,Young Adult,Young Adult,"Freundschaft, Hund, Einsamkeit",2000,2000,2000+,26,56,Popular,True,,,,False,,,,,,,,,,,Unknown,,Not available,False,/works/OL468658W
Before midnight,Cameron Dokey,Cameron Dokey,1,Young Adult,Young Adult,"Fairy Tales, Fiction, Young Adult",2007,2000,2000+,19,3,Niche,True,,,,False,,,,,,,,,,,Unknown,,Not available,False,/works/OL16501846W
Belladonna,Adalyn Grace,Adalyn Grace,1,Young Adult,Young Adult,"Young adult fiction, Romance, Paranormal, Ghost stories, Fantasy, Historical",2022,2020,2000+,4,9,Moderate,False,,,,False,,,,,,,,,,,Unknown,,Not available,False,/works/OL26602235W
Berlin Boxing Club,Robert Sharenow,Robert Sharenow,1,Young Adult,Young Adult,"Historical fiction, Young adult, WW2",2011,2010,2000+,15,4,Niche,True,,,,False,,,,,,,,,,,Unknown,,Not available,False,/works/OL16482212W
Between Frost and Fury,Chani Lynn Feener,Chani Lynn Feener,1,Young Adult,Young Adult,"Space warfare, Kidnapping, Human-alien encounters",2018,2010,2000+,8,4,Niche,False,,,,False,,,,,,,,,,,Unknown,,Not available,False,/works/OL19754409W
Blaine's Way,Monica Hughes,Monica Hughes,1,Young Adult,Young Adult,"Monica Hughes, Tween, Teen",1986,1980,1950–1999,40,8,Moderate,True,,,,False,,,,,,,,,,,Unknown,,Not available,False,/works/OL574849W
Blue Willow,Doris Gates,Doris Gates,1,Young Adult,Young Adult,"Juvenile fiction, Migrant labor, Poverty",1940,1940,1900–1949,86,20,Moderate,True,,,,False,,,,,,,,,,,Unknown,,Not available,False,/works/OL5590818W
Boy at War,Harry Mazer,Harry Mazer,1,Young Adult,Young Adult,"Juvenile fiction, Fiction, World War, 1939-1945",2001,2000,2000+,25,8,Moderate,True,,,,False,,,,,,,,,,,Unknown,,Not available,False,/works/OL3345194W
Brazen,Pénélope Bagieu,Pénélope Bagieu,1,Young Adult,Young Adult,"Feminists, Graphic novels, Translations into English",2018,2010,2000+,8,6,Moderate,True,,,,False,,,,,,,,,,,Unknown,,Not available,False,/works/OL19737622W
Brighid's Quest,P. C. Cast,P. C. Cast,1,Young Adult,Young Adult,"Fiction, Romance, Fantasy, Friendship",2005,2000,2000+,21,8,Moderate,True,,,,False,,,,,,,,,,,Unknown,,Not available,False,/works/OL14909411W
Brutal Prince,Sophie Lark,Sophie Lark,1,Young Adult,Young Adult,"Fantasy, Young adult, Dark fantasy",2020,2020,2000+,6,5,Niche,False,,,,False,,,,,,,,,,,Unknown,,Not available,False,/works/OL28708075W
Can you sue your parents for malpractice?,Paula Danziger,Paula Danziger,1,Young Adult,Young Adult,"Family, Family life, Fiction",1979,1970,1950–1999,47,16,Moderate,True,,,,False,,,,,,,,,,,Unknown,,Not available,False,/works/OL464925W
Caribbean Cruising,Rachel Hawthorne,Rachel Hawthorne,1,Young Adult,Young Adult,"Rachel Hawthorne, Teen, Teenager",2004,2000,2000+,22,6,Moderate,False,,,,False,,,,,,,,,,,Unknown,,Not available,False,/works/OL5683949W
Carlota,Scott O’Dell,Scott O’Dell,1,Young Adult,Young Adult,"San Pasqual, Battle of, Calif., 1846, Fiction, Juvenile fiction",1977,1970,1950–1999,49,9,Moderate,True,,,,False,,,,,,,,,,,Unknown,,Not available,False,/works/OL4466860W
Champion,"Marie Lu, Steven Kaplan, Mariel Stern",Marie Lu,3,Young Adult,Young Adult,"Plague, Juvenile fiction, Fiction",2013,2010,2000+,13,14,Moderate,True,4.0,13.0,360.0,False,Long (350–500),83.0,5.0,23.0,111.0,0.821,,,,,Unknown,,Not available,True,/works/OL17092593W
Check & Mate,Ali Hazelwood,Ali Hazelwood,1,Young Adult,Young Adult,"Nyt:young-adult-paperback-monthly=2023-12-10, New York Times bestseller, Romance",2023,2020,2000+,3,4,Niche,False,,,,False,,,,,,,,,,,Unknown,,Not available,False,/works/OL34955803W
"Check, Please! Book 1",Ngozi Ukazu,Ngozi Ukazu,1,Young Adult,Young Adult,"Series:Check-Please!, Gay college students, Comic books, Strips",2018,2010,2000+,8,4,Niche,False,,,,False,,,,,,,,,,,Unknown,,Not available,False,/works/OL19752380W
Children of Blood and Bone,Tomi Adeyemi,Tomi Adeyemi,1,Young Adult,Young Adult,"YOUNG ADULT FICTION / Legends, Myths, Fables / General, Magic, Brothers and sisters",2017,2010,2000+,9,20,Moderate,True,,,,False,,,,,,,,,,,Unknown,,Not available,False,/works/OL19659793W
Cinderella Is Dead,Kalynn Bayron,Kalynn Bayron,1,Young Adult,Young Adult,"Fiction, Romance, Lesbians",2019,2010,2000+,7,8,Moderate,True,,,,False,,,,,,,,,,,Unknown,,Not available,False,/works/OL20831270W
City Spies,James Ponti,James Ponti,1,Young Adult,Young Adult,"Middle Grade, Mystery, Adventure",2020,2020,2000+,6,9,Moderate,False,,,,False,,,,,,,,,,,Unknown,,Not available,False,/works/OL20655161W
Cognitive Behavioural Therapy for Adolescents and Young Adults,Lawrence Howells,Lawrence Howells,1,Young Adult,Young Adult,"Cognitive therapy, Adolescent psychotherapy, Cognitive therapy for teenagers",2018,2010,2000+,8,6,Moderate,False,,,,False,,,,,,,,,,,Unknown,,Not available,False,/works/OL21310697W
Coldest Touch,Isabel Sterling,Isabel Sterling,1,Young Adult,Young Adult,"YA, Young Adult, Fiction",2021,2020,2000+,5,4,Niche,False,,,,False,,,,,,,,,,,Unknown,,Not available,False,/works/OL25484090W
Crash,Lisa McMann,Lisa McMann,1,Young Adult,Young Adult,"Love, Supernatural, Restaurants",2013,2010,2000+,13,5,Niche,True,,,,False,,,,,,,,,,,Unknown,,Not available,False,/works/OL16557635W
Crooked Kingdom,Leigh Bardugo,Leigh Bardugo,1,Young Adult,Young Adult,"Young Adult, Fantasy, Magic",2016,2010,2000+,10,24,Moderate,True,,,,False,,,,,,,,,,,Unknown,,Not available,False,/works/OL17597665W
Culpa mía,Mercedes Ron,Mercedes Ron,1,Young Adult,Young Adult,"Young adult, Romance, Forbidden love",2014,2010,2000+,12,15,Moderate,True,3.97,65.0,360.0,True,Long (350–500),2610.0,203.0,77.0,2890.0,0.275,1993,1993,,,Living,21,"Argentine-born audiovisual writer and communicator known for the Culpables Saga, a trilogy that became known through Wattpad.",True,/works/OL23535656W
Curse of the Forgotten City,Alex Aster,Alex Aster,1,Young Adult,Young Adult,"Children's fiction, Series:Emblem-Island, Fantasy",2021,2020,2000+,5,3,Niche,False,,,,False,,,,,,,,,,,Unknown,,Not available,False,/works/OL24367824W
Curse of the Night Witch,Alex Aster,Alex Aster,1,Young Adult,Young Adult,"Children's fiction, Series:Emblem-Island, Fantasy",2020,2020,2000+,6,7,Moderate,False,,,,False,,,,,,,,,,,Unknown,,Not available,False,/works/OL21406325W
Cursed,Marissa Meyer,Marissa Meyer,1,Young Adult,Young Adult,"Serie:Gilded, Nyt:young-adult-hardcover=2022-11-27, New York Times bestseller",2022,2020,2000+,4,10,Moderate,False,,,,False,,,,,,,,,,,Unknown,,Not available,False,/works/OL35262331W
Darkstalker,Tui T. Sutherland,Tui T. Sutherland,1,Young Adult,Young Adult,"Children's fiction, Dragons, Fiction, Identity",2016,2010,2000+,10,13,Moderate,True,,,,False,,,,,,,,,,,Unknown,,Not available,False,/works/OL43271781W
"Dear Bill, Remember Me?",Norma Fox Mazer,Norma Fox Mazer,1,Young Adult,Young Adult,"Norma Fox Mazer, First edition, 1976",1978,1970,1950–1999,48,5,Niche,True,,,,False,,,,,,,,,,,Unknown,,Not available,False,/works/OL1841648W
"Dear Lovey Hart, I Am Desperate",Ellen Conford,Ellen Conford,1,Young Adult,Young Adult,"American, Author, 1st ed",1975,1970,1950–1999,51,5,Niche,True,,,,False,,,,,,,,,,,Unknown,,Not available,False,/works/OL69754W
Deathwatch,Robb White,Robb White,1,Young Adult,Young Adult,"Deathwatch, Robb White, American",1972,1970,1950–1999,54,5,Niche,True,,,,False,,,,,,,,,,,Unknown,,Not available,False,/works/OL5352078W
Destroy Me,Tahereh Mafi,Tahereh Mafi,1,Young Adult,Young Adult,"Dystopian, Science fiction, Young adult",2012,2010,2000+,14,4,Niche,False,,,,False,,,,,,,,,,,Unknown,,Not available,False,/works/OL21775531W
Don't Let the Forest In,C. G. Drews,C. G. Drews,1,Young Adult,Young Adult,"Horror, Fantasy, Young Adult",2024,2020,2000+,2,5,Niche,False,,,,False,,,,,,,,,,,Unknown,,Not available,False,/works/OL37613492W
Dork Diaries 7,Rachel Renée Russell,Rachel Renée Russell,1,Young Adult,Young Adult,"Diary, Bands (Music), Reality television programs",2014,2010,2000+,12,15,Moderate,True,4.36,76.0,,False,,,,,,,,,,,Unknown,,Not available,False,/works/OL17203232W
Each of Us a Desert,Mark Oshiro,Mark Oshiro,1,Young Adult,Young Adult,"LGBTQ young adult, Young adult fiction, Coming of age, Lgbtq+",2020,2020,2000+,6,7,Moderate,False,,,,False,,,,,,,,,,,Unknown,,Not available,False,/works/OL20852171W
Eban and the Dolphins,Carolyn Davis,Carolyn Davis,1,Young Adult,Young Adult,"Eco-lit fantasy, Cetaceans, Foster care",2021,2020,2000+,5,5,Niche,False,,,,False,,,,,,,,,,,Unknown,,Not available,False,/works/OL24536088W
Edgedancer,Brandon Sanderson,Brandon Sanderson,1,Young Adult,Young Adult,"Fantasy, Brandon Sanderson, Novella",2016,2010,2000+,10,8,Moderate,True,,,,False,,,,,,,,,,,Unknown,,Not available,False,/works/OL19631308W
Eight Stories Up,"DeQuincy A. Lezine, David Brent",DeQuincy A. Lezine,2,Young Adult,Young Adult,"Mental health, Young adult, Suicidal behavior",2008,2000,2000+,18,6,Moderate,True,,,,False,,,,,,,,,,,Unknown,,Not available,False,/works/OL13264382W
Elatsoe,Darcie Little Badger,Darcie Little Badger,1,Young Adult,Young Adult,"Children's fiction, Fantasy, Young Adult",2020,2020,2000+,6,8,Moderate,False,,,,False,,,,,,,,,,,Unknown,,Not available,False,/works/OL20744438W
Elphame's Choice,"P. C. Cast, Zoe Watkins",P. C. Cast,2,Young Adult,Young Adult,"Fantasy, Fiction, Young Adult",2004,2000,2000+,22,9,Moderate,True,,,,False,,,,,,,,,,,Unknown,,Not available,False,/works/OL5805247W
"Empowerment, Health Promotion and Young People",Grace Spencer,Grace Spencer,1,Young Adult,Young Adult,"Health promotion, Control (psychology), Adolescence",2013,2010,2000+,13,7,Moderate,True,,,,False,,,,,,,,,,,Unknown,,Not available,False,/works/OL21252283W
Even If We Break,Marieke Nijkamp,Marieke Nijkamp,1,Young Adult,Young Adult,"Children's fiction, Young Adult, Mystery",2020,2020,2000+,6,4,Niche,False,,,,False,,,,,,,,,,,Unknown,,Not available,False,/works/OL21887449W
Every Heart a Doorway,Seanan McGuire,Seanan McGuire,1,Young Adult,Young Adult,"Schools, Magic, Children",2016,2010,2000+,10,5,Niche,False,,,,False,,,,,,,,,,,Unknown,,Not available,False,/works/OL17356063W
Family Reunion,Caroline B. Cooney,Caroline B. Cooney,1,Young Adult,Young Adult,"Family Reunion, Caroline B. Cooney, Children",1873,1870,Pre-1900,153,8,Moderate,True,,,,False,,,,,,,,,,,Unknown,,Not available,False,/works/OL12431W
Family of Liars,E. Lockhart,E. Lockhart,1,Young Adult,Young Adult,"Nyt:young-adult-hardcover=2022-05-22, New York Times bestseller, Young Adult",2022,2020,2000+,4,6,Moderate,False,,,,False,,,,,,,,,,,Unknown,,Not available,False,/works/OL26909900W
Fat-talk nation,Susan Greenhalgh,Susan Greenhalgh,1,Young Adult,Young Adult,"Weight loss, Overweight, Psychology",2015,2010,2000+,11,3,Niche,True,,,,False,,,,,,,,,,,Unknown,,Not available,False,/works/OL20022862W
Fatality,Caroline B. Cooney,Caroline B. Cooney,1,Young Adult,Young Adult,"Detective and mystery stories, Young adult, Children's fiction",2001,2000,2000+,25,6,Moderate,True,,,,False,,,,,,,,,,,Unknown,,Not available,False,/works/OL14921115W
Final Strife,Saara El-Arifi,Saara El-Arifi,1,Young Adult,Young Adult,"Fiction, Queer, High Fantasy",2022,2020,2000+,4,9,Moderate,False,,,,False,,,,,,,,,,,Unknown,,Not available,False,/works/OL25346963W
Finding Junie Kim,Ellen Oh,Ellen Oh,1,Young Adult,Young Adult,"Family, History, Trauma",2021,2020,2000+,5,6,Moderate,False,,,,False,,,,,,,,,,,Unknown,,Not available,False,/works/OL24142622W
Firekeeper's Daughter,Angeline Boulley,Angeline Boulley,1,Young Adult,Young Adult,"Young adult, Fiction, Juvenile works",2021,2020,2000+,5,14,Moderate,True,4.67,3.0,494.0,False,Long (350–500),142.0,11.0,5.0,158.0,0.312,,,,,Unknown,,Not available,True,/works/OL20805905W
Flora Segunda (Flora Trilogy #1),Ysabeau S. Wilce,Ysabeau S. Wilce,1,Young Adult,Young Adult,"Fantasy, Young adult, Fiction",2006,2000,2000+,20,7,Moderate,True,,,,False,,,,,,,,,,,Unknown,,Not available,False,/works/OL5850152W
Foul Lady Fortune,Chloe Gong,Chloe Gong,1,Young Adult,Young Adult,"Fantasy, Historical Fiction, Romance",2022,2020,2000+,4,7,Moderate,False,,,,False,,,,,,,,,,,Unknown,,Not available,False,/works/OL27411855W
Freak the Mighty,"W. R. Philbrick, Rodman Philbrick, W R Philbrick",W. R. Philbrick,3,Young Adult,Young Adult,"Learning disabilities, People with disabilities, Friendship",1989,1980,1950–1999,37,21,Moderate,True,,,,False,,,,,,,,,,,Unknown,,Not available,False,/works/OL497779W
Front Desk,Kelly Yang,Kelly Yang,1,Young Adult,Young Adult,"Juvenile fiction, Juvenile literature, Self-confidence",2018,2010,2000+,8,10,Moderate,False,,,,False,,,,,,,,,,,Unknown,,Not available,False,/works/OL19743864W
Full Disclosure,Camryn Garrett,Camryn Garrett,1,Young Adult,Young Adult,"Young Adult, Contemporary, LGBT",2019,2010,2000+,7,5,Niche,False,,,,False,,,,,,,,,,,Unknown,,Not available,False,/works/OL20417622W
Gilded,Marissa Meyer,Marissa Meyer,1,Young Adult,Young Adult,"Serie:Gilded, Nyt:young-adult-hardcover=2021-11-21, New York Times bestseller",2021,2020,2000+,5,8,Moderate,False,,,,False,,,,,,,,,,,Unknown,,Not available,False,/works/OL24145186W
"Girl, Goddess, Queen",Bea Fitzgerald,Bea Fitzgerald,1,Young Adult,Young Adult,"Fantasy, Mythology, Romance",2023,2020,2000+,3,5,Niche,True,,,,False,,,,,,,,,,,Unknown,,Not available,False,/works/OL29327627W
"Girl, Serpent, Thorn",Melissa Bashardoust,Melissa Bashardoust,1,Young Adult,Young Adult,"Fantasy, Young Adult, LGBT",2020,2020,2000+,6,9,Moderate,False,,,,False,,,,,,,,,,,Unknown,,Not available,False,/works/OL20885969W
Gone Rogue,Marissa Meyer,Marissa Meyer,1,Young Adult,Young Adult,"Graphic Novels, Young Adult, Science Fiction",2018,2010,2000+,8,4,Niche,False,,,,False,,,,,,,,,,,Unknown,,Not available,False,/works/OL28963107W
Growing through life,Rhona Rapoport,Rhona Rapoport,1,Young Adult,Young Adult,"Developmental psychology, Human Life cycle, Life cycle, Human",1979,1970,1950–1999,47,6,Moderate,True,,,,False,,,,,,,,,,,Unknown,,Not available,False,/works/OL3294673W
Handbook of holistic neuropsychological rehabilitation,Yehuda Ben-Yishay,Yehuda Ben-Yishay,1,Young Adult,Young Adult,"Holistic medicine, Young Adult, Psychology",2011,2010,2000+,15,3,Niche,False,,,,False,,,,,,,,,,,Unknown,,Not available,False,/works/OL15941510W
Harlem beat,"Yuriko Nishiyama, Nuriko Nishiyama, Mary Coco, Jake T. Forbes",Yuriko Nishiyama,4,Young Adult,Young Adult,"Comic books, Strips, Fiction, Graphic novels",1997,1990,1950–1999,29,16,Moderate,True,,,,False,,,,,,,,,,,Unknown,,Not available,False,/works/OL8911376W
Hatchet,Gary Paulsen,Gary Paulsen,1,Young Adult,Young Adult,"Divorce, Plane crash, Survival",1986,1980,1950–1999,40,81,Popular,True,,,,False,,,,,,,,,,,Unknown,,Not available,False,/works/OL8125760W
Hazel's Theory of Evolution,Lisa Jenn Bigelow,Lisa Jenn Bigelow,1,Young Adult,Young Adult,"LGBTQ middle grade, Lambda Literary Awards, Lambda Literary Award Winner",2019,2010,2000+,7,6,Moderate,False,,,,False,,,,,,,,,,,Unknown,,Not available,False,/works/OL20509616W
"Heartstopper, Volume 4",Alice Oseman,Alice Oseman,1,Young Adult,Young Adult,"Graphic novel, Young adult, Romance",2021,2020,2000+,5,8,Moderate,False,,,,False,,,,,,,1994-10-16,1994,,,Living,27,"Alice Oseman is an award-winning author, illustrator, and screenwriter, and was born in 1994 in Kent, England. She has written four YA contemporary novels about teenage disasters: SOLITAIRE, RADIO SILENCE, I WAS BORN FOR THIS, and LOVELESS. She is the creator of LGBTQ+ YA romance webcomic HEARTSTOPP",False,/works/OL24476747W
Heat Wave,T. J. Klune,T. J. Klune,1,Young Adult,Young Adult,"Serie:The_Extraordinaries, Fantasy, Young Adult",2022,2020,2000+,4,6,Moderate,False,,,,False,,,,,,,,,,,Unknown,,Not available,False,/works/OL25957815W
Heavy & Light,Lena Kiefer,Lena Kiefer,1,Young Adult,Young Adult,"Romance, New Adult, Young Adult",2022,2020,2000+,4,3,Niche,False,,,,False,,,,,,,,,,,Unknown,,Not available,False,/works/OL45104248W
Henry Reed's baby-sitting service,Keith Robertson,Keith Robertson,1,Young Adult,Young Adult,"Babysitters, Diaries, Fiction",1966,1960,1950–1999,60,7,Moderate,True,,,,False,,,,,,,,,,,Unknown,,Not available,False,/works/OL4773699W
Hit Or Myth,Robert Asprin,Robert Asprin,1,Young Adult,Young Adult,"Fiction, Fantasy, General, Humor",1966,1960,1950–1999,60,10,Moderate,True,,,,False,,,,,,,,,,,Unknown,,Not available,False,/works/OL2485520W
Hockey Girl Loves Drama Boy,Faith Erin Hicks,Faith Erin Hicks,1,Young Adult,Young Adult,"Graphic Novels, Romance, Young Adult",2023,2020,2000+,3,4,Niche,False,,,,False,,,,,,,,,,,Unknown,,Not available,False,/works/OL31118934W
Hold Fast,Kevin Major,Kevin Major,1,Young Adult,Young Adult,"Hold Fast, Kevin Major, Scholastic",1978,1970,1950–1999,48,10,Moderate,True,,,,False,,,,,,,,,,,Unknown,,Not available,False,/works/OL641443W
Hurricane Wars,Thea Guanzon,Thea Guanzon,1,Young Adult,Young Adult,"Fantasy, Romance, Fantasy Romance",2023,2020,2000+,3,10,Moderate,False,,,,False,,,,,,,,,,,Unknown,,Not available,False,/works/OL34023561W
I Am Not Okay With This,"Charles Forsman, Regina López Muñoz",Charles Forsman,2,Young Adult,Young Adult,"Psychic trauma, Psychokinesis, Teenage girls",2017,2010,2000+,9,7,Moderate,False,,,,False,,,,,,,,,,,Unknown,,Not available,False,/works/OL19731989W
I Hear the Sunspot,Yuki Fumino,Yuki Fumino,1,Young Adult,Young Adult,"Teenage boys, Comic books, Strips, Male friendship",2016,2010,2000+,10,4,Niche,False,,,,False,,,,,,,,,,,Unknown,,Not available,False,/works/OL34311853W
I Too Had a Love Story,Ravinder Singh,Ravinder Singh,1,Young Adult,Young Adult,"Romance, Tragedy, Young adult",2009,2000,2000+,17,6,Moderate,True,,,,False,,,,,,,,,,,Unknown,,Not available,False,/works/OL16793664W
I Was a 98-Pound Duckling,Jean Van Leeuwen,Jean Van Leeuwen,1,Young Adult,Young Adult,"I Was a 98-Pound Duckling, Jean Van Leeuwen, Children",1972,1970,1950–1999,54,4,Niche,True,,,,False,,,,,,,,,,,Unknown,,Not available,False,/works/OL57592W
I Will Plant You a Lilac Tree,Laura Hillman,Laura Hillman,1,Young Adult,Young Adult,"Young adult, Jews, Jewish children in the Holocaust",2003,2000,2000+,23,8,Moderate,True,,,,False,,,,,,,,,,,Unknown,,Not available,False,/works/OL8317323W
I'll Give You the Sun,Jandy Nelson,Jandy Nelson,1,Young Adult,Young Adult,"Romance, Young Adult, Glbt",2014,2010,2000+,12,10,Moderate,True,,,,False,,,,,,,,,,,Unknown,,Not available,False,/works/OL17081977W
Icebreaker,Hannah Grace,Hannah Grace,1,Young Adult,Young Adult,"Figure skating, Hockey, Young adult",2020,2020,2000+,6,17,Moderate,False,,,,False,,,,,,,,,,,Unknown,,Not available,False,/works/OL28952677W
If He Had Been With Me,Laura Nowlin,Laura Nowlin,1,Young Adult,Young Adult,"Friendship, Fiction, Love",2013,2010,2000+,13,6,Moderate,True,,,,False,,,,,,,,,,,Unknown,,Not available,False,/works/OL19667762W
Immortal Consequences,I. V. Marie,I. V. Marie,1,Young Adult,Young Adult,"Fantasy, Dark Academia, Young Adult",2025,2020,2000+,1,6,Moderate,False,,,,False,,,,,,,,,,,Unknown,,Not available,False,/works/OL42405319W
Impossible Creatures,Katherine Rundell,Katherine Rundell,1,Young Adult,Young Adult,"Fantasy, Middle Grade, Fiction",2023,2020,2000+,3,4,Niche,False,,,,False,,,,,,,,,,,Unknown,,Not available,False,/works/OL35708452W
"Improving the Health, Safety, and Well-Being of Young Adults","Clare Stroud, Tara Mainero, Steve Olson, Youth, and Families Board on Children, Institute of Medicine",Clare Stroud,6,Young Adult,Young Adult,"Young adults, Health behavior, Personality development",2013,2010,2000+,13,4,Niche,False,,,,False,,,,,,,,,,,Unknown,,Not available,False,/works/OL21070009W
Instant Karma,Marissa Meyer,Marissa Meyer,1,Young Adult,Young Adult,"Serie:Instant_Karma, Romance, Young Adult",2020,2020,2000+,6,10,Moderate,False,,,,False,,,,,,,,,,,Unknown,,Not available,False,/works/OL20800241W
Intertwined,Gena Showalter,Gena Showalter,1,Young Adult,Young Adult,"Young Adult Fiction, Young Adult, Fiction",2009,2000,2000+,17,15,Moderate,True,5.0,1.0,360.0,False,Long (350–500),23.0,0.0,3.0,26.0,1.0,,,,,Unknown,,Not available,True,/works/OL15180943W
Into Shadow's Fire,Mark Castleberry,Mark Castleberry,1,Young Adult,Young Adult,"Science fiction, Scifi, Pilgrims",2022,2020,2000+,4,4,Niche,False,,,,False,,,,,,,,,,,Unknown,,Not available,False,/works/OL27718462W
Inventing adulthoods,"Henderson, Sheila, Sheila J. Henderson, Janet Holland, Sheena McGrellis, Sue Sharpe, Rachel Thomson",Henderson,7,Young Adult,Young Adult,"Youth, Social conditions, Attitudes",2006,2000,2000+,20,4,Niche,True,,,,False,,,,,,,,,,,Unknown,,Not available,False,/works/OL18206696W
Invisible,Eloy Moreno,Eloy Moreno,1,Young Adult,Young Adult,"Young adult fiction, Social themes, Self-esteem & self-reliance, Emotions & feelings, Fiction",2020,2020,2000+,6,8,Moderate,False,,,,False,,,,,,,,,,,Unknown,,Not available,False,/works/OL23899195W
Invisible,Christina Diaz Gonzalez,Christina Diaz Gonzalez,1,Young Adult,Young Adult,"Graphic Novels, Middle Grade, Realistic Fiction",2022,2020,2000+,4,5,Niche,False,,,,False,,,,,,,,,,,Unknown,,Not available,False,/works/OL25957597W
Invisible girls,Patti Feuereisen,Patti Feuereisen,1,Young Adult,Young Adult,"Sexual abuse victims, Teenage girls, Rehabilitation",2009,2000,2000+,17,4,Niche,False,,,,False,,,,,,,,,,,Unknown,,Not available,False,/works/OL15423767W
Jack of Hearts (and other parts),L. C. Rosen,L. C. Rosen,1,Young Adult,Young Adult,"Fiction, Young Adult, LGBTQ+",2018,2010,2000+,8,5,Niche,False,,,,False,,,,,,,,,,,Unknown,,Not available,False,/works/OL19794573W
Jelly Belly Tr,Robert Kimmel Smith,Robert Kimmel Smith,1,Young Adult,Young Adult,"Weight control, Juvenile fiction, Weight loss",1981,1980,1950–1999,45,5,Niche,True,,,,False,,,,,,,,,,,Unknown,,Not available,False,/works/OL4635421W
Journey home,Yoshiko Uchida,Yoshiko Uchida,1,Young Adult,Young Adult,"Japanese-Americans, Juvenile fiction, Prejudices",1978,1970,1950–1999,48,7,Moderate,True,,,,False,,,,,,,,,,,Unknown,,Not available,False,/works/OL15837457W
Joy in the Morning,Betty Smith,Betty Smith,1,Young Adult,Young Adult,"Betty Smith, Christian, Faith",1963,1960,1950–1999,63,4,Niche,True,,,,False,,,,,,,,,,,Unknown,,Not available,False,/works/OL78356W
Just Ella,Margaret Peterson Haddix,Margaret Peterson Haddix,1,Young Adult,Young Adult,"Ella, Cinderella, Just Ella",1999,1990,1950–1999,27,19,Moderate,True,,,,False,,,,,,,,,,,Unknown,,Not available,False,/works/OL548168W
Kyland,Mia Sheridan,Mia Sheridan,1,Young Adult,Young Adult,"Romance, New Adult, Contemporary",2015,2010,2000+,11,6,Moderate,False,,,,False,,,,,,,,,,,Unknown,,Not available,False,/works/OL34985780W
Lair of Dreams,Libba Bray,Libba Bray,1,Young Adult,Young Adult,"Mystery, Occult, Young adult",2015,2010,2000+,11,5,Niche,True,,,,False,,,,,,,,,,,Unknown,,Not available,False,/works/OL17715962W
Landscape with Invisible Hand,M. T. Anderson,M. T. Anderson,1,Young Adult,Young Adult,"Children's fiction, Extraterrestrial beings, Fiction, Survival",2017,2010,2000+,9,10,Moderate,True,,,,False,,,,,,,,,,,Unknown,,Not available,False,/works/OL19268798W
Last pick,Jason Walz,Jason Walz,1,Young Adult,Young Adult,"Extraterrestrial beings, People with disabilities, Twins",2018,2010,2000+,8,6,Moderate,True,,,,False,,,,,,,,,,,Unknown,,Not available,False,/works/OL19755541W
Lenore,Roman Dirge,Roman Dirge,1,Young Adult,Young Adult,"Horror, Humor, Graphic novel",1999,1990,1950–1999,27,5,Niche,True,,,,False,,,,,,,,,,,Unknown,,Not available,False,/works/OL8747011W
Lessons in Faking,Selina Mae,Selina Mae,1,Young Adult,Young Adult,"Romance, Fake Dating, Sports Romance",2024,2020,2000+,2,5,Niche,False,,,,False,,,,,,,,,,,Unknown,,Not available,False,/works/OL44040798W
Letters from the inside,John Marsden,John Marsden,1,Young Adult,Young Adult,"Amistad, Cartas, Emotional problems",1992,1990,1950–1999,34,6,Moderate,True,,,,False,,,,,,,,,,,Unknown,,Not available,False,/works/OL526422W
Lies We Sing to the Sea,Sarah Underwood,Sarah Underwood,1,Young Adult,Young Adult,"Fantasy, Mythology, Greek Mythology",2023,2020,2000+,3,9,Moderate,False,,,,False,,,,,,,,,,,Unknown,,Not available,False,/works/OL27805744W
Lightlark,Alex Aster,Alex Aster,1,Young Adult,Young Adult,"Nyt:young-adult-hardcover=2022-09-11, New York Times bestseller, Nyt:young-adult-paperback-monthly=2023-11-12",2022,2020,2000+,4,8,Moderate,False,,,,False,,,,,,,,,,,Unknown,,Not available,False,/works/OL27675299W
Like Other Girls,Britta Lundin,Britta Lundin,1,Young Adult,Young Adult,"Fiction, Lesbians, Lesbian",2021,2020,2000+,5,4,Niche,False,,,,False,,,,,,,,,,,Unknown,,Not available,False,/works/OL24790648W
Like a Love Story,Abdi Nazemian,Abdi Nazemian,1,Young Adult,Young Adult,"Gay teenagers, AIDS crisis, AIDS",2019,2010,2000+,7,5,Niche,False,,,,False,,,,,,,,,,,Unknown,,Not available,False,/works/OL20152946W
Lost Boy,Christina Henry,Christina Henry,1,Young Adult,Young Adult,"Fiction, Never-Never Land (Imaginary place), Fantasy, General",2017,2010,2000+,9,5,Niche,False,,,,False,,,,,,,,,,,Unknown,,Not available,False,/works/OL19652832W
Lost in the Barrens - Collector's Edition,Farley Mowat,Farley Mowat,1,Young Adult,Young Adult,"Farley Mowat, AKA, Two Against the North",1956,1950,1950–1999,70,19,Moderate,True,,,,False,,,,,,,,,,,Unknown,,Not available,False,/works/OL479073W
Lumberjanes Vol. 9,"N.D. Stevenson, Shannon Watters, Grace Ellis, Gus Allen",N.D. Stevenson,4,Young Adult,Young Adult,"Fantasy, Young Adult, LGBT",2018,2010,2000+,8,6,Moderate,False,,,,False,,,,,,,,,,,Unknown,,Not available,False,/works/OL24229186W
Maze of Bones (Graphic Novel),Rick Riordan,Rick Riordan,1,Young Adult,Young Adult,"Graphic Novels, Mystery, Adventure",2023,2020,2000+,3,4,Niche,False,,,,False,,,,,,,,,,,Unknown,,Not available,False,/works/OL39178982W
Me Talk Pretty One Day,David Sedaris,David Sedaris,1,Young Adult,Young Adult,"David Sedaris, Teens, Teenagers",2000,2000,2000+,26,29,Popular,True,,,,False,,,,,,,,,,,Unknown,,Not available,False,/works/OL2693077W
Midnight Sun,Stephenie Meyer,Stephenie Meyer,1,Young Adult,Young Adult,"Young adult fiction, Vampires, Paranormal, Occult & supernatural, Fantasy, Contemporary",2020,2020,2000+,6,11,Moderate,True,,,,False,,,,,,,1973-12-24,1973,,,Living,47,"an American novelist and film producer. She is best known for writing the vampire romance series Twilight.
Meyer was the bestselling author of 2008 and 2009 in the U.S. 
Meyer received the 2009 Children's Book of the Year award from the British Book Awards for Breaking Dawn, the Twilight series fi",False,/works/OL20781257W
Miracles,Richard Lewis,Richard Lewis,1,Young Adult,Young Adult,"Poetry, Young adult, English poetry (collections), 20th century",1966,1960,1950–1999,60,5,Niche,False,,,,False,,,,,,,,,,,Unknown,,Not available,False,/works/OL6014374W
Mitosis,Brandon Sanderson,Brandon Sanderson,1,Young Adult,Young Adult,"Series:The Reckoners, Young adult, Superhero",2013,2010,2000+,13,6,Moderate,True,,,,False,,,,,,,,,,,Unknown,,Not available,False,/works/OL19913036W
My First Love and Other Disasters,Francine Pascal,Francine Pascal,1,Young Adult,Young Adult,"Romance, Young adult, Juvenile fiction",1979,1970,1950–1999,47,12,Moderate,True,,,,False,,,,,,,,,,,Unknown,,Not available,False,/works/OL3933219W
My Hands Came Away Red,Lisa McKay,Lisa McKay,1,Young Adult,Young Adult,"Americans, Crimes against, Fiction",2007,2000,2000+,19,4,Niche,True,,,,False,,,,,,,,,,,Unknown,,Not available,False,/works/OL9567925W
My Life as Alien Monster Bait (The Incredible Worlds of Wally McDoogle #2),Bill Myers,Bill Myers,1,Young Adult,Young Adult,"Motion pictures, Juvenile fiction, Production and direction",1993,1990,1950–1999,33,7,Moderate,True,,,,False,,,,,,,,,,,Unknown,,Not available,False,/works/OL55083W
My Mother Got Married (and other disasters),Barbara Park,Barbara Park,1,Young Adult,Young Adult,"Children, Children's, Kid's",1989,1980,1950–1999,37,11,Moderate,True,,,,False,,,,,,,,,,,Unknown,,Not available,False,/works/OL66288W
My Teacher Fried My Brains,Bruce Coville,Bruce Coville,1,Young Adult,Young Adult,"My Teacher Fried My Brains, Series, Book 2",1991,1990,1950–1999,35,16,Moderate,True,,,,False,,,,,,,,,,,Unknown,,Not available,False,/works/OL69300W
Nick and Charlie,Alice Oseman,Alice Oseman,1,Young Adult,Young Adult,"Romance, Coming-of-age, Graphic novel",2015,2010,2000+,11,11,Moderate,False,4.6,30.0,160.0,False,Short (<200),771.0,20.0,34.0,825.0,0.63,1994-10-16,1994,,,Living,21,"Alice Oseman is an award-winning author, illustrator, and screenwriter, and was born in 1994 in Kent, England. She has written four YA contemporary novels about teenage disasters: SOLITAIRE, RADIO SILENCE, I WAS BORN FOR THIS, and LOVELESS. She is the creator of LGBTQ+ YA romance webcomic HEARTSTOPP",True,/works/OL21679956W
Nightbane,Alex Aster,Alex Aster,1,Young Adult,Young Adult,"Young adult fiction, Thrillers & suspense, General, Romance, Fantasy, Dark fantasy",2022,2020,2000+,4,8,Moderate,False,,,,False,,,,,,,,,,,Unknown,,Not available,False,/works/OL36127439W
Nightmare Hall #1 Silent Scream,Diane Hoh,Diane Hoh,1,Young Adult,Young Adult,"Horror stories, Universities and colleges, Fiction",1993,1990,1950–1999,33,7,Moderate,True,,,,False,,,,,,,,,,,Unknown,,Not available,False,/works/OL3585176W
Nightmare Hall #4 The Wish,Diane Hoh,Diane Hoh,1,Young Adult,Young Adult,"Children's fiction, Horror stories, Young Adult",1993,1990,1950–1999,33,6,Moderate,True,,,,False,,,,,,,,,,,Unknown,,Not available,False,/works/OL3585169W
Not Another Vampire Story,Sakurapu,Sakurapu,1,Young Adult,Young Adult,"Vampires, Vampire humor, Young adult",2011,2010,2000+,15,3,Niche,False,,,,False,,,,,,,,,,,Unknown,,Not available,False,/works/OL16806033W
Not Good for Maidens,Tori Bovalino,Tori Bovalino,1,Young Adult,Young Adult,"Fantasy, Horror, Young Adult",2022,2020,2000+,4,5,Niche,False,,,,False,,,,,,,,,,,Unknown,,Not available,False,/works/OL25451809W
Nothing's Fair in Fifth Grade,Barthe DeClements,Barthe DeClements,1,Young Adult,Young Adult,"Juvenile audience, Juvenile works, Obesity",1981,1980,1950–1999,45,18,Moderate,True,,,,False,,,,,,,,,,,Unknown,,Not available,False,/works/OL2669100W
Novels (Great Expectations / Oliver Twist / Tale of Two Cities),Charles Dickens,Charles Dickens,1,Young Adult,Young Adult,"Fiction, History, Social life and customs",1977,1970,1950–1999,49,8,Moderate,True,,,,False,,,,,,,,,,,Unknown,,Not available,False,/works/OL14869391W
Now Entering Addamsville,Francesca Zappia,Francesca Zappia,1,Young Adult,Young Adult,"Young Adult, Mystery, Fantasy",2019,2010,2000+,7,4,Niche,False,,,,False,,,,,,,,,,,Unknown,,Not available,False,/works/OL20334329W
Obie Is Man Enough,Schuyler Bailar,Schuyler Bailar,1,Young Adult,Young Adult,"Children's fiction, Middle Grade, LGBT",2021,2020,2000+,5,4,Niche,False,,,,False,,,,,,,,,,,Unknown,,Not available,False,/works/OL24217042W
Odder,Katherine Applegate,Katherine Applegate,1,Young Adult,Young Adult,"Middle Grade, Poetry, Animals",2022,2020,2000+,4,6,Moderate,True,,,,False,,,,,,,,,,,Unknown,,Not available,False,/works/OL26626369W
Once Upon a Broken Heart,Stephanie Garber,Stephanie Garber,1,Young Adult,Young Adult,"Children's fiction, Nyt:young-adult-hardcover=2021-10-17, New York Times bestseller",2021,2020,2000+,5,15,Moderate,False,,,,False,,,,,,,,,,,Unknown,,Not available,False,/works/OL24706481W
Ophelia after All,Racquel Marie,Racquel Marie,1,Young Adult,Young Adult,"Fiction, Sapphic, Queer",2022,2020,2000+,4,4,Niche,False,,,,False,,,,,,,,,,,Unknown,,Not available,False,/works/OL25483728W
"Out of Sight, Out of Mind",Marilyn Kaye,Marilyn Kaye,1,Young Adult,Young Adult,"Middle school students, Gifted girls, Juvenile fiction",2009,2000,2000+,17,4,Niche,True,,,,False,,,,,,,,,,,Unknown,,Not available,False,/works/OL20856442W
Outlaws (Royal Academy Rebels Book 2),Jen Calonita,Jen Calonita,1,Young Adult,Young Adult,"Children's fiction, JUVENILE FICTION / Fantasy & Magic, Young Adult",2019,2010,2000+,7,3,Niche,False,,,,False,,,,,,,,,,,Unknown,,Not available,False,/works/OL21206309W
Over to You - Ten Stories of Flyers and Flying,Roald Dahl,Roald Dahl,1,Young Adult,Young Adult,"World War II, Royal Air Force, Resistance to interrogation",1946,1940,1900–1949,80,21,Moderate,True,,,,False,,,,,,,,,,,Unknown,,Not available,False,/works/OL45867W
Papa Was a Preacher,Alyene Porter,Alyene Porter,1,Young Adult,Young Adult,"Christian, Papa Was a Preacher, Alyene Porter",1944,1940,1900–1949,82,5,Niche,True,,,,False,,,,,,,,,,,Unknown,,Not available,False,/works/OL15391560W
"Pediatric, Adolescent and Young Adult Gynecology",Albert Altchek,Albert Altchek,1,Young Adult,Young Adult,"Pediatric gynecology, Adolescent gynecology, Female Genital Diseases",2007,2000,2000+,19,3,Niche,True,,,,False,,,,,,,,,,,Unknown,,Not available,False,/works/OL8059321W
Penelope,Marilyn Kaye,Marilyn Kaye,1,Young Adult,Young Adult,"Fiction, Wealth, Blessing and cursing",2007,2000,2000+,19,4,Niche,True,,,,False,,,,,,,,,,,Unknown,,Not available,False,/works/OL4018314W
Playing the Cards You're Dealt,Varian Johnson,Varian Johnson,1,Young Adult,Young Adult,"Middle Grade, Realistic Fiction, Fiction",2008,2000,2000+,18,5,Niche,False,,,,False,,,,,,,,,,,Unknown,,Not available,False,/works/OL25458230W
Practical ECG interpretation,George A. Stouffer,George A. Stouffer,1,Young Adult,Young Adult,"Diagnosis, Diseases, Electrocardiography",2009,2000,2000+,17,4,Niche,False,,,,False,,,,,,,,,,,Unknown,,Not available,False,/works/OL13657104W
Public Health Implications of Raising the Minimum Age of Legal Access to Tobacco Products,"Public Health Implications of Raising the Minimum Age for Purchasing Tobacco Products Committee, Institute of Medicine, Richard J. Bonnie, Leslie Y. Kwan, Kathleen Stratton",Public Health Implications of Raising the Minimum Age for Purchasing Tobacco Products Committee,5,Young Adult,Young Adult,"Tobacco, Risk assessment, Nicotine addiction",2015,2010,2000+,11,4,Niche,False,,,,False,,,,,,,,,,,Unknown,,Not available,False,/works/OL21567489W
Punk 57,Penelope Douglas,Penelope Douglas,1,Young Adult,Young Adult,"Romance, New Adult, Contemporary",2016,2010,2000+,10,17,Moderate,True,,,,False,,,,,,,,,,,Unknown,,Not available,False,/works/OL20808172W
Red Queen,Christina Henry,Christina Henry,1,Young Adult,Young Adult,"Imaginary places, Fiction, Fantasy, Historical",2016,2010,2000+,10,4,Niche,True,,,,False,,,,,,,,,,,Unknown,,Not available,False,/works/OL19712814W
Red Rising,Pierce Brown,Pierce Brown,1,Young Adult,Young Adult,"Franchise:Red Rising, Series:Red Rising Trilogy, Series:Red Rising Saga",2014,2010,2000+,12,26,Popular,True,,,,False,,,,,,,,,,,Unknown,,Not available,False,/works/OL17076473W
Reproductive health and cancer in adolescents and young adults,"Gwendolyn P. Quinn, Susan T. Vadaparampil",Gwendolyn P. Quinn,2,Young Adult,Young Adult,"Cancer in adolescence, Assisted Reproductive Techniques, Young Adult",2012,2010,2000+,14,3,Niche,False,,,,False,,,,,,,,,,,Unknown,,Not available,False,/works/OL16599154W
Restart,Gordon Korman,Gordon Korman,1,Young Adult,Young Adult,"Children's fiction, Amnesia, Fiction, Bullies",2017,2010,2000+,9,15,Moderate,False,,,,False,,,,,,,,,,,Unknown,,Not available,False,/works/OL19661412W
Revelry,Chani Lynn Feener,Chani Lynn Feener,1,Young Adult,Young Adult,"Fiction, Fantasy, General, Romance",2020,2020,2000+,6,4,Niche,False,,,,False,,,,,,,,,,,Unknown,,Not available,False,/works/OL20764138W
Rick,Alex Gino,Alex Gino,1,Young Adult,Young Adult,"Children's fiction, Asexuality (Sexual orientation), Middle Grade",2020,2020,2000+,6,8,Moderate,False,,,,False,,,,,,,,,,,Unknown,,Not available,False,/works/OL20685579W
Roller Girl,Victoria Jamieson,Victoria Jamieson,1,Young Adult,Young Adult,"Roller skating, Juvenile fiction, Graphic novels",2014,2010,2000+,12,21,Moderate,True,,,,False,,,,,,,,,,,Unknown,,Not available,False,/works/OL17342469W
Seeing Redd,Frank Beddor,Frank Beddor,1,Young Adult,Young Adult,"Series:The-Looking-Glass-Wars, Characters in literature, Imagination",2007,2000,2000+,19,13,Moderate,True,,,,False,,,,,,,,,,,Unknown,,Not available,False,/works/OL8122275W
Shiloh,Phyllis Reynolds Naylor,Phyllis Reynolds Naylor,1,Young Adult,Young Adult,"Animals, Newbery Medal, Beagles (Dogs)",1991,1990,1950–1999,35,21,Moderate,True,,,,False,,,,,,,,,,,Unknown,,Not available,False,/works/OL13489W
Simon vs. the Homo Sapiens Agenda,"Becky Albertalli, Victoria Simó Perales, Kineret Higins-Daṿidi",Becky Albertalli,3,Young Adult,Young Adult,"LGBT, Young Adult, JUVENILE FICTION / Love & Romance",2015,2010,2000+,11,25,Moderate,False,,,,False,,,,,,,,,,,Unknown,,Not available,False,/works/OL17357353W
Small Spaces,Katherine Arden,Katherine Arden,1,Young Adult,Young Adult,"Middle Grade, Horror, Fantasy",2018,2010,2000+,8,6,Moderate,False,,,,False,,,,,,,,,,,Unknown,,Not available,False,/works/OL19760806W
Song of the summer king,Jess E. Owen,Jess E. Owen,1,Young Adult,Young Adult,"Gryphon, Gryphons, Griffins",2012,2010,2000+,14,4,Niche,False,,,,False,,,,,,,,,,,Unknown,,Not available,False,/works/OL23265655W
Stain,A. G. Howard,A. G. Howard,1,Young Adult,Young Adult,"Fantasy fiction, Parapsychology, Fiction, Fantasy",2019,2010,2000+,7,5,Niche,False,,,,False,,,,,,,,,,,Unknown,,Not available,False,/works/OL26394100W
Steelheart,Brandon Sanderson,Brandon Sanderson,1,Young Adult,Young Adult,"Fantasy, Young adult, Urban",2001,2000,2000+,25,18,Moderate,True,,,,False,,,,,,,,,,,Unknown,,Not available,False,/works/OL16807297W
Substance Abuse in Adolescents and Young Adults,"Donald E. Greydanus, Gabriel Kaplan, Dilip R. Patel, Joav Merrick",Donald E. Greydanus,4,Young Adult,Young Adult,"Substance abuse, Treatment, Youth, Substance use, Young adults",2013,2010,2000+,13,5,Niche,False,,,,False,,,,,,,,,,,Unknown,,Not available,False,/works/OL21545583W
Substance abuse treatment for youth and adults,"David W. Springer, Allen Rubin",David W. Springer,2,Young Adult,Young Adult,"Youth, Substance use, Treatment",2009,2000,2000+,17,6,Moderate,False,,,,False,,,,,,,,,,,Unknown,,Not available,False,/works/OL16692439W
Sudden death in the young,Roger W. Byard,Roger W. Byard,1,Young Adult,Young Adult,"Infant, Young Adult, Sudden death",2010,2010,2000+,16,5,Niche,False,,,,False,,,,,,,,,,,Unknown,,Not available,False,/works/OL15939588W
Sunrise on the Reaping,Suzanne Collins,Suzanne Collins,1,Young Adult,Young Adult,"Dystopia, Young Adult, Fantasy",2025,2020,2000+,1,12,Moderate,False,,,,False,,,,,,,,,,,Unknown,,Not available,False,/works/OL43426400W
Sunshield,Emily B. Martin,Emily B. Martin,1,Young Adult,Young Adult,"Series:Outlaw-Road, Fiction, Action & adventure, Fantasy, Dark fantasy",2020,2020,2000+,6,4,Niche,False,,,,False,,,,,,,,,,,Unknown,,Not available,False,/works/OL20905801W
Symptoms of Being Human,Jeff Garvin,Jeff Garvin,1,Young Adult,Young Adult,"Teen, Blog, Anxiety",2016,2010,2000+,10,5,Niche,True,,,,False,,,,,,,,,,,Unknown,,Not available,False,/works/OL17756650W
Teaching Generation M,Vibiana Bowman Cvetkovic,Vibiana Bowman Cvetkovic,1,Young Adult,Young Adult,"Webcomics, Generation Y., Effect of technological innovations on",2009,2000,2000+,17,4,Niche,True,,,,False,,,,,,,,,,,Unknown,,Not available,False,/works/OL15168674W
Terrible Two Get Worse,"Mac Barnett, John Jory",Mac Barnett,2,Young Adult,Young Adult,"Friendship, Fiction, Humorous stories, Moving, Household",2015,2010,2000+,11,11,Moderate,True,4.5,4.0,,False,,,,,,,,,,,Unknown,,Not available,False,/works/OL39186225W
That football game,Francis J. Finn,Francis J. Finn,1,Young Adult,Young Adult,"Football, Football (rugby), Rugby",1897,1890,Pre-1900,129,3,Niche,True,,,,False,,,,,,,,,,,Unknown,,Not available,False,/works/OL16421031W
That's Not What Happened,Kody Keplinger,Kody Keplinger,1,Young Adult,Young Adult,"Bullying, School shootings, Secrecy",2018,2010,2000+,8,4,Niche,False,,,,False,,,,,,,,,,,Unknown,,Not available,False,/works/OL19751537W
The Architect of Song,A. G. Howard,A. G. Howard,1,Young Adult,Young Adult,"Serie:Haunted_Hearts_Legacy, Fantasy, Historical Fiction",2016,2010,2000+,10,4,Niche,False,,,,False,,,,,,,,,,,Unknown,,Not available,False,/works/OL19649824W
The Ballad of Never After,Stephanie Garber,Stephanie Garber,1,Young Adult,Young Adult,"Young-adult, New York Times bestseller, Love",2022,2020,2000+,4,11,Moderate,False,4.56,18.0,416.0,False,Long (350–500),469.0,17.0,37.0,523.0,0.685,,,,,Unknown,,Not available,True,/works/OL27090610W
The Beggar Queen,Lloyd Alexander,Lloyd Alexander,1,Young Adult,Young Adult,"Revolutionaries, Legislative bodies, Juvenile fiction",1984,1980,1950–1999,42,12,Moderate,True,,,360.0,True,Long (350–500),24.0,0.0,8.0,32.0,1.0,,,,,Unknown,,Not available,True,/works/OL1966562W
The Best School Year Ever,Barbara Robinson,Barbara Robinson,1,Young Adult,Young Adult,"Fiction, Humorous stories, Schools",1994,1990,1950–1999,32,10,Moderate,True,,,,False,,,,,,,,,,,Unknown,,Not available,False,/works/OL3534102W
The Black Stallion,Walter Farley,Walter Farley,1,Young Adult,Young Adult,"Walter Farley, Horses, Racing horses",1941,1940,1900–1949,85,36,Popular,True,,,,False,,,,,,,,,,,Unknown,,Not available,False,/works/OL869965W
The Body in the Blitz,Robin Stevens,Robin Stevens,1,Young Adult,Young Adult,"Mystery, Historical Fiction, Crime",2023,2020,2000+,3,3,Niche,False,,,,False,,,,,,,,,,,Unknown,,Not available,False,/works/OL35726012W
The Bronzed Beasts,Roshani Chokshi,Roshani Chokshi,1,Young Adult,Young Adult,"American literature, Fantasy, Young Adult",2021,2020,2000+,5,10,Moderate,False,,,,False,,,,,,,,,,,Unknown,,Not available,False,/works/OL24575351W
The Camerons,Robert Crichton,Robert Crichton,1,Young Adult,Young Adult,"Robert Crichton, YA, Young Adult",1972,1970,1950–1999,54,6,Moderate,True,,,,False,,,,,,,,,,,Unknown,,Not available,False,/works/OL6015928W
The Cat Ate My Gymsuit,Paula Danziger,Paula Danziger,1,Young Adult,Young Adult,"Pledge of Allegiance, PTA, Children’s Middle Grade Books",1974,1970,1950–1999,52,43,Popular,True,,,,False,,,,,,,,,,,Unknown,,Not available,False,/works/OL464931W
The City Boy,Herman Wouk,Herman Wouk,1,Young Adult,Young Adult,"Fiction, General, New york (n.y.)",1948,1940,1900–1949,78,25,Moderate,True,,,,False,,,,,,,,,,,Unknown,,Not available,False,/works/OL729138W
The Court of the Dead,"Rick Riordan, Mark Oshiro",Rick Riordan,2,Young Adult,Young Adult,"Fantasy, Mythology, Young Adult",2025,2020,2000+,1,8,Moderate,False,,,,False,,,,,,,,,,,Unknown,,Not available,False,/works/OL44071772W
The Eagle of the Ninth. 1400 Grundwörter.,"Rosemary Sutcliff, C. Walter Hodges",Rosemary Sutcliff,2,Young Adult,Young Adult,"Rome, History, Fiction, Children's fiction, Adventure and adventurers",1954,1950,1950–1999,72,33,Popular,True,,,,False,,,,,,,,,,,Unknown,,Not available,False,/works/OL1417723W
The Face on the Milk Carton,Caroline B. Cooney,Caroline B. Cooney,1,Young Adult,Young Adult,"Young Adult, Fiction, Parent and child",1990,1990,1950–1999,36,24,Moderate,True,,,,False,,,,,,,,,,,Unknown,,Not available,False,/works/OL12388W
The First 7,Laura Pohl,Laura Pohl,1,Young Adult,Young Adult,"Science Fiction, Young Adult, LGBT",2020,2020,2000+,6,4,Niche,False,,,,False,,,,,,,,,,,Unknown,,Not available,False,/works/OL20756306W
The Gentleman's Guide to Vice and Virtue,Mackenzi Lee,Mackenzi Lee,1,Young Adult,Young Adult,"Best friends, Fiction, Brothers and sisters",2017,2010,2000+,9,9,Moderate,True,,,,False,,,,,,,,,,,Unknown,,Not available,False,/works/OL17867097W
The Ghost Tree,Christina Henry,Christina Henry,1,Young Adult,Young Adult,"Horror, Fantasy, Mystery",2020,2020,2000+,6,4,Niche,False,,,,False,,,,,,,,,,,Unknown,,Not available,False,/works/OL21892224W
The Goblin Emperor,Sarah Monette,Sarah Monette,1,Young Adult,Young Adult,"Fantasy fiction, Goblins, Kings and rules",2014,2010,2000+,12,10,Moderate,True,,,,False,,,,,,,,,,,Unknown,,Not available,False,/works/OL17270804W
The Good Vampire's Guide to Blood and Boyfriends,Jamie D'Amato,Jamie D'Amato,1,Young Adult,Young Adult,"Romance, Fantasy, Vampires",2025,2020,2000+,1,4,Niche,False,,,,False,,,,,,,,,,,Unknown,,Not available,False,/works/OL44277406W
The Great Gilly Hopkins (M Books),Katherine Paterson,Katherine Paterson,1,Young Adult,Young Adult,"Children, Children's, Kid's",1978,1970,1950–1999,48,38,Popular,True,,,,False,,,,,,,,,,,Unknown,,Not available,False,/works/OL27086W
The Hate U Give,Angie Thomas,Angie Thomas,1,Young Adult,Young Adult,"Black lives matter, Fiction, National Book Awards Longlist",2017,2010,2000+,9,59,Popular,True,,,,False,,,,,,,,,,,Unknown,,Not available,False,/works/OL17714701W
The Henna Wars,Adiba Jaigirdar,Adiba Jaigirdar,1,Young Adult,Young Adult,"Fiction, Romance, General, LGBT",2020,2020,2000+,6,4,Niche,False,,,,False,,,,,,,,,,,Unknown,,Not available,False,/works/OL20734491W
The House Saphir,Marissa Meyer,Marissa Meyer,1,Young Adult,Young Adult,"Fantasy, Retelling, Story retelling",2025,2020,2000+,1,4,Niche,False,,,,False,,,,,,,,,,,Unknown,,Not available,False,/works/OL42439464W
The Impossible Knife of Memory,Laurie Halse Anderson,Laurie Halse Anderson,1,Young Adult,Young Adult,"Father-daughter, Young adult, Teenagers",2014,2010,2000+,12,13,Moderate,True,,,,False,,,,,,,,,,,Unknown,,Not available,False,/works/OL16817448W
The Infinite Sea,Richard Yancey,Richard Yancey,1,Young Adult,Young Adult,"Aliens, Survival skills, War stories",2014,2010,2000+,12,19,Moderate,True,,,,False,,,,,,,,,,,Unknown,,Not available,False,/works/OL17305107W
The Invention of Hugo Cabret,Brian Selznick,Brian Selznick,1,Young Adult,Young Adult,"Historical fiction, Juvenile fiction, Railroad stations",1920,1920,1900–1949,106,16,Moderate,True,,,,False,,,,,,,,,,,Unknown,,Not available,False,/works/OL50231W
The Iron King,Julie Kagawa,Julie Kagawa,1,Young Adult,Young Adult,"Fiction, Young Adult, Young Adult Fiction",2010,2010,2000+,16,4,Niche,True,,,,False,,,,,,,,,,,Unknown,,Not available,False,/works/OL15170853W
The Ivies,Alexa Donne,Alexa Donne,1,Young Adult,Young Adult,"Thriller, Young adult",2021,2020,2000+,5,4,Niche,False,,,,False,,,,,,,,,,,Unknown,,Not available,False,/works/OL24319443W
The Knife of Never Letting Go,"Patrick Ness, Nick Podehl",Patrick Ness,2,Young Adult,Young Adult,"Fiction, Human-animal communication, Science fiction",2008,2000,2000+,18,16,Moderate,True,,,,False,,,,,,,,,,,Unknown,,Not available,False,/works/OL6073271W
The Lady's Guide to Petticoats and Piracy,Mackenzi Lee,Mackenzi Lee,1,Young Adult,Young Adult,"Juvenile fiction, History, Self-actualization (Psychology) in adolescence",2018,2010,2000+,8,6,Moderate,False,,,,False,,,,,,,,,,,Unknown,,Not available,False,/works/OL18148233W
The Last Olympian The Graphic Novel,"Robert Venditti, Rick Riordan",Robert Venditti,2,Young Adult,Young Adult,"Children's fiction, Cartoons and comics, Monsters, Fiction",2019,2010,2000+,7,6,Moderate,False,,,,False,,,,,,,,,,,Unknown,,Not available,False,/works/OL20456365W
The Last True Poets of the Sea,Julia Drake,Julia Drake,1,Young Adult,Young Adult,"Young Adult, Contemporary, LGBT",2019,2010,2000+,7,4,Niche,False,,,,False,,,,,,,,,,,Unknown,,Not available,False,/works/OL20417371W
The Lemonade War,Jacqueline Davies,Jacqueline Davies,1,Young Adult,Young Adult,"Brothers and sisters, Juvenile fiction, Lemonade",2007,2000,2000+,19,27,Popular,True,,,,False,,,,,,,,,,,Unknown,,Not available,False,/works/OL4101318W
The Lifeguard,Richie Tankersley Cusick,Richie Tankersley Cusick,1,Young Adult,Young Adult,"Thriller, Teen, Young Adult",1988,1980,1950–1999,38,5,Niche,True,,,,False,,,,,,,,,,,Unknown,,Not available,False,/works/OL3585482W
The Lives of Saints,Leigh Bardugo,Leigh Bardugo,1,Young Adult,Young Adult,"Nyt:young-adult-hardcover=2020-10-25, New York Times bestseller, Young adult fiction, Fantasy, General",2019,2010,2000+,7,8,Moderate,True,,,,False,,,,,,,,,,,Unknown,,Not available,False,/works/OL21710664W
The Looking Glass Wars,Frank Beddor,Frank Beddor,1,Young Adult,Young Adult,"Series:The-Looking-Glass-Wars, Fantasy, Characters in literature",2004,2000,2000+,22,13,Moderate,True,,,,False,,,,,,,,,,,Unknown,,Not available,False,/works/OL8122279W
The Lost Hero The Graphic Novel,"Rick Riordan, Robert Venditti",Rick Riordan,2,Young Adult,Young Adult,"Hera (Greek deity), Adaptations, Greek Mythology",2014,2010,2000+,12,5,Niche,False,,,,False,,,,,,,,,,,Unknown,,Not available,False,/works/OL19360520W
The Madness Underneath,Maureen Johnson,Maureen Johnson,1,Young Adult,Young Adult,"Young adult, Police, Teenagers",2013,2010,2000+,13,9,Moderate,True,,,,False,,,,,,,,,,,Unknown,,Not available,False,/works/OL16817446W
The Mark of Athena Graphic Novel,"Rick Riordan, Robert Venditti",Rick Riordan,2,Young Adult,Young Adult,"Serie:The_Heroes_of_Olympus_Graphic_Novels, Graphic Novels & Comics, Kids",2023,2020,2000+,3,4,Niche,False,,,,False,,,,,,,,,,,Unknown,,Not available,False,/works/OL34276643W
The Merchant of Death (Pendragon #1),D. J. MacHale,D. J. MacHale,1,Young Adult,Young Adult,"Imaginary places, Fantasy fiction, Juvenile fiction",2002,2000,2000+,24,14,Moderate,True,3.93,15.0,360.0,True,Long (350–500),89.0,9.0,25.0,123.0,0.735,,,,,Unknown,,Not available,True,/works/OL4086564W
The Prince Commands,"Andre Norton, Kate Seredy",Andre Norton,2,Young Adult,Young Adult,"Adventure, Action, Suspense",1934,1930,1900–1949,92,7,Moderate,True,,,,False,,,,,,,,,,,Unknown,,Not available,False,/works/OL473287W
The Raven King,Maggie Stiefvater,Maggie Stiefvater,1,Young Adult,Young Adult,"Family secrets, Young adult fiction, Magic",2016,2010,2000+,10,12,Moderate,False,,,,False,,,,,,,,,,,Unknown,,Not available,False,/works/OL17357734W
The Reappearance of Rachel Price,Holly Jackson,Holly Jackson,1,Young Adult,Young Adult,"Children's fiction, Nyt:young-adult-hardcover=2024-04-21, New York Times bestseller",2024,2020,2000+,2,18,Moderate,False,,,,False,,,,,,,,,,,Unknown,,Not available,False,/works/OL37572598W
The Rose Bargain,Sasha Peyton Smith,Sasha Peyton Smith,1,Young Adult,Young Adult,"Fantasy, Romance, Romantasy",2025,2020,2000+,1,10,Moderate,False,,,,False,,,,,,,,,,,Unknown,,Not available,False,/works/OL42406366W
The Spirit Bares Its Teeth,Andrew Joseph White,Andrew Joseph White,1,Young Adult,Young Adult,"Nyt:young-adult-hardcover=2023-09-24, New York Times bestseller, Transgender people",2023,2020,2000+,3,6,Moderate,False,,,,False,,,,,,,,,,,Unknown,,Not available,False,/works/OL34061150W
The State of Us,Shaun David Hutchinson,Shaun David Hutchinson,1,Young Adult,Young Adult,"Children's fiction, Young adult fiction, Romance, Lgbtq+",2020,2020,2000+,6,4,Niche,False,,,,False,,,,,,,,,,,Unknown,,Not available,False,/works/OL20760191W
The Strange Case of Origami Yoda,Tom Angleberger,Tom Angleberger,1,Young Adult,Young Adult,"Fiction, Finger puppets, Middle schools",2010,2010,2000+,16,13,Moderate,True,,,,False,,,,,,,,,,,Unknown,,Not available,False,/works/OL15025522W
The Sun and the Star,"Rick Riordan, Mark Oshiro",Rick Riordan,2,Young Adult,Young Adult,"Fantasy, Mythology, LGBT",2023,2020,2000+,3,14,Moderate,False,,,,False,,,,,,,,,,,Unknown,,Not available,False,/works/OL28868481W
The Taking of Jake Livingston,Ryan Douglass,Ryan Douglass,1,Young Adult,Young Adult,"Nyt:young-adult-hardcover=2021-08-01, New York Times bestseller, Young adult fiction, Ghost stories",2021,2020,2000+,5,4,Niche,False,,,,False,,,,,,,,,,,Unknown,,Not available,False,/works/OL24744269W
The Titan's Curse The Graphic Novel,"Robert Venditti, Rick Riordan",Robert Venditti,2,Young Adult,Young Adult,"Serie:Percy_Jackson_&_the_Olympians_Graphic_Novels, Adaptations, Greek Mythology",2013,2010,2000+,13,9,Moderate,True,,,,False,,,,,,,,,,,Unknown,,Not available,False,/works/OL16591738W
The Whipping Boy,Sid Fleischman,Sid Fleischman,1,Young Adult,Young Adult,"Children, Childrens, Kid's",1986,1980,1950–1999,40,37,Popular,True,,,,False,,,,,,,,,,,Unknown,,Not available,False,/works/OL114726W
The Wild Robot,Peter Brown,Peter Brown,1,Young Adult,Young Adult,"Juvenile Fiction, Juvenile literature, Animals",2016,2010,2000+,10,19,Moderate,True,,,,False,,,,,,,,,,,Unknown,,Not available,False,/works/OL17365087W
"The Wood Queen (The Iron Witch Trilogy, Book 2)",Karen Mahoney,Karen Mahoney,1,Young Adult,Young Adult,"Fantasy, Paranormal, Romance",2012,2010,2000+,14,6,Moderate,True,,,,False,,,,,,,,,,,Unknown,,Not available,False,/works/OL16167380W
The different girl,Gordon Dahlquist,Gordon Dahlquist,1,Young Adult,Young Adult,"Body, Survival Stories, Action & Adventure",2013,2010,2000+,13,4,Niche,True,,,,False,,,,,,,,,,,Unknown,,Not available,False,/works/OL17725180W
The lost star,H. M. (Helen Mary) Hoover,H. M. (Helen Mary) Hoover,1,Young Adult,Young Adult,"Science fiction, Fiction in English, Young adult",1979,1970,1950–1999,47,4,Niche,True,,,,False,,,,,,,,,,,Unknown,,Not available,False,/works/OL3349478W
The sub,"P. J. Petersen, Meredith Johnson",P. J. Petersen,2,Young Adult,Young Adult,"Juvenile fiction, Fiction, Substitute teachers",1993,1990,1950–1999,33,5,Niche,True,,,,False,,,,,,,,,,,Unknown,,Not available,False,/works/OL15105098W
Thirteenth Child,Patricia C. Wrede,Patricia C. Wrede,1,Young Adult,Young Adult,"Frontier Magic, Young Adult, Magic",2009,2000,2000+,17,5,Niche,True,,,,False,,,,,,,,,,,Unknown,,Not available,False,/works/OL2660313W
This Is Kind of an Epic Love Story,Kacen Callender,Kacen Callender,1,Young Adult,Young Adult,"Mothers and sons, Deaf, Bisexuality",2018,2010,2000+,8,6,Moderate,True,,,,False,,,,,,,,,,,Unknown,,Not available,False,/works/OL19762162W
This Is My America,Kim Johnson,Kim Johnson,1,Young Adult,Young Adult,"Children's fiction, Young adult, Judicial error",2020,2020,2000+,6,5,Niche,True,,,,False,,,,,,,,,,,Unknown,,Not available,False,/works/OL20758839W
This Poison Heart,"Kalynn Bayron, Paz Pruneda Gozálvez",Kalynn Bayron,2,Young Adult,Young Adult,"Fiction, Romance, Lesbians",2021,2020,2000+,5,5,Niche,False,,,,False,,,,,,,,,,,Unknown,,Not available,False,/works/OL24498543W
Tithe,Chani Lynn Feener,Chani Lynn Feener,1,Young Adult,Young Adult,"Fiction, Fantasy, General, Romance, Fae",2019,2010,2000+,7,5,Niche,False,,,,False,,,,,,,,,,,Unknown,,Not available,False,/works/OL28832028W
Tom Swift and his Sky Racer,Victor Appleton,Victor Appleton,1,Young Adult,Young Adult,"Victor Appleton, American, Children",1911,1910,1900–1949,115,13,Moderate,False,,,,False,,,,,,,,,,,Unknown,,Not available,False,/works/OL3581422W
Too Bright to See,Kyle Lukoff,Kyle Lukoff,1,Young Adult,Young Adult,"New York Times reviewed, Newbery honor, Juvenile",2021,2020,2000+,5,5,Niche,False,,,,False,,,,,,,,,,,Unknown,,Not available,False,/works/OL24508355W
Transitions in Care,Howard A. Wolpert,Howard A. Wolpert,1,Young Adult,Young Adult,"Health and hygiene, Young adult, Adolescent",2004,2000,2000+,22,3,Niche,True,,,,False,,,,,,,,,,,Unknown,,Not available,False,/works/OL13655685W
Twisted,Gena Showalter,Gena Showalter,1,Young Adult,Young Adult,"Kings and rulers, Vampires, Werewolves",2011,2010,2000+,15,9,Moderate,True,,,,False,,,,,,,,,,,Unknown,,Not available,False,/works/OL17484393W
Two Against the North,Farley Mowat,Farley Mowat,1,Young Adult,Young Adult,"Juvenile Fiction, YA, Young adult",1972,1970,1950–1999,54,4,Niche,True,,,,False,,,,,,,,,,,Unknown,,Not available,False,/works/OL15391819W
Understanding HIV and STI Prevention for College Students,"Leo Wilton, Robert T. Palmer, Dina C. Maramba",Leo Wilton,3,Young Adult,Young Adult,"Aids (disease), Prevention, Sexually transmitted diseases, College students",2014,2010,2000+,12,7,Moderate,False,,,,False,,,,,,,,,,,Unknown,,Not available,False,/works/OL21271998W
Unraveled,Gena Showalter,Gena Showalter,1,Young Adult,Young Adult,"New York Times bestseller, Nyt:chapter_books=2010-08-29, Kings and rulers",2010,2010,2000+,16,7,Moderate,True,,,,False,,,,,,,,,,,Unknown,,Not available,False,/works/OL15358681W
Until the End,Derek Landy,Derek Landy,1,Young Adult,Young Adult,"Fantasy, Young adult, Magic",2022,2020,2000+,4,6,Moderate,False,,,,False,,,,,,,,,,,Unknown,,Not available,False,/works/OL26511866W
Vampire Academy,Richelle Mead,Richelle Mead,1,Young Adult,"Romance, Young Adult","Urban fantasy, Romance, Young adult",2008,2000,2000+,18,5,Niche,False,,,,False,,,,,,,,,,,Unknown,,Not available,False,/works/OL16806066W
Vampire Kisses 9,Ellen Schreiber,Ellen Schreiber,1,Young Adult,Young Adult,"Fiction, JUVENILE FICTION / Legends, Myths, Fables / General, JUVENILE FICTION / General",2012,2010,2000+,14,4,Niche,True,,,,False,,,,,,,,,,,Unknown,,Not available,False,/works/OL16529183W
When we were Vikings,Andrew David MacDonald,Andrew David MacDonald,1,Young Adult,Young Adult,"English literature, Young women, Fiction, Brothers and sisters",2020,2020,2000+,6,6,Moderate,False,,,,False,,,,,,,,,,,Unknown,,Not available,False,/works/OL20640528W
White Banners,Lloyd C. Douglas,Lloyd C. Douglas,1,Young Adult,Young Adult,"Christian, Lloyd C. Douglas, Grade 9",1936,1930,1900–1949,90,6,Moderate,True,,,,False,,,,,,,,,,,Unknown,,Not available,False,/works/OL12589W
Wisteria,Adalyn Grace,Adalyn Grace,1,Young Adult,Young Adult,"Fantasy, Romance, Young Adult",2024,2020,2000+,2,5,Niche,False,,,,False,,,,,,,,,,,Unknown,,Not available,False,/works/OL37618054W
Wonder,R. J. Palacio,R. J. Palacio,1,Young Adult,Young Adult,"Health, Daily living, Mainstreaming",2001,2000,2000+,25,55,Popular,True,,,,False,,,,,,,,,,,Unknown,,Not available,False,/works/OL16142094W
Worldshaker,Richard Harland,Richard Harland,1,Young Adult,Young Adult,"Fantasy, Juvenile fiction, Social classes",2009,2000,2000+,17,5,Niche,True,,,,False,,,,,,,,,,,Unknown,,Not available,False,/works/OL15439984W
You Shouldn't Have to Say Goodbye,Patricia Hermes,Patricia Hermes,1,Young Adult,Young Adult,"Death, Fiction, Mothers and daughters",1982,1980,1950–1999,44,11,Moderate,True,,,360.0,True,Long (350–500),6.0,0.0,3.0,9.0,1.0,,,,,Unknown,,Not available,True,/works/OL15157127W
You've Reached Sam,Dustin Thao,Dustin Thao,1,Young Adult,Young Adult,"Children's fiction, Young adult, Contemporary",2021,2020,2000+,5,8,Moderate,False,,,,False,,,,,,,,,,,Unknown,,Not available,False,/works/OL24457490W
Young People and the Aesthetics of Health Promotion,"Kerry Montero, Peter Kelly",Kerry Montero,2,Young Adult,Young Adult,"Health promotion, Health education, Health behavior",2016,2010,2000+,10,6,Moderate,True,,,,False,,,,,,,,,,,Unknown,,Not available,False,/works/OL21281390W
Young People and the Struggle for Participation,"Andreas Walther, Janet Batsleer, Patricia Loncle, Axel Pohl",Andreas Walther,4,Young Adult,Young Adult,"Social history, Social participation, Young adults",2019,2010,2000+,7,6,Moderate,False,,,,False,,,,,,,,,,,Unknown,,Not available,False,/works/OL25324994W
Young people and leisure,"Leigh, John",Leigh,2,Young Adult,Young Adult,"Youth, Recreation, Jugend",1971,1970,1950–1999,55,5,Niche,True,,,,False,,,,,,,,,,,Unknown,,Not available,False,/works/OL3098285W
Youthquake,Kenneth Leech,Kenneth Leech,1,Young Adult,Young Adult,"Youth, Drug use, Religious life",1973,1970,1950–1999,53,3,Niche,True,,,,False,,,,,,,,,,,Unknown,,Not available,False,/works/OL3519442W
Zoey plays games,Katherine Applegate,Katherine Applegate,1,Young Adult,Young Adult,"Young Adult, Young Adult Fiction, Fiction",1996,1990,1950–1999,30,7,Moderate,True,,,,False,,,,,,,,,,,Unknown,,Not available,False,/works/OL27833W
君の膵臓をたべたい (light novel),住野よる,住野よる,1,Young Adult,Young Adult,"Terminally ill, Man-woman relationships, Fiction",2015,2010,2000+,11,4,Niche,False,,,,False,,,,,,,,,,,Unknown,,Not available,False,/works/OL20010923W
아몬드,Won-Pyung Sohn,Won-Pyung Sohn,1,Young Adult,Young Adult,"Fiction, Coming of age, Asian american, Teenage boys",2020,2020,2000+,6,8,Moderate,False,,,,False,,,,,,,,,,,Unknown,,Not available,False,/works/OL20758187W
